v VICTORYDEVICE
# silvaco.file ASCII version=1.14.29 format=1 contents=SDB,Tables=1

Copyright "###################################################################"
Copyright "#                    Copyright Silvaco Inc. (c)                   #"
Copyright "#                            1992-2014                            #"
Copyright "#                                                                 #"
Copyright "# This file format and the following Key are copyright Silvaco    #"
Copyright "# International. You may not use, this format or key without      #"
Copyright "# reproducing this message in full and obtaining                  #"
Copyright "# express written permission from Silvaco Inc.                    #"
Copyright "#                                                                 #"
Copyright "# To obtain such permission please contact: Silvaco Inc.          #"
Copyright "#                                           support@silvaco.com   #"
Copyright "#                                                                 #"
Copyright "# KEY=SVC86hn7562asdx                       PROD=345              #"
Copyright "###################################################################"
#This file was created by VICTORYDEVICE version 1.24.0.R
#victoryd 1.24.0.R (Wed Jun 26 14:38:19 PDT 2024)
#libSDB 1.12.65 (Thu Dec  7 08:14:05 PST 2023)
a VICTORYDEVICE
j 1 9
k 4
r 1 92
x 3 43 42 46
w source 1 1
r 2 92
x 3 43 42 46
w gate 1 2
r 3 92
x 3 43 42 46
w drain 1 3
r 4 92
x 3 43 42 46
w substrate 1 4
y 1 15
z 300
f 4 source gate drain substrate
p 12 2 601 20 3 602 21 4 603 22 5 604 23
d 0 0 -7.3426359350300197e-29 0 0 -3.6493129093391766e-37 0.01 0.01 7.3426359715268988e-29 0 0 -9.5868003793453264e-44
d 0 0 -3.5856960627990978e-28 0 0 -4.1222284900032796e-36 0.1 0.1 3.5856961040214763e-28 0 0 -9.3695235825324997e-42
d 0 0 -3.7462464741926031e-28 0 0 -1.0712610093270594e-35 0.3 0.3 3.7462465815280616e-28 0 0 -2.0935755262578499e-38
d 0 0 -3.7516387047688349e-28 0 0 -1.7743470463712913e-35 0.5 0.5 3.7516393071413964e-28 0 0 -4.2493785669788104e-35
d 0 0 -3.7529499725255436e-28 0 0 -2.4791593269384005e-35 0.75 0.75 3.7529982983832854e-28 0 0 -4.8077941809540148e-33
d 0 0 -3.7541539353450044e-28 0 0 -1.4505468199106755e-34 1 1 3.7560896299199791e-28 0 0 -1.9342440282028486e-31
d 0 0 -3.7550365135770944e-28 0 0 -7.503026598050582e-32 1.25 1.25 3.7687468397135204e-28 0 0 -1.296002347662093e-30
d 0 0 -3.7557241193709874e-28 0 0 -2.2812136117487612e-31 1.5 1.5 3.8246476133939048e-28 0 0 -6.6642280411158096e-30
d 0 0 -3.7566602721328155e-28 0 0 -3.4198313644342449e-31 1.75 1.75 3.846180280239358e-28 0 0 -8.6100176742108496e-30
d 0 0 -3.7577591845692562e-28 0 0 -4.311266018724071e-31 2 2 3.8556410955690911e-28 0 0 -9.3570644981142641e-30
d 0 0 -3.7602190176187421e-28 0 0 -6.1220695334778378e-31 2.5 2.5 3.875525834391252e-28 0 0 -1.0918474723904378e-29
d 0 0 -3.7615219391894471e-28 0 0 -7.0600497690778938e-31 2.75 2.75 3.8901816992708913e-28 0 0 -1.215997103123746e-29
d 0 0 -3.7628367214893714e-28 0 0 -7.9921131171103139e-31 3 3 3.9081565729321464e-28 0 0 -1.3732773832566383e-29
d 0 0 -3.7641403973625657e-28 0 0 -8.77557496511195e-31 3.25 3.25 3.9247751943303717e-28 0 0 -1.5185922200268818e-29
d 0 0 -3.7654153908556174e-28 0 0 -9.5375508826181459e-31 3.5 3.5 3.9356877385785933e-28 0 0 -1.6073479684035023e-29
d 0 0 -3.7678305747288868e-28 0 0 -1.1133614284616922e-30 4 4 3.9480296255531391e-28 0 0 -1.6906543653963521e-29
d 0 0 -3.7689725077984184e-28 0 0 -1.1689181823960579e-30 4.25 4.25 3.9699882894613893e-28 0 0 -1.8932659983900853e-29
d 0 0 -3.7700541672308439e-28 0 0 -1.2177592324047306e-30 4.5 4.5 3.9945520178929233e-28 0 0 -2.1232025833803587e-29
d 0 0 -3.7720009385614912e-28 0 0 -1.3180055889170591e-30 5 5 4.0121973836837609e-28 0 0 -2.2701638923309896e-29
d 0 0 -3.7736920723498359e-28 0 0 -1.4108778977656534e-30 5.5 5.5 4.0214028981934687e-28 0 0 -2.3360204686607519e-29
d 0 0 -3.7751169335379075e-28 0 0 -1.4777620835391025e-30 6 6 4.0279745793291241e-28 0 0 -2.3808002495582546e-29
d 0 0 -3.7761922915019974e-28 0 0 -1.54637161435674e-30 6.5 6.5 4.0338253284737175e-28 0 0 -2.4216932082815291e-29
d 0 0 -3.7767736932129014e-28 0 0 -1.6091191995744859e-30 7 7 4.0390479419971223e-28 0 0 -2.4618305678870843e-29
d 0 0 -3.7769657408151781e-28 0 0 -1.6532289824687271e-30 7.5 7.5 4.0435400098020924e-28 0 0 -2.5004197916325943e-29
d 0 0 -3.7770327406943789e-28 0 0 -1.6987355278140316e-30 8 8 4.0480549660037324e-28 0 0 -2.5403487003121365e-29
d 0 0 -3.7770775482198873e-28 0 0 -1.7446159998271891e-30 8.5 8.5 4.0523047767451692e-28 0 0 -2.5778106852579544e-29
d 0 0 -3.7771179982396288e-28 0 0 -1.7784755464456615e-30 9 9 4.0552857260210454e-28 0 0 -2.6038297231633612e-29
d 0 0 -3.7771567490019946e-28 0 0 -1.8104393622767382e-30 9.5 9.5 4.057914973898833e-28 0 0 -2.6265383127404936e-29
d 0 0 -3.7771943248946094e-28 0 0 -1.8434448922281507e-30 10 10 4.0610258435525696e-28 0 0 -2.6539706973486998e-29
d 0 0 -3.7772307241345171e-28 0 0 -1.871064036896729e-30 10.5 10.5 4.0633195504888306e-28 0 0 -2.6737818598528265e-29
d 0 0 -3.7772652398021106e-28 0 0 -1.8985150360960763e-30 11 11 4.0659442426800556e-28 0 0 -2.6969385251679928e-29
d 0 0 -3.7773022346770905e-28 0 0 -1.9281198290138144e-30 11.5 11.5 4.0692419363418326e-28 0 0 -2.7265850337429203e-29
d 0 0 -3.7773514655572744e-28 0 0 -1.9853066309991459e-30 12 12 4.0724017248864541e-28 0 0 -2.7519719301961043e-29
d 0 0 -3.777437514727411e-28 0 0 -2.0123065638300148e-30 12.5 12.5 4.0760743072920966e-28 0 0 -2.7851372692615381e-29
d 0 0 -3.7776107401516441e-28 0 0 -2.0348402055507111e-30 13 13 4.0803702978049927e-28 0 0 -2.8241115559738059e-29
d 0 0 -3.7778983233936141e-28 0 0 -2.0541297969482071e-30 13.5 13.5 4.0866121987192838e-28 0 0 -2.8817257735620104e-29
d 0 0 -3.7781803020181577e-28 0 0 -2.0716858864660584e-30 14 14 4.0944228300460726e-28 0 0 -2.9552566916325434e-29
d 0 0 -3.7783899624926556e-28 0 0 -2.0882645784867967e-30 14.5 14.5 4.0992450596949099e-28 0 0 -2.9997245141732417e-29
d 0 0 -3.7785685310929278e-28 0 0 -2.1042860276827524e-30 15 15 4.1014177718505016e-28 0 0 -3.0180638048092104e-29
d 0 0 -3.7787445413741223e-28 0 0 -2.1200062959956604e-30 15.5 15.5 4.1029988653354441e-28 0 0 -3.0305426100124682e-29
d 0 0 -3.7789257092860572e-28 0 0 -2.1355426625739725e-30 16 16 4.1042555948527943e-28 0 0 -3.0397445894102002e-29
d 0 0 -3.7791124765606142e-28 0 0 -2.1509414615554569e-30 16.5 16.5 4.1050643125124073e-28 0 0 -3.0444242133606496e-29
d 0 0 -3.7793037570339251e-28 0 0 -2.1353029754474935e-30 17 17 4.105586343953243e-28 0 0 -3.046205961471232e-29
d 0 0 -3.7794992356194496e-28 0 0 -2.1484841729452405e-30 17.5 17.5 4.1060489279041166e-28 0 0 -3.0473702193999345e-29
d 0 0 -3.7796999336345816e-28 0 0 -2.1960583827479179e-30 18 18 4.1066397028891143e-28 0 0 -3.0497918542720691e-29
d 0 0 -3.7801261785880693e-28 0 0 -2.2243873767051559e-30 19 19 4.1088715542746509e-28 0 0 -3.0650149859829566e-29
d 0 0 -3.780354811735639e-28 0 0 -2.237930527518957e-30 19.5 19.5 4.1105225802636948e-28 0 0 -3.0778846325320767e-29
d 0 0 -3.7805876223854128e-28 0 0 -2.2516252395093107e-30 20 20 4.1120924540765442e-28 0 0 -3.089885792959868e-29
d 0 0 -3.7808352709700504e-28 0 0 -2.2646613508696863e-30 20.5 20.5 4.1133856007883976e-28 0 0 -3.099037163094925e-29
d 0 0 -3.7811033657451297e-28 0 0 -2.276742449555268e-30 21 21 4.1144302813019929e-28 0 0 -3.1055949106148363e-29
d 0 0 -3.7817349349673527e-28 0 0 -2.2963658474851363e-30 22 22 4.1163855554180791e-28 0 0 -3.1168696197587472e-29
d 0 0 -3.7824558525375458e-28 0 0 -2.3127783779004193e-30 23 23 4.1181176977270225e-28 0 0 -3.1253409892137849e-29
d 0 0 -3.7828416149100094e-28 0 0 -2.2507959052103623e-30 23.5 23.5 4.1187100003488259e-28 0 0 -3.1266731198534443e-29
d 0 0 -3.7832403468653925e-28 0 0 -2.2535851175188976e-30 24 24 4.1191348864818437e-28 0 0 -3.1262488155474273e-29
d 0 0 -3.7840606370579097e-28 0 0 -2.3395767712682303e-30 25 25 4.1197033637660493e-28 0 0 -3.122469589892765e-29
d 0 0 -3.784857196338548e-28 0 0 -2.3525610640284628e-30 26 26 4.1201114354138523e-28 0 0 -3.1172862328318408e-29
d 0 0 -3.7856135070591458e-28 0 0 -2.3936693775377284e-30 27 27 4.1207696719889595e-28 0 0 -3.1121947086486929e-29
d 0 0 -3.7863515817306499e-28 0 0 -2.4120474238148071e-30 28 28 4.1211760392517332e-28 0 0 -3.1070475135026042e-29
d 0 0 -3.7870654090259157e-28 0 0 -2.4236857145029695e-30 29 29 4.1215124827032002e-28 0 0 -3.1021021104909953e-29
d 0 0 -3.7877521907989028e-28 0 0 -2.4346340280330554e-30 30 30 4.1218415231414625e-28 0 0 -3.0974299202921408e-29
d 0 0 -3.7884113895327172e-28 0 0 -2.4449054884550546e-30 31 31 4.1221622643295117e-28 0 0 -3.093018080292935e-29
d 0 0 -3.7890438543329329e-28 0 0 -2.4545888496316509e-30 32 32 4.1224739987066086e-28 0 0 -3.088843008469824e-29
d 0 0 -3.7896511221544267e-28 0 0 -2.4637404069231486e-30 33 33 4.1227764251517654e-28 0 0 -3.0848789881474347e-29
d 0 0 -3.7902349969659258e-28 0 0 -2.4724460766591278e-30 34 34 4.1230696286171461e-28 0 0 -3.0811017081670543e-29
d 0 0 -3.7907973134583292e-28 0 0 -2.4807891058717126e-30 35 35 4.1233540079230106e-28 0 0 -3.077489445174214e-29
d 0 0 -3.7913397728513977e-28 0 0 -2.4888572713829192e-30 36 36 4.1236301866544095e-28 0 0 -3.0740231296221532e-29
d 0 0 -3.7918635944325523e-28 0 0 -2.4974441614680906e-30 37 37 4.123898802166507e-28 0 0 -3.0706857065066639e-29
d 0 0 -3.792365686676819e-28 0 0 -2.5048078233553764e-30 38 38 4.1241583389754501e-28 0 0 -3.0674580961860168e-29
d 0 0 -3.7928283123000057e-28 0 0 -2.5141045733267205e-30 39 39 4.12439904502215e-28 0 0 -3.0643050000107695e-29
d 0 0 -3.7932852105235432e-28 0 0 -2.5231443410549704e-30 40 40 4.1246399923519278e-28 0 0 -3.0612395218580253e-29
d 0 0 -3.7937539776563164e-28 0 0 -2.5307471461595925e-30 41 41 4.1248921608348963e-28 0 0 -3.0582770202066308e-29
d 0 0 -3.7942147973357411e-28 0 0 -2.5391252120135346e-30 42 42 4.1251449692514532e-28 0 0 -3.0553891921913951e-29
d 0 0 -3.7946661188756699e-28 0 0 -2.5477165230395691e-30 43 43 4.125397760156189e-28 0 0 -3.0525652297503064e-29
d 0 0 -3.7951081306435847e-28 0 0 -2.556265700561005e-30 44 44 4.125650479462956e-28 0 0 -3.0497969090268181e-29
d 0 0 -3.7955410693117843e-28 0 0 -2.5655285542242974e-30 45 45 4.1259025266326358e-28 0 0 -3.0470775959946522e-29
d 0 0 -3.7959644925607743e-28 0 0 -2.5748201861964568e-30 46 46 4.1261524975929842e-28 0 0 -3.0443985108315755e-29
d 0 0 -3.7963719147424316e-28 0 0 -2.5844984640605071e-30 47 47 4.1263944600621278e-28 0 0 -3.0417390025542778e-29
d 0 0 -3.7967476848956578e-28 0 0 -2.596438826068124e-30 48 48 4.1266164995482436e-28 0 0 -3.0390573138411108e-29
d 0 0 -3.7971237385041396e-28 0 0 -2.6410801244822923e-30 49 49 4.1272801074268671e-28 0 0 -3.0371637940134496e-29
d 0 0 -3.797485553641845e-28 0 0 -2.6067595135371866e-30 50 50 4.1274901202609498e-28 0 0 -3.0344976748594385e-29
d 0 0 -3.797842715136788e-28 0 0 -2.6666997397986407e-30 51 51 4.1276928481627097e-28 0 0 -3.0318313561928601e-29
d 0 0 -3.7981962365168601e-28 0 0 -2.6776741568820449e-30 52 52 4.1278885368299031e-28 0 0 -3.0291555874306779e-29
d 0 0 -3.7985472220988973e-28 0 0 -2.6883796116652728e-30 53 53 4.1280769628228164e-28 0 0 -3.0264594460175073e-29
d 0 0 -3.798896735492084e-28 0 0 -2.6988065853328171e-30 54 54 4.1282580902758679e-28 0 0 -3.0237328893015357e-29
d 0 0 -3.799245554266984e-28 0 0 -2.7089548137962721e-30 55 55 4.1284320564487478e-28 0 0 -3.0209695404246858e-29
d 0 0 -3.7995938142693104e-28 0 0 -2.7188280524127819e-30 56 56 4.1285991558158231e-28 0 0 -3.0181706102030138e-29
d 0 0 -3.7999407255716009e-28 0 0 -2.7284284813167436e-30 57 57 4.1287598156637019e-28 0 0 -3.0153480527962523e-29
d 0 0 -3.8002854523783753e-28 0 0 -2.7377585185802801e-30 58 58 4.1289145409630209e-28 0 0 -3.0125150338934215e-29
d 0 0 -3.8006267615966826e-28 0 0 -2.7468169798771935e-30 59 59 4.1290638734681293e-28 0 0 -3.0096894130895716e-29
d 0 0 -3.8009633758416606e-28 0 0 -2.7556022410989895e-30 60 60 4.1292083358894358e-28 0 0 -3.0068893743689966e-29
d 0 0 -3.8012941078787799e-28 0 0 -2.7641143493936774e-30 61 61 4.1293483828116716e-28 0 0 -3.004131314353497e-29
d 0 0 -3.8016178760916249e-28 0 0 -2.7723615531907141e-30 62 62 4.1294843313733062e-28 0 0 -3.0014283974977114e-29
d 0 0 -3.8019331142821314e-28 0 0 -2.7803921333237971e-30 63 63 4.1296160128317345e-28 0 0 -2.9987897721636524e-29
d 0 0 -3.8022291327607876e-28 0 0 -2.7887180871471529e-30 64 64 4.1297381175024197e-28 0 0 -2.9962180387014628e-29
d 0 0 -3.8025133181014065e-28 0 0 -2.797016796847905e-30 65 65 4.1298548548169015e-28 0 0 -2.9937136874701605e-29
d 0 0 -3.8028009495593191e-28 0 0 -2.8045388655436078e-30 66 66 4.1299746550779993e-28 0 0 -2.9912831686324432e-29
d 0 0 -3.8030885314224845e-28 0 0 -2.8114384101865167e-30 67 67 4.130095777940576e-28 0 0 -2.9889286241620947e-29
d 0 0 -3.8033698731635275e-28 0 0 -2.8180384969116509e-30 68 68 4.1302149042060569e-28 0 0 -2.986646460734136e-29
d 0 0 -3.8036445528798171e-28 0 0 -2.8243819992523902e-30 69 69 4.1303317942483103e-28 0 0 -2.9844342137596918e-29
d 0 0 -3.8037794149589703e-28 0 0 1.1285152706091986e-31 69.5 69.5 4.130389401810282e-28 0 0 -2.9833534994781406e-29
d 0 0 -3.8039126537543732e-28 0 0 1.7495188086757832e-29 70 70 4.1304464594487364e-28 0 0 -2.9822892802523475e-29
d 0 0 -3.8040442948365423e-28 0 0 -2.8334558050989872e-30 70.5 70.5 4.1305029750339861e-28 0 0 -2.9812412208056103e-29
d 0 0 -3.8041743649884155e-28 0 0 1.1134408590696173e-28 71 71 4.1305589567725346e-28 0 0 -2.9802089869987304e-29
d 0 0 -3.8043028910255633e-28 0 0 -2.8392296674936103e-30 71.5 71.5 4.1306144126799713e-28 0 0 -2.9791922466099521e-29
d 0 0 -3.8044298986945885e-28 0 0 -2.8420382842426874e-30 72 72 4.1306693500462581e-28 0 0 -2.9781906685005361e-29
d 0 0 -3.8045554113678849e-28 0 0 -2.8447963582519897e-30 72.5 72.5 4.1307237747393065e-28 0 0 -2.9772039197563058e-29
d 0 0 -3.8046794481629626e-28 0 0 -2.847504316756793e-30 73 73 4.1307776901404142e-28 0 0 -2.9762316602720946e-29
d 0 0 -3.8049231268154728e-28 0 0 -2.8527939004260362e-30 74 74 4.1308839811300416e-28 0 0 -2.9743291510647141e-29
d 0 0 -3.8051607239897353e-28 0 0 -2.8579357076014501e-30 75 75 4.1309880388354089e-28 0 0 -2.9724795776961455e-29
d 0 0 -3.8053879776486119e-28 0 0 -2.8632378384020137e-30 76 76 4.1310873274850198e-28 0 0 -2.9706697145241096e-29
d 0 0 -3.8055978484978052e-28 0 0 -2.8692612156019929e-30 77 77 4.1311783483645981e-28 0 0 -2.9688788771077262e-29
d 0 0 -3.80582295561122e-28 0 0 -2.9119586016613499e-30 78 78 4.1318222236443455e-28 0 0 -2.9687968201651147e-29
d 0 0 -3.8059235568437989e-28 0 0 -2.9150784336915334e-30 78.5 78.5 4.1318684211930475e-28 0 0 -2.9679401314280037e-29
d 0 0 -3.8060231079119581e-28 0 0 -2.9178892145911078e-30 79 79 4.1319118694594007e-28 0 0 -2.9670863060509024e-29
d 0 0 -3.8062193940466384e-28 0 0 -2.9237591511669324e-30 80 80 4.1319977851539913e-28 0 0 -2.9654079959568398e-29
d 0 0 -3.806412046645971e-28 0 0 -2.9293579247476852e-30 81 81 4.1320824447648003e-28 0 0 -2.9637681887135959e-29
d 0 0 -3.8065070542828965e-28 0 0 3.0860111334394486e-28 81.5 81.5 4.1321243047312611e-28 0 0 -2.9629624581737451e-29
d 0 0 -3.8066012036005685e-28 0 0 4.632877769242994e-29 82 82 4.1321658575212029e-28 0 0 -2.9621659903355763e-29
d 0 0 -3.806786984825501e-28 0 0 -2.9401058698220709e-30 83 83 4.1322480666196764e-28 0 0 -2.960600230959509e-29
d 0 0 -3.8068786443546783e-28 0 0 6.6854906638915136e-28 83.5 83.5 4.1322887351423875e-28 0 0 -2.9598306313137064e-29
d 0 0 -3.8069695009188044e-28 0 0 3.2731207746573046e-28 84 84 4.1323291205106728e-28 0 0 -2.9590696806266911e-29
d 0 0 -3.8070595673473403e-28 0 0 6.2962332847331496e-28 84.5 84.5 4.1323692278819718e-28 0 0 -2.9583172263419995e-29
d 0 0 -3.8071488560685473e-28 0 0 7.9764036525573999e-28 85 85 4.1324090620450032e-28 0 0 -2.9575731160895865e-29
d 0 0 -3.8073251480748081e-28 0 0 -2.9551848429663371e-30 86 86 4.13248792820634e-28 0 0 -2.9561093170180015e-29
d 0 0 -3.8074984684050751e-28 0 0 -2.9599576808655471e-30 87 87 4.1325657509206588e-28 0 0 -2.9546770569906699e-29
d 0 0 -3.8076689028800643e-28 0 0 -2.9646144963634081e-30 88 88 4.1326425580744059e-28 0 0 -2.9532751022168857e-29
d 0 0 -3.8078365326993341e-28 0 0 -2.9691620122219744e-30 89 89 4.1327183745921773e-28 0 0 -2.9519022177062325e-29
d 0 0 -3.8079193201427609e-28 0 0 1.524994513877181e-28 89.5 89.5 4.1327559185307564e-28 0 0 -2.951226292466072e-29
d 0 0 -3.8080014350445275e-28 0 0 1.3952247926422399e-28 90 90 4.1327932231479525e-28 0 0 -2.9505571749124119e-29
d 0 0 -3.8080028331440382e-28 0 0 3.3113772552805595e-29 90.0078125 90.0078125 3.9006969335746213e-28 0 0 -2.9505457999151633e-29
d 0 0 -3.8081044114049974e-28 0 0 -2.9763701220796685e-30 90.6328125 90.6328125 4.1328400975349783e-28 0 0 -2.9497198466505567e-29
d 0 0 -3.808205089899324e-28 0 0 -2.9790632793269091e-30 91.2578125 91.2578125 4.1328860252923722e-28 0 0 -2.9489030224419261e-29
d 0 0 -3.8083047635359667e-28 0 0 -2.9817226591152956e-30 91.8828125 91.8828125 4.1329315911272971e-28 0 0 -2.9480960092348849e-29
d 0 0 -3.8084034456276883e-28 0 0 -2.9843499576084098e-30 92.5078125 92.5078125 4.1329767977121581e-28 0 0 -2.9472985187642644e-29
d 0 0 -3.8085011464443903e-28 0 0 -2.986947134104499e-30 93.1328125 93.1328125 4.1330216460358359e-28 0 0 -2.946510265405971e-29
d 0 0 -3.8085978710329642e-28 0 0 -2.9894997332732654e-30 93.7578125 93.7578125 4.133066134107189e-28 0 0 -2.9457309637608204e-29
d 0 0 -3.8087883481383849e-28 0 0 -2.9945835204705934e-30 95.0078125 95.0078125 4.1331539841616692e-28 0 0 -2.9441980081857937e-29
d 0 0 -3.808881975400537e-28 0 0 -2.9970863021070706e-30 95.6328125 95.6328125 4.1331972615663312e-28 0 0 -2.9434435681666605e-29
d 0 0 -3.8089740629716364e-28 0 0 -2.9849483066008225e-30 96.2578125 96.2578125 4.1332398209873752e-28 0 0 -2.9426958338621776e-29
d 0 0 -3.8090609970482994e-28 0 0 -3.0023801658633889e-30 96.8828125 96.8828125 4.1332794799263248e-28 0 0 -2.9419468121939134e-29
d 0 0 -3.8091453756650159e-28 0 0 -3.0052202354548923e-30 97.5078125 97.5078125 4.1333177839303451e-28 0 0 -2.9412013634687417e-29
d 0 0 -3.809230967409271e-28 0 0 5.6935710054415567e-30 98.1328125 98.1328125 4.1333570001310871e-28 0 0 -2.9404673719167821e-29
d 0 0 -3.8093181382879786e-28 0 0 -3.0104649836005515e-30 98.7578125 98.7578125 4.1333973535140717e-28 0 0 -2.939745653119226e-29
d 0 0 -3.8094065986471526e-28 0 0 -3.0128480278571627e-30 99.3828125 99.3828125 4.133438678389906e-28 0 0 -2.9390359914163615e-29
d 0 0 -3.809494837040105e-28 0 0 -3.0150709392009936e-30 100.0078125 100.0078125 4.133480061973964e-28 0 0 -2.9383351305777647e-29
d 0 0 -3.8095825103297002e-28 0 0 -3.0174558854597505e-30 100.6328125 100.6328125 4.1335212947209361e-28 0 0 -2.9376422525105743e-29
d 0 0 -3.8096695231919959e-28 0 0 -1.6439401357966538e-30 101.2578125 101.2578125 4.1335623165330664e-28 0 0 -2.9369570701553937e-29
d 0 0 -3.809755842146739e-28 0 0 -3.0198449236053546e-30 101.8828125 101.8828125 4.133603104618087e-28 0 0 -2.9362794295584313e-29
d 0 0 -3.8098414554688393e-28 0 0 -3.0225330292334156e-30 102.5078125 102.5078125 4.1336436493065425e-28 0 0 -2.9356092225401588e-29
d 0 0 -3.80992636084535e-28 0 0 -3.026149370392697e-30 103.1328125 103.1328125 4.1336839466016391e-28 0 0 -2.9349463588531715e-29
d 0 0 -3.8100105605943702e-28 0 0 -3.028357269014631e-30 103.7578125 103.7578125 4.1337239952912245e-28 0 0 -2.9342907548797272e-29
d 0 0 -3.8100940594938888e-28 0 0 -3.0305493426751008e-30 104.3828125 104.3828125 4.133763795635917e-28 0 0 -2.9336423283119918e-29
d 0 0 -3.8101768636673121e-28 0 0 -3.0326379464736537e-30 105.0078125 105.0078125 4.1338033486965124e-28 0 0 -2.9330009954574835e-29
d 0 0 -3.8102589799449862e-28 0 0 -3.0347005806464279e-30 105.6328125 105.6328125 4.1338426559498358e-28 0 0 -2.9323666698559703e-29
d 0 0 -3.8103404154505378e-28 0 0 -3.0367375713474432e-30 106.2578125 106.2578125 4.1338817190406539e-28 0 0 -2.9317392615781811e-29
d 0 0 -3.8104211772859592e-28 0 0 -3.0387494504096608e-30 106.8828125 106.8828125 4.1339205395924226e-28 0 0 -2.931118676835351e-29
d 0 0 -3.8105012722374431e-28 0 0 -2.3244884152284318e-30 107.5078125 107.5078125 4.1339591190283634e-28 0 0 -2.9305048176267571e-29
d 0 0 -3.8105807064331742e-28 0 0 -2.5429915556805048e-30 108.1328125 108.1328125 4.1339974583592444e-28 0 0 -2.9298975811563709e-29
d 0 0 -3.8106594848591896e-28 0 0 -2.6198755055743709e-30 108.7578125 108.7578125 4.13403555787762e-28 0 0 -2.9292968586438629e-29
d 0 0 -3.8107376105583014e-28 0 0 -2.7622310079744681e-30 109.3828125 109.3828125 4.1340734166454703e-28 0 0 -2.9287025328405676e-29
d 0 0 -3.8108150831216409e-28 0 0 -2.7450712862783346e-30 110.0078125 110.0078125 4.1341110315228761e-28 0 0 -2.9281144727305986e-29
d 0 0 -3.8108918954672006e-28 0 0 -3.0503247108295552e-30 110.6328125 110.6328125 4.1341483950874575e-28 0 0 -2.9275325215266892e-29
d 0 0 -3.8109680258434592e-28 0 0 -3.0521817510822155e-30 111.2578125 111.2578125 4.134185490464818e-28 0 0 -2.9269564661494312e-29
d 0 0 -3.811043413328555e-28 0 0 -3.0540245537863197e-30 111.8828125 111.8828125 4.1342222754874169e-28 0 0 -2.9263859429936175e-29
d 0 0 -3.8111178533898077e-28 0 0 -3.055874666315657e-30 112.5078125 112.5078125 4.1342586151740841e-28 0 0 -2.9258200354435009e-29
d 0 0 -3.8111902509821226e-28 0 0 -3.0578002495064509e-30 113.1328125 113.1328125 4.1342937987151997e-28 0 0 -2.9252543851519433e-29
d 0 0 -3.8112583561074239e-28 0 0 -3.0599540394219669e-30 113.7578125 113.7578125 4.1343263711687277e-28 0 0 -2.9246799381135409e-29
d 0 0 -3.8113244859914942e-28 0 0 -3.0623393699587049e-30 114.3828125 114.3828125 4.1343593520344752e-28 0 0 -2.9241118905459277e-29
d 0 0 -3.8114204527190631e-28 0 0 -3.0950206376102958e-30 115.0078125 115.0078125 4.1350057766513678e-28 0 0 -2.9263393992038333e-29
d 0 0 -3.8114892023744607e-28 0 0 -3.1010116204256351e-30 115.6328125 115.6328125 4.1351168957686385e-28 0 0 -2.9261338950654049e-29
d 0 0 -3.8115535338172385e-28 0 0 -3.0676482744292389e-30 116.2578125 116.2578125 4.1351483715971281e-28 0 0 -2.9255722740744099e-29
d 0 0 -3.8116174117906859e-28 0 0 -3.0692294300412522e-30 116.8828125 116.8828125 4.1351792337640025e-28 0 0 -2.9250136910404186e-29
d 0 0 -3.8116808619478826e-28 0 0 -2.9801377755937119e-30 117.5078125 117.5078125 4.1352098930031343e-28 0 0 -2.9244599213574485e-29
d 0 0 -3.8117438899164077e-28 0 0 -3.1105376843755598e-30 118.1328125 118.1328125 4.1352403609799643e-28 0 0 -2.9239109402383626e-29
d 0 0 -3.8118065011327021e-28 0 0 -3.1127473891444042e-30 118.7578125 118.7578125 4.1352706472947689e-28 0 0 -2.9233667147241156e-29
d 0 0 -3.8118687008684276e-28 0 0 -3.1149335728657149e-30 119.3828125 119.3828125 4.1353007599927475e-28 0 0 -2.9228272060419705e-29
d 0 0 -3.8119304942465897e-28 0 0 -3.117096933736464e-30 120.0078125 120.0078125 4.1353307058681348e-28 0 0 -2.9222923710140373e-29
d 0 0 -3.8119918862545738e-28 0 0 -3.1192385210490558e-30 120.6328125 120.6328125 4.1353604907074658e-28 0 0 -2.9217621631752044e-29
d 0 0 -3.8120528817545735e-28 0 0 -3.1213576721479142e-30 121.2578125 121.2578125 4.1353901194839573e-28 0 0 -2.9212365336585696e-29
d 0 0 -3.8121134854917773e-28 0 0 -3.1234550028559132e-30 121.8828125 121.8828125 4.1354195965124121e-28 0 0 -2.9207154318941484e-29
d 0 0 -3.812173702100576e-28 0 0 -3.1255342855857998e-30 122.5078125 122.5078125 4.1354489255723469e-28 0 0 -2.9201988061580425e-29
d 0 0 -3.8122335361089753e-28 0 0 -3.1275907907456685e-30 123.1328125 123.1328125 4.1354781100055578e-28 0 0 -2.9196866040023096e-29
d 0 0 -3.8122929919413148e-28 0 0 -3.129625960838822e-30 123.7578125 123.7578125 4.1355071527932088e-28 0 0 -2.9191787725899379e-29
d 0 0 -3.8123520739193142e-28 0 0 -3.1316411370498524e-30 124.3828125 124.3828125 4.135536056616448e-28 0 0 -2.9186752589543749e-29
d 0 0 -3.8124107862613738e-28 0 0 -3.1336416134700264e-30 125.0078125 125.0078125 4.1355648239037197e-28 0 0 -2.9181760101989283e-29
d 0 0 -3.8124691330799454e-28 0 0 -3.1356126163414176e-30 125.6328125 125.6328125 4.1355934568671923e-28 0 0 -2.9176809736479013e-29
d 0 0 -3.8125271183766433e-28 0 0 -3.1375787326124398e-30 126.2578125 126.2578125 4.1356219575301038e-28 0 0 -2.9171900969584775e-29
d 0 0 -3.8125847460345659e-28 0 0 -3.1395044145378578e-30 126.8828125 126.8828125 4.1356503277462571e-28 0 0 -2.9167033281999193e-29
d 0 0 -3.8126420198070026e-28 0 0 -3.1409985151892003e-30 127.5078125 127.5078125 4.1356785692123701e-28 0 0 -2.9162206159045103e-29
d 0 0 -3.8126989433012342e-28 0 0 -3.1433535034630226e-30 128.1328125 128.1328125 4.1357066834734254e-28 0 0 -2.9157419090926028e-29
d 0 0 -3.8127555199554293e-28 0 0 -3.0248515884799761e-30 128.7578125 128.7578125 4.1357346719204941e-28 0 0 -2.9152671572719059e-29
d 0 0 -3.8127836792378111e-28 0 0 -3.1456487751158232e-30 129.0703125 129.0703125 4.135748619353883e-28 0 0 -2.9150312488311872e-29
d 0 0 -3.812811753005447e-28 0 0 -3.1464740331018784e-30 129.3828125 129.3828125 4.1357625357795592e-28 0 0 -2.9147963104083573e-29
d 0 0 -3.8128676454363547e-28 0 0 -3.1489696878447135e-30 130.0078125 130.0078125 4.1357902760884535e-28 0 0 -2.9143293188619448e-29
d 0 0 -3.8129231999099161e-28 0 0 -3.1508080267731902e-30 130.6328125 130.6328125 4.1358178936566252e-28 0 0 -2.9138661332744322e-29
d 0 0 -3.8129784186527772e-28 0 0 -3.1438758909507116e-30 131.2578125 131.2578125 4.135845388998128e-28 0 0 -2.9134067043845812e-29
d 0 0 -3.8130333032772929e-28 0 0 -3.154436031571395e-30 131.8828125 131.8828125 4.1358727622198829e-28 0 0 -2.9129509827249718e-29
d 0 0 -3.8130878544804621e-28 0 0 -3.1562260022220516e-30 132.5078125 132.5078125 4.1359000128300903e-28 0 0 -2.9124989181103675e-29
d 0 0 -3.8131420715070133e-28 0 0 -3.1579913500364405e-30 133.1328125 133.1328125 4.1359271393930789e-28 0 0 -2.912050458729503e-29
d 0 0 -3.8131959511160803e-28 0 0 -3.1594823796661345e-30 133.7578125 133.7578125 4.1359541388618446e-28 0 0 -2.911605549411667e-29
d 0 0 -3.8133026562989374e-28 0 0 -3.1632457724149211e-30 135.0078125 135.0078125 4.1360077256567424e-28 0 0 -2.9107261163365593e-29
d 0 0 -3.8133290937014785e-28 0 0 -3.1463515740566796e-30 135.3203125 135.3203125 4.1360210232933478e-28 0 0 -2.9105083548713838e-29
d 0 0 -3.8133554194662184e-28 0 0 -3.1438232781682676e-30 135.6328125 135.6328125 4.1360342706447762e-28 0 0 -2.9102913939354895e-29
d 0 0 -3.8133816135044386e-28 0 0 -3.1406584410464593e-30 135.9453125 135.9453125 4.13604745456756e-28 0 0 -2.9100751949658619e-29
d 0 0 -3.8134076330063707e-28 0 0 -3.1368354026785479e-30 136.2578125 136.2578125 4.1360605471827431e-28 0 0 -2.9098596827851309e-29
d 0 0 -3.8134583859880013e-28 0 0 -3.1652249009499097e-30 136.8828125 136.8828125 4.1360859635695191e-28 0 0 -2.9094294692793146e-29
d 0 0 -3.8135044733137718e-28 0 0 -3.1704428670120446e-30 137.5078125 137.5078125 4.136108436444593e-28 0 0 -2.9089954824564259e-29
d 0 0 -3.8135518901339102e-28 0 0 -3.1723201817253233e-30 138.1328125 138.1328125 4.136131849279597e-28 0 0 -2.9085672694242301e-29
d 0 0 -3.8136019145587636e-28 0 0 -3.1740235882834342e-30 138.7578125 138.7578125 4.1361570353425101e-28 0 0 -2.90814675187605e-29
d 0 0 -3.8136526908657063e-28 0 0 -3.1756684164749867e-30 139.3828125 139.3828125 4.1361827936631504e-28 0 0 -2.9077309139941813e-29
d 0 0 -3.8137035183030071e-28 0 0 -2.8763207420418627e-30 140.0078125 140.0078125 4.136208672559095e-28 0 0 -2.907318702547372e-29
d 0 0 -3.813754201792638e-28 0 0 -2.743764527991534e-30 140.6328125 140.6328125 4.1362345482731863e-28 0 0 -2.9069097732153485e-29
d 0 0 -3.8138046755035292e-28 0 0 -3.1804790446245594e-30 141.2578125 141.2578125 4.1362603822116557e-28 0 0 -2.906503951162229e-29
d 0 0 -3.8138549096893942e-28 0 0 -3.1806211501610262e-30 141.8828125 141.8828125 4.1362861611035439e-28 0 0 -2.9061010958090935e-29
d 0 0 -3.8139048873376116e-28 0 0 -3.1836514972905227e-30 142.5078125 142.5078125 4.1363118820157436e-28 0 0 -2.9057010670475591e-29
d 0 0 -3.8139545967889991e-28 0 0 -3.1846166300951989e-30 143.1328125 143.1328125 4.1363375470899967e-28 0 0 -2.9053037192930093e-29
d 0 0 -3.8140040294044326e-28 0 0 -3.0030169551173343e-30 143.7578125 143.7578125 4.1363631606758323e-28 0 0 -2.9049089100195425e-29
d 0 0 -3.8140531792940736e-28 0 0 -3.1738989886303201e-30 144.3828125 144.3828125 4.136388727017079e-28 0 0 -2.9045165176759824e-29
d 0 0 -3.8141020466994844e-28 0 0 -3.1899466325051445e-30 145.0078125 145.0078125 4.1364142480143879e-28 0 0 -2.9041265346005806e-29
d 0 0 -3.8141506362143057e-28 0 0 -3.1914473153316791e-30 145.6328125 145.6328125 4.1364397222786712e-28 0 0 -2.903739025133108e-29
d 0 0 -3.8141748278871367e-28 0 0 -3.1922979448660238e-30 145.9453125 145.9453125 4.1364524406721928e-28 0 0 -2.9035462013901016e-29
d 0 0 -3.8141989518697149e-28 0 0 -3.1930776453152893e-30 146.2578125 146.2578125 4.1364651455909987e-28 0 0 -2.903354007975337e-29
d 0 0 -3.8142230090520043e-28 0 0 -3.1938561176693433e-30 146.5703125 146.5703125 4.1364778361754389e-28 0 0 -2.9031624537867496e-29
d 0 0 -3.814247000363598e-28 0 0 -3.1946330775289495e-30 146.8828125 146.8828125 4.1364905115261262e-28 0 0 -2.9029715481703128e-29
d 0 0 -3.8142709267349941e-28 0 0 -3.1954082210449978e-30 147.1953125 147.1953125 4.1365031707480278e-28 0 0 -2.9027813002858574e-29
d 0 0 -3.8142947890663204e-28 0 0 -3.1961812712385337e-30 147.5078125 147.5078125 4.136515812986297e-28 0 0 -2.9025917186031406e-29
d 0 0 -3.8143423249290323e-28 0 0 -3.1977260282790863e-30 148.1328125 148.1328125 4.1365410434394299e-28 0 0 -2.9022145822760671e-29
d 0 0 -3.8143659999441921e-28 0 0 -3.1984852668157166e-30 148.4453125 148.4453125 4.1365536303310284e-28 0 0 -2.9020270386092281e-29
d 0 0 -3.8143896138779966e-28 0 0 -3.1992474707038136e-30 148.7578125 148.7578125 4.1365661976001158e-28 0 0 -2.9018401830172545e-29
d 0 0 -3.8144131672844238e-28 0 0 -3.200006464453048e-30 149.0703125 149.0703125 4.1365787448048926e-28 0 0 -2.9016540177067714e-29
d 0 0 -3.8144366606484834e-28 0 0 -3.2007620700522383e-30 149.3828125 149.3828125 4.1365912715805619e-28 0 0 -2.9014685437370564e-29
d 0 0 -3.8144600943924986e-28 0 0 -3.2015141461717301e-30 149.6953125 149.6953125 4.1366037776293839e-28 0 0 -2.9012837611593784e-29
d 0 0 -3.8144834688826772e-28 0 0 -3.2022625208708771e-30 150.0078125 150.0078125 4.1366162627100232e-28 0 0 -2.9010996691612248e-29
d 0 0 -3.8145067844352788e-28 0 0 -3.2030070567086225e-30 150.3203125 150.3203125 4.1366287266269589e-28 0 0 -2.900916266204402e-29
d 0 0 -3.8145300413219174e-28 0 0 -3.2037475946144103e-30 150.6328125 150.6328125 4.1366411692204162e-28 0 0 -2.9007335501502359e-29
d 0 0 -3.8145532397737129e-28 0 0 -3.2044839595345878e-30 150.9453125 150.9453125 4.1366535903570435e-28 0 0 -2.9005515183683342e-29
d 0 0 -3.8145763799841106e-28 0 0 -3.20521596192324e-30 151.2578125 151.2578125 4.136665989921344e-28 0 0 -2.9003701678276148e-29
d 0 0 -3.8146224862727828e-28 0 0 -3.1872409930176988e-30 151.8828125 151.8828125 4.1366907239133882e-28 0 0 -2.9000094967657014e-29
d 0 0 -3.8146683609937172e-28 0 0 -2.9400684972158652e-30 152.5078125 152.5078125 4.1367153703391604e-28 0 0 -2.8996515070823931e-29
d 0 0 -3.814714004257726e-28 0 0 -3.2096306340377326e-30 153.1328125 153.1328125 4.136739928142382e-28 0 0 -2.8992961655341554e-29
d 0 0 -3.8147594152241912e-28 0 0 -3.2110624704652335e-30 153.7578125 153.7578125 4.1367643957808417e-28 0 0 -2.8989434356775392e-29
d 0 0 -3.8148045915757024e-28 0 0 -3.2124774348345682e-30 154.3828125 154.3828125 4.136788770796932e-28 0 0 -2.8985932769766496e-29
d 0 0 -3.8148495284553312e-28 0 0 -3.2138782594765996e-30 155.0078125 155.0078125 4.1368130490453457e-28 0 0 -2.8982456422689617e-29
d 0 0 -3.8148942161623167e-28 0 0 -3.2152004707972437e-30 155.6328125 155.6328125 4.1368372230824239e-28 0 0 -2.8979004718065103e-29
d 0 0 -3.814938634504743e-28 0 0 -3.2162296541400068e-30 156.2578125 156.2578125 4.1368612782634577e-28 0 0 -2.8975576783576527e-29
d 0 0 -3.8149827362492513e-28 0 0 -3.2161133526111794e-30 156.8828125 156.8828125 4.1368851813386318e-28 0 0 -2.8972171033601443e-29
d 0 0 -3.8150263852097028e-28 0 0 -3.2116911728076123e-30 157.5078125 157.5078125 4.1369088378155255e-28 0 0 -2.896878352472262e-29
d 0 0 -3.8150690509324551e-28 0 0 -3.1913059580761403e-30 158.1328125 158.1328125 4.136931881615736e-28 0 0 -2.8965399767871903e-29
d 0 0 -3.8151092326763562e-28 0 0 -3.1034123049987002e-30 158.7578125 158.7578125 4.1369532769801712e-28 0 0 -2.8961978665914152e-29
d 0 0 -3.8151478026614532e-28 0 0 -3.2239942776349449e-30 159.3828125 159.3828125 4.1369740091445246e-28 0 0 -2.8958565537196966e-29
d 0 0 -3.815167849780627e-28 0 0 -3.222735403848981e-30 159.6953125 159.6953125 4.1370070671818896e-28 0 0 -2.8958262326255923e-29
d 0 0 -3.8152139251022682e-28 0 0 -3.2440974876422791e-30 160.0078125 160.0078125 4.1375415267866353e-28 0 0 -2.8988662680783971e-29
d 0 0 -3.8152681645122517e-28 0 0 -3.2516014871647253e-30 160.6328125 160.6328125 4.1378829123897864e-28 0 0 -2.900490061048525e-29
d 0 0 -3.8153056681065399e-28 0 0 -3.258327342259821e-30 161.2578125 161.2578125 4.1379053421536462e-28 0 0 -2.9001640009266931e-29
d 0 0 -3.8153428974720682e-28 0 0 -3.2599872114289478e-30 161.8828125 161.8828125 4.1379253650131517e-28 0 0 -2.89982584942132e-29
d 0 0 -3.8153799727892578e-28 0 0 -3.2616298530364519e-30 162.5078125 162.5078125 4.1379452787825719e-28 0 0 -2.899489545312703e-29
d 0 0 -3.8154168957569909e-28 0 0 -3.2632380825696839e-30 163.1328125 163.1328125 4.1379650936226001e-28 0 0 -2.8991551258410196e-29
d 0 0 -3.8154536679104705e-28 0 0 -3.2647559576699314e-30 163.7578125 163.7578125 4.137984816851827e-28 0 0 -2.8988226112735955e-29
d 0 0 -3.8154902907081367e-28 0 0 -3.2660574408679587e-30 164.3828125 164.3828125 4.1380044546325254e-28 0 0 -2.8984920151591213e-29
d 0 0 -3.8155267655419155e-28 0 0 -3.2669604896845151e-30 165.0078125 165.0078125 4.1380240121783812e-28 0 0 -2.8981633456016996e-29
d 0 0 -3.815563093745057e-28 0 0 -3.2693972946372238e-30 165.6328125 165.6328125 4.1380434939171318e-28 0 0 -2.89783660625835e-29
d 0 0 -3.815599276598223e-28 0 0 -3.2607274042196421e-30 166.2578125 166.2578125 4.1380629036216159e-28 0 0 -2.8975117971427346e-29
d 0 0 -3.8156353153341941e-28 0 0 -3.010566769852729e-30 166.8828125 166.8828125 4.1380822445169905e-28 0 0 -2.8971889152827346e-29
d 0 0 -3.8156712111414102e-28 0 0 -3.2743512166721426e-30 167.5078125 167.5078125 4.1381015193690752e-28 0 0 -2.8968679552627289e-29
d 0 0 -3.8157069651664767e-28 0 0 -3.2758872318831328e-30 168.1328125 168.1328125 4.138120730557368e-28 0 0 -2.8965489096723844e-29
d 0 0 -3.8157425785157082e-28 0 0 -3.2774115886897422e-30 168.7578125 168.7578125 4.1381398801353045e-28 0 0 -2.8962317694785444e-29
d 0 0 -3.8157780522557365e-28 0 0 -3.2789231990763946e-30 169.3828125 169.3828125 4.1381589698799041e-28 0 0 -2.8959165243334713e-29
d 0 0 -3.8158133874131573e-28 0 0 -3.2804182751094954e-30 170.0078125 170.0078125 4.1381780013324327e-28 0 0 -2.8956031628303191e-29
d 0 0 -3.8158485849731362e-28 0 0 -3.2818870834183983e-30 170.6328125 170.6328125 4.1381969758314458e-28 0 0 -2.8952916727149044e-29
d 0 0 -3.8158836458768181e-28 0 0 -3.2833195565433355e-30 171.2578125 171.2578125 4.1382158945392874e-28 0 0 -2.8949820410613675e-29
d 0 0 -3.8159185710172942e-28 0 0 -3.2846418852373156e-30 171.8828125 171.8828125 4.138234758462835e-28 0 0 -2.8946742544181172e-29
d 0 0 -3.815953361233736e-28 0 0 -3.285737361739799e-30 172.5078125 172.5078125 4.1382535684690444e-28 0 0 -2.8943682989294302e-29
d 0 0 -3.8159880173031018e-28 0 0 -3.2870564941457919e-30 173.1328125 173.1328125 4.1382723252955817e-28 0 0 -2.8940641604372915e-29
d 0 0 -3.8160225399285224e-28 0 0 -3.2865885626127993e-30 173.7578125 173.7578125 4.138291029556445e-28 0 0 -2.8937618245674303e-29
d 0 0 -3.8160569297229644e-28 0 0 -3.2834937327228455e-30 174.3828125 174.3828125 4.1383096817421301e-28 0 0 -2.8934612768030678e-29
d 0 0 -3.8160911871860011e-28 0 0 -3.2740992507691673e-30 175.0078125 175.0078125 4.1383282822131838e-28 0 0 -2.8931625025497437e-29
d 0 0 -3.8161253126701639e-28 0 0 -3.2798783862630849e-30 175.6328125 175.6328125 4.1383468311850633e-28 0 0 -2.8928654871946486e-29
d 0 0 -3.8161593063310174e-28 0 0 -3.2103312335211126e-30 176.2578125 176.2578125 4.1383653287005224e-28 0 0 -2.8925702161645926e-29
d 0 0 -3.8161931680507975e-28 0 0 -3.0912788564195486e-30 176.8828125 176.8828125 4.1383837745827599e-28 0 0 -2.8922766749882217e-29
d 0 0 -3.8162268973171912e-28 0 0 -3.1191335524192162e-30 177.5078125 177.5078125 4.1384021683568463e-28 0 0 -2.8919848493714233e-29
d 0 0 -3.8162604930218451e-28 0 0 -2.8114949895014896e-30 178.1328125 178.1328125 4.1384205091152353e-28 0 0 -2.8916947253019824e-29
d 0 0 -3.816293953105752e-28 0 0 -3.0421033782768237e-30 178.7578125 178.7578125 4.1384387952774361e-28 0 0 -2.8914062892157031e-29
d 0 0 -3.816327273887988e-28 0 0 -3.301779628376572e-30 179.3828125 179.3828125 4.1384570241316005e-28 0 0 -2.8911195282958731e-29
d 0 0 -3.8163604486674074e-28 0 0 -3.30312969718099e-30 180.0078125 180.0078125 4.1384751908762555e-28 0 0 -2.8908344310871106e-29
d 0 0 -3.8163934643993282e-28 0 0 -3.3044721737934863e-30 180.6328125 180.6328125 4.1384932863396012e-28 0 0 -2.8905509889561738e-29
d 0 0 -3.8164262920970246e-28 0 0 -3.3058074835826027e-30 181.2578125 181.2578125 4.1385112903896796e-28 0 0 -2.890269200352466e-29
d 0 0 -3.8164588484546465e-28 0 0 -3.3071382446750168e-30 181.8828125 181.8828125 4.1385291455880954e-28 0 0 -2.8899890880824117e-29
d 0 0 -3.8164906920996184e-28 0 0 -3.3084768137917746e-30 182.5078125 182.5078125 4.1385465487118711e-28 0 0 -2.8897108385013553e-29
d 0 0 -3.8165192100075591e-28 0 0 -3.3098630512093534e-30 183.1328125 183.1328125 4.1385617055272757e-28 0 0 -2.8894356415862813e-29
d 0 0 -3.816547656898459e-28 0 0 -3.311259129175794e-30 183.7578125 183.7578125 4.1385768464331878e-28 0 0 -2.8891619056174093e-29
d 0 0 -3.8165792388485069e-28 0 0 -3.312611762575291e-30 184.3828125 184.3828125 4.1385941725516542e-28 0 0 -2.8888880677724966e-29
d 0 0 -3.8166113050200309e-28 0 0 -3.3139014489780282e-30 185.0078125 185.0078125 4.1386118667921833e-28 0 0 -2.8886154626097098e-29
d 0 0 -3.8166273607876657e-28 0 0 -3.3145404456912483e-30 185.3203125 185.3203125 4.1386207429601004e-28 0 0 -2.8884797001292014e-29
d 0 0 -3.8166434117672111e-28 0 0 -3.3151776415922497e-30 185.6328125 185.6328125 4.1386296248112994e-28 0 0 -2.8883443060811917e-29
d 0 0 -3.8166594511607926e-28 0 0 -3.3158123663113491e-30 185.9453125 185.9453125 4.1386385076591252e-28 0 0 -2.8882092825170863e-29
d 0 0 -3.816675474770755e-28 0 0 -3.3164447423162917e-30 186.2578125 186.2578125 4.1386473885985116e-28 0 0 -2.888074630127079e-29
d 0 0 -3.8166914798438183e-28 0 0 -3.3170748552432049e-30 186.5703125 186.5703125 4.1386562657138294e-28 0 0 -2.8879403488423163e-29
d 0 0 -3.8167074644910947e-28 0 0 -3.3177027678210756e-30 186.8828125 186.8828125 4.1386651376814529e-28 0 0 -2.8878064381390857e-29
d 0 0 -3.8167234273716994e-28 0 0 -3.318328531818122e-30 187.1953125 187.1953125 4.1386740035529903e-28 0 0 -2.8876728972058394e-29
d 0 0 -3.8167393675084978e-28 0 0 -3.3189521872563784e-30 187.5078125 187.5078125 4.1386828626290643e-28 0 0 -2.8875397250410845e-29
d 0 0 -3.816755284174998e-28 0 0 -3.3195737689092953e-30 187.8203125 187.8203125 4.1386917143818404e-28 0 0 -2.8874069205138474e-29
d 0 0 -3.8167711768228514e-28 0 0 -2.7400808749974394e-30 188.1328125 188.1328125 4.1387005584053851e-28 0 0 -2.8872744824026651e-29
d 0 0 -3.8167870450336646e-28 0 0 -2.9553006666692331e-30 188.4453125 188.4453125 4.1387093943826731e-28 0 0 -2.8871424094216603e-29
d 0 0 -3.816802888485975e-28 0 0 -3.0950527769930921e-30 188.7578125 188.7578125 4.1387182220629863e-28 0 0 -2.8870107002385174e-29
d 0 0 -3.816818706932004e-28 0 0 -3.1836288670097508e-30 189.0703125 189.0703125 4.1387270412460033e-28 0 0 -2.8868793534872145e-29
d 0 0 -3.8168345001809176e-28 0 0 -3.2387202396352184e-30 189.3828125 189.3828125 4.1387358517703544e-28 0 0 -2.8867483677772457e-29
d 0 0 -3.8168502680865244e-28 0 0 -3.2725785561251451e-30 189.6953125 189.6953125 4.1387446535051966e-28 0 0 -2.8866177417004491e-29
d 0 0 -3.8168660105380687e-28 0 0 -3.2933108202319781e-30 190.0078125 190.0078125 4.1387534463439351e-28 0 0 -2.8864874738361412e-29
d 0 0 -3.816881727453235e-28 0 0 -3.3060696283840384e-30 190.3203125 190.3203125 4.1387622301994357e-28 0 0 -2.8863575627550485e-29
d 0 0 -3.816897418772748e-28 0 0 -3.3140249564691833e-30 190.6328125 190.6328125 4.1387710050003367e-28 0 0 -2.8862280070223626e-29
d 0 0 -3.8169130844561559e-28 0 0 -3.3190853129311383e-30 190.9453125 190.9453125 4.1387797706881727e-28 0 0 -2.8860988052001365e-29
d 0 0 -3.8169287244784926e-28 0 0 -3.3223896754228377e-30 191.2578125 191.2578125 4.1387885272150932e-28 0 0 -2.8859699558491851e-29
d 0 0 -3.8169443388276115e-28 0 0 -3.3246200689114778e-30 191.5703125 191.5703125 4.1387972745420504e-28 0 0 -2.8858414575306272e-29
d 0 0 -3.8169599275020282e-28 0 0 -3.3261906361668314e-30 191.8828125 191.8828125 4.1388060126373241e-28 0 0 -2.8857133088071105e-29
d 0 0 -3.8169754905091681e-28 0 0 -3.3273566134856197e-30 192.1953125 192.1953125 4.1388147414754104e-28 0 0 -2.88558550824447e-29
d 0 0 -3.8169910278638975e-28 0 0 -3.3286627730783975e-30 192.5078125 192.5078125 4.138823461035612e-28 0 0 -2.8854580544093096e-29
d 0 0 -3.8170065395873601e-28 0 0 -3.3290513558209589e-30 192.8203125 192.8203125 4.1388321713020686e-28 0 0 -2.8853309458761613e-29
d 0 0 -3.8170220257059313e-28 0 0 -3.3297397976021595e-30 193.1328125 193.1328125 4.1388408722622201e-28 0 0 -2.8852041812215541e-29
d 0 0 -3.8170529212551623e-28 0 0 -3.0810559193162164e-30 193.7578125 193.7578125 4.1388582462285226e-28 0 0 -2.8849516778822841e-29
d 0 0 -3.8170837147981286e-28 0 0 -3.3321490317601063e-30 194.3828125 194.3828125 4.1388755828875184e-28 0 0 -2.8847005331160845e-29
d 0 0 -3.8171144066618948e-28 0 0 -3.3327075994245876e-30 195.0078125 195.0078125 4.1388928822210055e-28 0 0 -2.8844507357433305e-29
d 0 0 -3.8171449971994122e-28 0 0 -3.2636304155405598e-30 195.6328125 195.6328125 4.1389101442290977e-28 0 0 -2.8842022746819131e-29
d 0 0 -3.8171754867777562e-28 0 0 -3.3356368249593289e-30 196.2578125 196.2578125 4.1389273689231463e-28 0 0 -2.8839551389579699e-29
d 0 0 -3.8172058757679642e-28 0 0 -3.3367748437979102e-30 196.8828125 196.8828125 4.1389445563177669e-28 0 0 -2.8837093176993624e-29
d 0 0 -3.8172210326572677e-28 0 0 -3.2972076767175691e-30 197.1953125 197.1953125 4.1389531360318059e-28 0 0 -2.8835868966258401e-29
d 0 0 -3.8172361645357788e-28 0 0 -3.3180276609679517e-30 197.5078125 197.5078125 4.1389617064249025e-28 0 0 -2.8834648001391063e-29
d 0 0 -3.817251271446882e-28 0 0 -3.3282501985340481e-30 197.8203125 197.8203125 4.1389702674970649e-28 0 0 -2.8833430269093179e-29
d 0 0 -3.8172663534324531e-28 0 0 -3.3336476046925039e-30 198.1328125 198.1328125 4.1389788192473048e-28 0 0 -2.8832215756128797e-29
d 0 0 -3.817296442784928e-28 0 0 -3.3401475575149333e-30 198.7578125 198.7578125 4.1389958947716216e-28 0 0 -2.8829796335561438e-29
d 0 0 -3.8173264328845446e-28 0 0 -3.3412603725857777e-30 199.3828125 199.3828125 4.1390129329604039e-28 0 0 -2.8827389635000181e-29
d 0 0 -3.8173563239732484e-28 0 0 -3.3419693498075278e-30 200.0078125 200.0078125 4.1390299337423045e-28 0 0 -2.8824995550658781e-29
d 0 0 -3.8173712324463479e-28 0 0 -3.3428509813459886e-30 200.3203125 200.3203125 4.1390384200710641e-28 0 0 -2.8823803207366464e-29
d 0 0 -3.8173861162258147e-28 0 0 -3.3434304200400362e-30 200.6328125 200.6328125 4.1390468969993917e-28 0 0 -2.8822613979581236e-29
d 0 0 -3.8174009753190898e-28 0 0 -3.3439935776791718e-30 200.9453125 200.9453125 4.1390553645024738e-28 0 0 -2.8821427854547974e-29
d 0 0 -3.8174158097259459e-28 0 0 -3.3445474208178798e-30 201.2578125 201.2578125 4.1390638225501121e-28 0 0 -2.8820244819550326e-29
d 0 0 -3.8174306194371493e-28 0 0 -3.3450956442263875e-30 201.5703125 201.5703125 4.13907227110576e-28 0 0 -2.8819064861905554e-29
d 0 0 -3.8174454044328387e-28 0 0 -3.3456402044231319e-30 201.8828125 201.8828125 4.1390807101253679e-28 0 0 -2.8817887968958638e-29
d 0 0 -3.8174601646805385e-28 0 0 -3.3461821294147531e-30 202.1953125 202.1953125 4.1390891395559572e-28 0 0 -2.8816714128075213e-29
d 0 0 -3.8174749001327094e-28 0 0 -3.3467219623470511e-30 202.5078125 202.5078125 4.1390975593338735e-28 0 0 -2.8815543326633022e-29
d 0 0 -3.8174896107236915e-28 0 0 -3.3472599901265482e-30 202.8203125 202.8203125 4.1391059693825965e-28 0 0 -2.8814375552011348e-29
d 0 0 -3.8175042963658489e-28 0 0 -3.3477963664770922e-30 203.1328125 203.1328125 4.1391143696099859e-28 0 0 -2.8813210791577986e-29
d 0 0 -3.8175189569446582e-28 0 0 -3.3483311780143685e-30 203.4453125 203.4453125 4.1391227599047673e-28 0 0 -2.8812049032672757e-29
d 0 0 -3.8175335923123688e-28 0 0 -3.3488644754642518e-30 203.7578125 203.7578125 4.139131140131999e-28 0 0 -2.8810890262586536e-29
d 0 0 -3.8175482022797147e-28 0 0 -2.874437113072416e-30 204.0703125 204.0703125 4.1391395101271466e-28 0 0 -2.8809734468534116e-29
d 0 0 -3.8175627866049198e-28 0 0 -3.075912715281239e-30 204.3828125 204.3828125 4.139147869688225e-28 0 0 -2.8808581637618523e-29
d 0 0 -3.8175773449788768e-28 0 0 -3.1878892482769677e-30 204.6953125 204.6953125 4.1391562185651886e-28 0 0 -2.8807431756783282e-29
d 0 0 -3.8175918770048209e-28 0 0 -3.2516505367752847e-30 205.0078125 205.0078125 4.1391645564454193e-28 0 0 -2.8806284812747459e-29
d 0 0 -3.8176063821698941e-28 0 0 -3.2889935747294755e-30 205.3203125 205.3203125 4.1391728829333858e-28 0 0 -2.8805140791915223e-29
d 0 0 -3.8176208598044972e-28 0 0 -3.3115618306123582e-30 205.6328125 205.6328125 4.1391811975215921e-28 0 0 -2.8803999680247218e-29
d 0 0 -3.8176353090227494e-28 0 0 -3.3256700589427419e-30 205.9453125 205.9453125 4.1391894995480191e-28 0 0 -2.8802861463072774e-29
d 0 0 -3.8176497286328704e-28 0 0 -3.3348055572092556e-30 206.2578125 206.2578125 4.1391977881320684e-28 0 0 -2.8801726124807674e-29
d 0 0 -3.8176641169981301e-28 0 0 -3.3409359811345621e-30 206.5703125 206.5703125 4.1392060620751818e-28 0 0 -2.8800593648516454e-29
d 0 0 -3.8176784718137692e-28 0 0 -3.34519853668043e-30 206.8828125 206.8828125 4.1392143197013993e-28 0 0 -2.879946401520898e-29
d 0 0 -3.8176927897360703e-28 0 0 -3.3482686989858503e-30 207.1953125 207.1953125 4.1392225585922491e-28 0 0 -2.8798337202664358e-29
d 0 0 -3.8177070657433304e-28 0 0 -3.3505580545841544e-30 207.5078125 207.5078125 4.1392307751299786e-28 0 0 -2.8797213183384684e-29
d 0 0 -3.8177212920042789e-28 0 0 -3.3523250141667541e-30 207.8203125 207.8203125 4.139238963688609e-28 0 0 -2.879609192090431e-29
d 0 0 -3.8177354558764652e-28 0 0 -3.353736161012914e-30 208.1328125 208.1328125 4.1392471152025823e-28 0 0 -2.879497336302531e-29
d 0 0 -3.817749536649036e-28 0 0 -3.3549014622500711e-30 208.4453125 208.4453125 4.1392552148358632e-28 0 0 -2.879385742991662e-29
d 0 0 -3.8177635014212751e-28 0 0 -3.3558953479290612e-30 208.7578125 208.7578125 4.1392632390270312e-28 0 0 -2.8792743995720859e-29
d 0 0 -3.8177772977011685e-28 0 0 -3.3567712348599189e-30 209.0703125 209.0703125 4.1392711501814195e-28 0 0 -2.8791632850884233e-29
d 0 0 -3.8177907994532897e-28 0 0 -3.3575788247642022e-30 209.3828125 209.3828125 4.1392788580997042e-28 0 0 -2.879052349749503e-29
d 0 0 -3.8178037687367942e-28 0 0 -3.3583191368995252e-30 209.6953125 209.6953125 4.1392861925379351e-28 0 0 -2.8789415000999081e-29
d 0 0 -3.817816438393248e-28 0 0 -3.3590149666752687e-30 210.0078125 210.0078125 4.1392933207219184e-28 0 0 -2.8788308209334519e-29
d 0 0 -3.8178287534433997e-28 0 0 -3.3596622109189827e-30 210.3203125 210.3203125 4.1393002430394098e-28 0 0 -2.8787206040623656e-29
d 0 0 -3.8178409232161572e-28 0 0 -3.3603478562510362e-30 210.6328125 210.6328125 4.1393090497119856e-28 0 0 -2.8786259669851234e-29
d 0 0 -3.8178585681320368e-28 0 0 -3.3636308529035201e-30 210.9453125 210.9453125 4.1394464790638318e-28 0 0 -2.8795001863755968e-29
d 0 0 -3.8179081161506197e-28 0 0 -3.3815449768142788e-30 211.2578125 211.2578125 4.1403030540238281e-28 0 0 -2.8857825698552795e-29
d 0 0 -3.8179244544536413e-28 0 0 -3.3842344184497699e-30 211.5703125 211.5703125 4.1404114275690081e-28 0 0 -2.8864366571474779e-29
d 0 0 -3.8179365321498444e-28 0 0 -3.3849688494149324e-30 211.8828125 211.8828125 4.140424164011349e-28 0 0 -2.8863718705097966e-29
d 0 0 -3.817948379962155e-28 0 0 -3.3855945834759914e-30 212.1953125 212.1953125 4.140432043431552e-28 0 0 -2.8862712112475403e-29
d 0 0 -3.8179601630136863e-28 0 0 -3.3861921941774338e-30 212.5078125 212.5078125 4.1404388197103828e-28 0 0 -2.8861626220596923e-29
d 0 0 -3.8179719282562028e-28 0 0 -3.3867848139425576e-30 212.8203125 212.8203125 4.1404455549058744e-28 0 0 -2.8860540247322711e-29
d 0 0 -3.8179836766979292e-28 0 0 -3.3873735514936038e-30 213.1328125 213.1328125 4.1404522708058314e-28 0 0 -2.8859455805049972e-29
d 0 0 -3.817995408444966e-28 0 0 -3.3879589251389484e-30 213.4453125 213.4453125 4.1404589687935753e-28 0 0 -2.8858372984263417e-29
d 0 0 -3.8180071235848958e-28 0 0 -3.3885413307930399e-30 213.7578125 213.7578125 4.1404656498450682e-28 0 0 -2.8857291845105348e-29
d 0 0 -3.8180188222003809e-28 0 0 -3.3891210791583179e-30 214.0703125 214.0703125 4.1404723148371685e-28 0 0 -2.8856212440360559e-29
d 0 0 -3.8180305043698932e-28 0 0 -3.3896984024283473e-30 214.3828125 214.3828125 4.1404789645647359e-28 0 0 -2.8855134816728678e-29
d 0 0 -3.8180421701681508e-28 0 0 -3.3902734920040354e-30 214.6953125 214.6953125 4.1404855997511533e-28 0 0 -2.885405901560544e-29
d 0 0 -3.8180538196664679e-28 0 0 -3.3908464997110673e-30 215.0078125 215.0078125 4.1404922210569351e-28 0 0 -2.8852985073720324e-29
d 0 0 -3.8180654529330418e-28 0 0 -3.3914175426227197e-30 215.3203125 215.3203125 4.1404988290868806e-28 0 0 -2.885191302366515e-29
d 0 0 -3.8180770700331841e-28 0 0 -3.3919867170066031e-30 215.6328125 215.6328125 4.1405054243960817e-28 0 0 -2.8850842894336728e-29
d 0 0 -3.8180886710295121e-28 0 0 -3.3925541036198284e-30 215.9453125 215.9453125 4.1405120074950201e-28 0 0 -2.8849774711310995e-29
d 0 0 -3.8181002559821e-28 0 0 -3.3931197671747684e-30 216.2578125 216.2578125 4.1405185788539381e-28 0 0 -2.8848708497161936e-29
d 0 0 -3.818111824948606e-28 0 0 -3.3936837613175908e-30 216.5703125 216.5703125 4.1405251389066125e-28 0 0 -2.8847644271735628e-29
d 0 0 -3.8181233779843685e-28 0 0 -3.3942461333445739e-30 216.8828125 216.8828125 4.1405316880536405e-28 0 0 -2.8846582052387407e-29
d 0 0 -3.8181349151424809e-28 0 0 -3.3948069227121465e-30 217.1953125 217.1953125 4.1405382266653292e-28 0 0 -2.884552185418835e-29
d 0 0 -3.8181464364738487e-28 0 0 -3.3953661634565815e-30 217.5078125 217.5078125 4.1405447550842418e-28 0 0 -2.8844463690105937e-29
d 0 0 -3.8181579420272217e-28 0 0 -3.3959238862801699e-30 217.8203125 217.8203125 4.1405512736274611e-28 0 0 -2.88434075711629e-29
d 0 0 -3.8181694318492106e-28 0 0 -3.3964801185038681e-30 218.1328125 218.1328125 4.1405577825886096e-28 0 0 -2.884235350657715e-29
d 0 0 -3.8181809059842869e-28 0 0 -3.3970348846122833e-30 218.4453125 218.4453125 4.1405642822396558e-28 0 0 -2.8841301503885484e-29
d 0 0 -3.8181923644747595e-28 0 0 -3.3975882069734838e-30 218.7578125 218.7578125 4.1405707728325329e-28 0 0 -2.8840251569052923e-29
d 0 0 -3.8182038073607366e-28 0 0 -3.3981401064278837e-30 219.0703125 219.0703125 4.1405772546005991e-28 0 0 -2.8839203706569519e-29
d 0 0 -3.818215234680062e-28 0 0 -3.3986906030742937e-30 219.3828125 219.3828125 4.1405837277599422e-28 0 0 -2.8838157919535896e-29
d 0 0 -3.8182266464682348e-28 0 0 -3.3992397150435288e-30 219.6953125 219.6953125 4.14059019251056e-28 0 0 -2.8837114209738839e-29
d 0 0 -3.8182380427582976e-28 0 0 -3.3997874607049345e-30 220.0078125 220.0078125 4.1405966490374096e-28 0 0 -2.8836072577717904e-29
d 0 0 -3.8182494235807047e-28 0 0 -3.4003338570660605e-30 220.3203125 220.3203125 4.140603097511348e-28 0 0 -2.8835033022824038e-29
d 0 0 -3.8182607889631488e-28 0 0 -3.400878921396762e-30 220.6328125 220.6328125 4.1406095380899646e-28 0 0 -2.8833995543270999e-29
d 0 0 -3.8182721389303623e-28 0 0 -3.401422670396998e-30 220.9453125 220.9453125 4.1406159709183084e-28 0 0 -2.8832960136180432e-29
d 0 0 -3.8182834735038678e-28 0 0 -3.4019651206123037e-30 221.2578125 221.2578125 4.1406223961295228e-28 0 0 -2.883192679762139e-29
d 0 0 -3.8182947927016808e-28 0 0 -3.4025062885688892e-30 221.5703125 221.5703125 4.1406288138453743e-28 0 0 -2.8830895522645021e-29
d 0 0 -3.8183060965379574e-28 0 0 -3.4030461910426035e-30 221.8828125 221.8828125 4.1406352241766878e-28 0 0 -2.8829866305315312e-29
d 0 0 -3.818317385022565e-28 0 0 -3.4035848443362987e-30 222.1953125 222.1953125 4.1406416272236743e-28 0 0 -2.8828839138736704e-29
d 0 0 -3.8183286581605714e-28 0 0 -3.4041222662770529e-30 222.5078125 222.5078125 4.1406480230761577e-28 0 0 -2.8827814015079552e-29
d 0 0 -3.8183399159516284e-28 0 0 -3.4046584735046548e-30 222.8203125 222.8203125 4.1406544118136779e-28 0 0 -2.8826790925604553e-29
d 0 0 -3.8183511583892262e-28 0 0 -3.4051934842266727e-30 223.1328125 223.1328125 4.1406607935054669e-28 0 0 -2.8825769860687309e-29
d 0 0 -3.8183623854597905e-28 0 0 -3.4057273159431595e-30 223.4453125 223.4453125 4.1406671682102749e-28 0 0 -2.882475080984461e-29
d 0 0 -3.8183735971415776e-28 0 0 -3.4062599879264475e-30 223.7578125 223.7578125 4.1406735359760242e-28 0 0 -2.8823733761764172e-29
d 0 0 -3.8183847934033203e-28 0 0 -3.4067915190890334e-30 224.0703125 224.0703125 4.1406798968392581e-28 0 0 -2.8822718704340054e-29
d 0 0 -3.818395974202551e-28 0 0 -3.407321929232541e-30 224.3828125 224.3828125 4.1406862508243298e-28 0 0 -2.8821705624716593e-29
d 0 0 -3.8184071394835079e-28 0 0 -3.4078512389572004e-30 224.6953125 224.6953125 4.1406925979422803e-28 0 0 -2.8820694509344337e-29
d 0 0 -3.8184182891744997e-28 0 0 -3.4083794690691389e-30 225.0078125 225.0078125 4.1406989381893098e-28 0 0 -2.8819685344052723e-29
d 0 0 -3.8184294231845527e-28 0 0 -3.408906641710773e-30 225.3203125 225.3203125 4.1407052715447274e-28 0 0 -2.8818678114145609e-29
d 0 0 -3.8184405413990936e-28 0 0 -3.4094327798851366e-30 225.6328125 225.6328125 4.1407115979682045e-28 0 0 -2.8817672804528149e-29
d 0 0 -3.8184516436743201e-28 0 0 -3.4099579079017201e-30 225.9453125 225.9453125 4.1407179173960884e-28 0 0 -2.8816669399876587e-29
d 0 0 -3.8184627298297521e-28 0 0 -3.4104820492418561e-30 226.2578125 226.2578125 4.1407242297364585e-28 0 0 -2.8815667884867652e-29
d 0 0 -3.8184737996382187e-28 0 0 -3.4110052283818044e-30 226.5703125 226.5703125 4.1407305348623352e-28 0 0 -2.8814668244491673e-29
d 0 0 -3.818484852812142e-28 0 0 -3.4115272395538438e-30 226.8828125 226.8828125 4.140736832602516e-28 0 0 -2.8813670464499759e-29
d 0 0 -3.8184958889843672e-28 0 0 -3.4120488423757034e-30 227.1953125 227.1953125 4.1407431227299809e-28 0 0 -2.8812674532195691e-29
d 0 0 -3.8185069076806754e-28 0 0 -3.4125689638394127e-30 227.5078125 227.5078125 4.1407494049320648e-28 0 0 -2.8811680436195103e-29
d 0 0 -3.8185179082794212e-28 0 0 -3.4130888544084443e-30 227.8203125 227.8203125 4.1407556788053751e-28 0 0 -2.8810688170023815e-29
d 0 0 -3.8185288899500505e-28 0 0 -3.4136076288011941e-30 228.1328125 228.1328125 4.14076194379049e-28 0 0 -2.8809697731765077e-29
d 0 0 -3.8185398515561441e-28 0 0 -3.4141256080105375e-30 228.4453125 228.4453125 4.1407681991146973e-28 0 0 -2.8808709128197865e-29
d 0 0 -3.8185507914951596e-28 0 0 -3.4146428225961764e-30 228.7578125 228.7578125 4.1407744436791259e-28 0 0 -2.8807722379666842e-29
d 0 0 -3.8185617074183968e-28 0 0 -3.4151592973827815e-30 229.0703125 229.0703125 4.1407806758633639e-28 0 0 -2.8806737528833474e-29
d 0 0 -3.8185725957061911e-28 0 0 -3.4156750735286104e-30 229.3828125 229.3828125 4.140786893159728e-28 0 0 -2.880575465706785e-29
d 0 0 -3.818594260665294e-28 0 0 -3.4167046314438984e-30 230.0078125 230.0078125 4.1407992631325995e-28 0 0 -2.8803795615286665e-29
d 0 0 -3.8186050040219741e-28 0 0 -3.4172184379756439e-30 230.3203125 230.3203125 4.140805392613934e-28 0 0 -2.8802820415995693e-29
d 0 0 -3.8186156218367521e-28 0 0 -3.417731605309235e-30 230.6328125 230.6328125 4.1408114390239055e-28 0 0 -2.8801850111736435e-29
d 0 0 -3.8186258931705004e-28 0 0 -3.4182439738248649e-30 230.9453125 230.9453125 4.1408172484278947e-28 0 0 -2.8800891556050103e-29
d 0 0 -3.8186351503811305e-28 0 0 -3.4187549432729643e-30 231.2578125 231.2578125 4.1408223557355316e-28 0 0 -2.8799965604854575e-29
d 0 0 -3.8186439019486186e-28 0 0 -3.4192648317790779e-30 231.5703125 231.5703125 4.1408271152422286e-28 0 0 -2.879905651451869e-29
d 0 0 -3.8186530888311997e-28 0 0 -3.4197746334977288e-30 231.8828125 231.8828125 4.1408321821270037e-28 0 0 -2.8798134696052441e-29
d 0 0 -3.8186632935521032e-28 0 0 -3.4202852919001202e-30 232.1953125 232.1953125 4.1408379617358272e-28 0 0 -2.8797181536389467e-29
d 0 0 -3.8186738431548144e-28 0 0 -3.4207960222098711e-30 232.5078125 232.5078125 4.1408439857435015e-28 0 0 -2.8796218245625022e-29
d 0 0 -3.8186844973951403e-28 0 0 -3.4213065637378637e-30 232.8203125 232.8203125 4.1408500869964583e-28 0 0 -2.8795252406011373e-29
d 0 0 -3.8186951937757265e-28 0 0 -3.4218168637245571e-30 233.1328125 233.1328125 4.1408562220245796e-28 0 0 -2.8794285971796591e-29
d 0 0 -3.8187059086255014e-28 0 0 -3.4223269191017297e-30 233.4453125 233.4453125 4.1408623743699698e-28 0 0 -2.8793319667011643e-29
d 0 0 -3.8187166306610002e-28 0 0 -3.4228367419090831e-30 233.7578125 233.7578125 4.1408685361914137e-28 0 0 -2.8792353823845405e-29
d 0 0 -3.8187273536790645e-28 0 0 -3.4233463491824626e-30 234.0703125 234.0703125 4.1408747031805998e-28 0 0 -2.8791388614707252e-29
d 0 0 -3.8187380739255545e-28 0 0 -3.4238557593222797e-30 234.3828125 234.3828125 4.1408808727316491e-28 0 0 -2.8790424135967124e-29
d 0 0 -3.8187487889667531e-28 0 0 -3.4243649905319789e-30 234.6953125 234.6953125 4.1408870431560612e-28 0 0 -2.878946044399057e-29
d 0 0 -3.8187594971417689e-28 0 0 -3.4248740597635441e-30 235.0078125 235.0078125 4.1408932133018287e-28 0 0 -2.8788497572709018e-29
d 0 0 -3.8187701972713352e-28 0 0 -3.4253829821830106e-30 235.3203125 235.3203125 4.1408993823508984e-28 0 0 -2.8787535543026068e-29
d 0 0 -3.8187808884915872e-28 0 0 -3.4258917709878264e-30 235.6328125 235.6328125 4.1409055497035629e-28 0 0 -2.8786574368230975e-29
d 0 0 -3.8187915701536585e-28 0 0 -3.4264004369611142e-30 235.9453125 235.9453125 4.1409117149086345e-28 0 0 -2.8785614057296353e-29
d 0 0 -3.8188022417601785e-28 0 0 -3.4269089883868418e-30 236.2578125 236.2578125 4.1409178776192846e-28 0 0 -2.878465461697748e-29
d 0 0 -3.8188129029238057e-28 0 0 -3.4274173578441687e-30 236.5703125 236.5703125 4.140924037556544e-28 0 0 -2.878369612551991e-29
d 0 0 -3.8188235533387351e-28 0 0 -3.4279254970976987e-30 236.8828125 236.8828125 4.140930194499324e-28 0 0 -2.8782738639639487e-29
d 0 0 -3.8188341927602732e-28 0 0 -3.4284334830403261e-30 237.1953125 237.1953125 4.1409363482814868e-28 0 0 -2.8781782090337094e-29
d 0 0 -3.8188448209914363e-28 0 0 -3.42894131227988e-30 237.5078125 237.5078125 4.140942498761021e-28 0 0 -2.8780826486478925e-29
d 0 0 -3.8188554378723774e-28 0 0 -3.4294489787959472e-30 237.8203125 237.8203125 4.140948645820804e-28 0 0 -2.8779871838325081e-29
d 0 0 -3.818866043272685e-28 0 0 -3.4299564741501893e-30 238.1328125 238.1328125 4.1409547893632722e-28 0 0 -2.8778918157687442e-29
d 0 0 -3.8188766370855517e-28 0 0 -3.4304637873144756e-30 238.4453125 238.4453125 4.1409609293063943e-28 0 0 -2.8777965458004114e-29
d 0 0 -3.8188872192232928e-28 0 0 -3.4309709050582849e-30 238.7578125 238.7578125 4.1409670655805888e-28 0 0 -2.8777013754349183e-29
d 0 0 -3.8188977896138511e-28 0 0 -3.4314778119231685e-30 239.0703125 239.0703125 4.1409731981263321e-28 0 0 -2.8776063063391745e-29
d 0 0 -3.8189083481980421e-28 0 0 -3.4319844905791164e-30 239.3828125 239.3828125 4.1409793268922825e-28 0 0 -2.8775113403314976e-29
d 0 0 -3.8189188949273543e-28 0 0 -3.4324909217869733e-30 239.6953125 239.6953125 4.1409854518337983e-28 0 0 -2.8774164793704006e-29
d 0 0 -3.8189294297621811e-28 0 0 -3.4329970847386676e-30 240.0078125 240.0078125 4.1409915729117526e-28 0 0 -2.8773217255409842e-29
d 0 0 -3.8189399526703799e-28 0 0 -3.433502957250329e-30 240.3203125 240.3203125 4.1409976900915834e-28 0 0 -2.8772270810395573e-29
d 0 0 -3.8189504636260961e-28 0 0 -3.434008515926742e-30 240.6328125 240.6328125 4.1410038033425249e-28 0 0 -2.8771325481570249e-29
d 0 0 -3.8189609626087936e-28 0 0 -3.4345137363771958e-30 240.9453125 240.9453125 4.1410099126369905e-28 0 0 -2.8770381292615242e-29
d 0 0 -3.8189714496024522e-28 0 0 -3.4350185934322889e-30 241.2578125 241.2578125 4.1410160179500626e-28 0 0 -2.8769438267807123e-29
d 0 0 -3.8189819245948989e-28 0 0 -3.4355230613646006e-30 241.5703125 241.5703125 4.1410221192590848e-28 0 0 -2.8768496431840847e-29
d 0 0 -3.8189923875772523e-28 0 0 -3.4360271140665644e-30 241.8828125 241.8828125 4.141028216543323e-28 0 0 -2.8767555809656302e-29
d 0 0 -3.8190028385434548e-28 0 0 -3.4365307252291505e-30 242.1953125 242.1953125 4.1410343097836982e-28 0 0 -2.8766616426270903e-29
d 0 0 -3.8190132774898818e-28 0 0 -3.4370338685142817e-30 242.5078125 242.5078125 4.1410403989625588e-28 0 0 -2.8765678306620562e-29
d 0 0 -3.8190237044150128e-28 0 0 -3.4375365177643693e-30 242.8203125 242.8203125 4.1410464840635011e-28 0 0 -2.8764741475410657e-29
d 0 0 -3.8190341193191522e-28 0 0 -3.4380386470250867e-30 243.1328125 243.1328125 4.1410525650712213e-28 0 0 -2.8763805956978654e-29
d 0 0 -3.8190445222041937e-28 0 0 -3.43854023090688e-30 243.4453125 243.4453125 4.1410586419713919e-28 0 0 -2.8762871775169098e-29
d 0 0 -3.8190549130734192e-28 0 0 -3.4390412444846972e-30 243.7578125 243.7578125 4.1410647147505656e-28 0 0 -2.8761938953221937e-29
d 0 0 -3.8190652919313273e-28 0 0 -3.4395416710324332e-30 244.0703125 244.0703125 4.1410707833960873e-28 0 0 -2.8761007513674286e-29
d 0 0 -3.819075658783485e-28 0 0 -3.4400414718381102e-30 244.3828125 244.3828125 4.1410768478960283e-28 0 0 -2.876007747827585e-29
d 0 0 -3.8190860136363953e-28 0 0 -3.4405406318730529e-30 244.6953125 244.6953125 4.1410829082391225e-28 0 0 -2.8759148867917776e-29
d 0 0 -3.8190963564973843e-28 0 0 -3.4410391293483986e-30 245.0078125 245.0078125 4.1410889644147156e-28 0 0 -2.8758221702574514e-29
d 0 0 -3.819106687374498e-28 0 0 -3.4415369434394307e-30 245.3203125 245.3203125 4.1410950164127138e-28 0 0 -2.8757296001258163e-29
d 0 0 -3.8191170062764074e-28 0 0 -3.442034054278402e-30 245.6328125 245.6328125 4.1411010642235434e-28 0 0 -2.8756371781984619e-29
d 0 0 -3.8191376081919084e-28 0 0 -3.4430260491068797e-30 246.2578125 246.2578125 4.1411131472481886e-28 0 0 -2.8754527856521152e-29
d 0 0 -3.8191478912252115e-28 0 0 -3.4435209407137485e-30 246.5703125 246.5703125 4.1411191824443752e-28 0 0 -2.8753608181225414e-29
d 0 0 -3.819158162322578e-28 0 0 -3.4440150599676987e-30 246.8828125 246.8828125 4.1411252134196463e-28 0 0 -2.8752690049761848e-29
d 0 0 -3.8191684214945816e-28 0 0 -3.4445083921689994e-30 247.1953125 247.1953125 4.1411312401661431e-28 0 0 -2.8751773475009831e-29
d 0 0 -3.8191786687519479e-28 0 0 -3.4450009236287772e-30 247.5078125 247.5078125 4.1411372626764899e-28 0 0 -2.8750858468847993e-29
d 0 0 -3.8191889041054766e-28 0 0 -3.445492641647989e-30 247.8203125 247.8203125 4.1411432809435113e-28 0 0 -2.8749945042177985e-29
d 0 0 -3.8191991275659664e-28 0 0 -3.4459835344914405e-30 248.1328125 248.1328125 4.1411492949601841e-28 0 0 -2.8749033204952891e-29
d 0 0 -3.8192093391441304e-28 0 0 -3.4464735913578769e-30 248.4453125 248.4453125 4.1411553047195794e-28 0 0 -2.8748122966209452e-29
d 0 0 -3.8192195388505162e-28 0 0 -3.4469628023471868e-30 248.7578125 248.7578125 4.1411613102147989e-28 0 0 -2.8747214334103468e-29
d 0 0 -3.8192297266954141e-28 0 0 -3.4474511584249945e-30 249.0703125 249.0703125 4.1411673114389171e-28 0 0 -2.8746307315947609e-29
d 0 0 -3.8192399026887668e-28 0 0 -3.447938651384997e-30 249.3828125 249.3828125 4.1411733083849056e-28 0 0 -2.8745401918251103e-29
d 0 0 -3.8192500668400645e-28 0 0 -3.4484252738110156e-30 249.6953125 249.6953125 4.1411793010455612e-28 0 0 -2.8744498146760741e-29
d 0 0 -3.8192602191582433e-28 0 0 -3.4489110190375058e-30 250.0078125 250.0078125 4.1411852894134256e-28 0 0 -2.8743596006502758e-29
d 0 0 -3.8192703596515639e-28 0 0 -3.4493958811101128e-30 250.3203125 250.3203125 4.1411912734806974e-28 0 0 -2.8742695501825163e-29
d 0 0 -3.8192804883274866e-28 0 0 -3.4498798547465742e-30 250.6328125 250.6328125 4.1411972532391357e-28 0 0 -2.8741796636440221e-29
d 0 0 -3.8193007102521279e-28 0 0 -3.4508451187081645e-30 251.2578125 251.2578125 4.1412091995621517e-28 0 0 -2.8740003835472335e-29
d 0 0 -3.8193108035104337e-28 0 0 -3.4513264014818915e-30 251.5703125 251.5703125 4.1412151665701802e-28 0 0 -2.8739109904514411e-29
d 0 0 -3.819320884970153e-28 0 0 -3.4518067806432837e-30 251.8828125 251.8828125 4.1412211289981868e-28 0 0 -2.8738217622181602e-29
d 0 0 -3.8193309546323163e-28 0 0 -3.4522862537039993e-30 252.1953125 252.1953125 4.1412270870654799e-28 0 0 -2.873732698963383e-29
d 0 0 -3.8193410124960327e-28 0 0 -3.4527648186290783e-30 252.5078125 252.5078125 4.14123304075853e-28 0 0 -2.8736438007642012e-29
d 0 0 -3.8193510585582134e-28 0 0 -3.4532424738053389e-30 252.8203125 252.8203125 4.1412389900623267e-28 0 0 -2.8735550676627248e-29
d 0 0 -3.8193610928132469e-28 0 0 -3.453719218011204e-30 253.1328125 253.1328125 4.1412449349601434e-28 0 0 -2.8734664996699574e-29
d 0 0 -3.8193711152526305e-28 0 0 -3.4541950503877759e-30 253.4453125 253.4453125 4.141250875433263e-28 0 0 -2.8733780967696525e-29
d 0 0 -3.819381125864533e-28 0 0 -3.4546699704121894e-30 253.7578125 253.7578125 4.1412568114606649e-28 0 0 -2.8732898589221761e-29
d 0 0 -3.8193911246332941e-28 0 0 -3.4551439778723306e-30 254.0703125 254.0703125 4.141262743018651e-28 0 0 -2.8732017860684171e-29
d 0 0 -3.8194011115388225e-28 0 0 -3.4556170728424713e-30 254.3828125 254.3828125 4.1412686700804189e-28 0 0 -2.873113878133782e-29
d 0 0 -3.819411086555893e-28 0 0 -3.4560892556620779e-30 254.6953125 254.6953125 4.1412745926155424e-28 0 0 -2.8730261350323394e-29
d 0 0 -3.819421049653299e-28 0 0 -3.4565605269149806e-30 255.0078125 255.0078125 4.1412805105893637e-28 0 0 -2.8729385566711916e-29
d 0 0 -3.8194310007928387e-28 0 0 -3.4570308874105868e-30 255.3203125 255.3203125 4.1412864239622571e-28 0 0 -2.8728511429551579e-29
d 0 0 -3.8194409399280845e-28 0 0 -3.4575003381668012e-30 255.6328125 255.6328125 4.1412923326887408e-28 0 0 -2.872763893791905e-29
d 0 0 -3.8194508670028795e-28 0 0 -3.4579688803943168e-30 255.9453125 255.9453125 4.1412982367163886e-28 0 0 -2.8726768090976751e-29
d 0 0 -3.8194607819494901e-28 0 0 -3.4584365154830726e-30 256.2578125 256.2578125 4.1413041359845032e-28 0 0 -2.8725898888038237e-29
d 0 0 -3.8194706846863087e-28 0 0 -3.4589032449896854e-30 256.5703125 256.5703125 4.1413100304224509e-28 0 0 -2.872503132864438e-29
d 0 0 -3.8194805751149727e-28 0 0 -3.4593690706274999e-30 256.8828125 256.8828125 4.1413159199475914e-28 0 0 -2.8724165412654103e-29
d 0 0 -3.8194904531167201e-28 0 0 -3.4598339942580275e-30 257.1953125 257.1953125 4.1413218044626492e-28 0 0 -2.8723301140354633e-29
d 0 0 -3.8195003185477194e-28 0 0 -3.4602980178846465e-30 257.5078125 257.5078125 4.1413276838523527e-28 0 0 -2.8722438512598161e-29
d 0 0 -3.8195101712330245e-28 0 0 -3.4607611436497138e-30 257.8203125 257.8203125 4.1413335579790733e-28 0 0 -2.8721577530974523e-29
d 0 0 -3.8195200109586421e-28 0 0 -3.4612233738336976e-30 258.1328125 258.1328125 4.1413394266771215e-28 0 0 -2.8720718198033588e-29
d 0 0 -3.8195298374609835e-28 0 0 -3.4616847108587452e-30 258.4453125 258.4453125 4.1413452897451479e-28 0 0 -2.8719860517576877e-29
d 0 0 -3.8195396504126263e-28 0 0 -3.4621451572986768e-30 258.7578125 258.7578125 4.1413511469358955e-28 0 0 -2.8719004495047347e-29
d 0 0 -3.8195494494027853e-28 0 0 -3.4626047158943453e-30 259.0703125 259.0703125 4.1413569979421403e-28 0 0 -2.8718150138060102e-29
d 0 0 -3.8195592339100539e-28 0 0 -3.4630633895810757e-30 259.3828125 259.3828125 4.1413628423770683e-28 0 0 -2.8717297457139214e-29
d 0 0 -3.8195690032636518e-28 0 0 -3.463521181531031e-30 259.6953125 259.6953125 4.1413686797463876e-28 0 0 -2.8716446466761222e-29
d 0 0 -3.8195787565872615e-28 0 0 -3.4639780952190045e-30 260.0078125 260.0078125 4.1413745094078955e-28 0 0 -2.8715597186862966e-29
d 0 0 -3.8195884927160365e-28 0 0 -3.4644341345254188e-30 260.3203125 260.3203125 4.1413803305117458e-28 0 0 -2.8714749645063948e-29
d 0 0 -3.8195982100718015e-28 0 0 -3.4648893038989179e-30 260.6328125 260.6328125 4.1413861419106074e-28 0 0 -2.8713903879999991e-29
d 0 0 -3.8196079064731027e-28 0 0 -3.4653436086169207e-30 260.9453125 260.9453125 4.1413919420229126e-28 0 0 -2.8713059946382293e-29
d 0 0 -3.8196175788467355e-28 0 0 -3.4657970552088399e-30 261.2578125 261.2578125 4.1413977286251311e-28 0 0 -2.8712217922648822e-29
d 0 0 -3.8196272228057227e-28 0 0 -3.4662496521411623e-30 261.5703125 261.5703125 4.1414034985477491e-28 0 0 -2.871137792207947e-29
d 0 0 -3.8196368321088295e-28 0 0 -3.4667014108808395e-30 261.8828125 261.8828125 4.1414092472855396e-28 0 0 -2.8710540106808117e-29
d 0 0 -3.8196463982424695e-28 0 0 -3.4671523473285747e-30 262.1953125 262.1953125 4.1414149686948398e-28 0 0 -2.8709704697926216e-29
d 0 0 -3.8196559108440867e-28 0 0 -3.4676024831724876e-30 262.5078125 262.5078125 4.1414206552945472e-28 0 0 -2.870887196189129e-29
d 0 0 -3.8196653591415433e-28 0 0 -3.4680518470372223e-30 262.8203125 262.8203125 4.1414262992973776e-28 0 0 -2.870804216856373e-29
d 0 0 -3.8196747291544043e-28 0 0 -3.4685004818389104e-30 263.1328125 263.1328125 4.1414318905949566e-28 0 0 -2.8707215662233721e-29
d 0 0 -3.8196839833322644e-28 0 0 -3.4689484816421896e-30 263.4453125 263.4453125 4.1414374021049616e-28 0 0 -2.8706393395644813e-29
d 0 0 -3.8196929980669901e-28 0 0 -3.4693961161273376e-30 263.7578125 263.7578125 4.1414427447916619e-28 0 0 -2.8705578556357107e-29
d 0 0 -3.8197016856494307e-28 0 0 -3.4698435953973038e-30 264.0703125 264.0703125 4.1414478557473051e-28 0 0 -2.8704773414407274e-29
d 0 0 -3.8197099984321225e-28 0 0 -3.4702910810501228e-30 264.3828125 264.3828125 4.1414527102510509e-28 0 0 -2.8703980100859784e-29
d 0 0 -3.8197181536208743e-28 0 0 -3.4707417595948493e-30 264.6953125 264.6953125 4.1414577931819768e-28 0 0 -2.8703222196532376e-29
d 0 0 -3.8197267574445996e-28 0 0 -3.471464483489489e-30 265.0078125 265.0078125 4.1414878467439808e-28 0 0 -2.870464444646553e-29
d 0 0 -3.819761265896488e-28 0 0 -3.4810910884221429e-30 265.3203125 265.3203125 4.1423419274283705e-28 0 0 -2.8776975064782924e-29
d 0 0 -3.819783912855479e-28 0 0 -3.4866712183442389e-30 265.6328125 265.6328125 4.142820090619954e-28 0 0 -2.8816946558119898e-29
d 0 0 -3.8197920631346043e-28 0 0 -3.4872992360825332e-30 265.9453125 265.9453125 4.1428395346748113e-28 0 0 -2.8817447917954702e-29
d 0 0 -3.8197998496789437e-28 0 0 -3.4877971779374537e-30 266.2578125 266.2578125 4.1428476409541599e-28 0 0 -2.8816981949600669e-29
d 0 0 -3.8198075228740332e-28 0 0 -3.4882543791779243e-30 266.5703125 266.5703125 4.1428523782147841e-28 0 0 -2.8816231154913448e-29
d 0 0 -3.8198151844318731e-28 0 0 -3.4887093178706455e-30 266.8828125 266.8828125 4.1428569949860832e-28 0 0 -2.8815471737566584e-29
d 0 0 -3.8198228375583332e-28 0 0 -3.4891631907880926e-30 267.1953125 267.1953125 4.1428615931520578e-28 0 0 -2.8814712368600492e-29
d 0 0 -3.8198304823385965e-28 0 0 -3.489616030975285e-30 267.5078125 267.5078125 4.1428661751889884e-28 0 0 -2.8813953254079843e-29
d 0 0 -3.8198381188153713e-28 0 0 -3.4900678561417629e-30 267.8203125 267.8203125 4.1428707422714672e-28 0 0 -2.8813194489483711e-29
d 0 0 -3.8198457470247731e-28 0 0 -3.4905186821269309e-30 268.1328125 268.1328125 4.1428752954214555e-28 0 0 -2.8812436157557e-29
d 0 0 -3.8198533669971896e-28 0 0 -3.4909685233030009e-30 268.4453125 268.4453125 4.1428798355426433e-28 0 0 -2.8811678331257971e-29
d 0 0 -3.8198609787575895e-28 0 0 -3.4914173927792005e-30 268.7578125 268.7578125 4.1428843634381536e-28 0 0 -2.8810921075292749e-29
d 0 0 -3.8198685823256842e-28 0 0 -3.4918653025636823e-30 269.0703125 269.0703125 4.1428888798247533e-28 0 0 -2.8810164447358647e-29
d 0 0 -3.8198761777159567e-28 0 0 -3.4923122636930582e-30 269.3828125 269.3828125 4.1428933853444221e-28 0 0 -2.8809408499168803e-29
d 0 0 -3.8198837649375676e-28 0 0 -3.4927582863345648e-30 269.6953125 269.6953125 4.1428978805738114e-28 0 0 -2.8808653277305012e-29
d 0 0 -3.8198913439941348e-28 0 0 -3.4932033798673304e-30 270.0078125 270.0078125 4.142902366032008e-28 0 0 -2.8807898823935036e-29
d 0 0 -3.8198989148833794e-28 0 0 -3.4936475529449775e-30 270.3203125 270.3203125 4.14290684218691e-28 0 0 -2.8807145177422997e-29
d 0 0 -3.8199064775966259e-28 0 0 -3.4940908135422636e-30 270.6328125 270.6328125 4.142911309460456e-28 0 0 -2.8806392372855665e-29
d 0 0 -3.8199140321181278e-28 0 0 -3.4945331689869349e-30 270.9453125 270.9453125 4.1429157682328842e-28 0 0 -2.8805640442503507e-29
d 0 0 -3.8199215784241938e-28 0 0 -3.4949746259789237e-30 271.2578125 271.2578125 4.1429202188461582e-28 0 0 -2.8804889416232164e-29
d 0 0 -3.8199291164820629e-28 0 0 -3.4954151905943808e-30 271.5703125 271.5703125 4.1429246616066425e-28 0 0 -2.8804139321878132e-29
d 0 0 -3.8199366462484651e-28 0 0 -3.4958548682764811e-30 271.8828125 271.8828125 4.1429290967870986e-28 0 0 -2.8803390185601344e-29
d 0 0 -3.8199441676677821e-28 0 0 -3.4962936638090664e-30 272.1953125 272.1953125 4.1429335246280008e-28 0 0 -2.8802642032227114e-29
d 0 0 -3.8199516806696827e-28 0 0 -3.4967315812718083e-30 272.5078125 272.5078125 4.1429379453381637e-28 0 0 -2.8801894885590481e-29
d 0 0 -3.8199591851660656e-28 0 0 -3.4971686239714376e-30 272.8203125 272.8203125 4.14294235909462e-28 0 0 -2.8801148768898129e-29
d 0 0 -3.8199666810470648e-28 0 0 -3.4976047943419903e-30 273.1328125 273.1328125 4.1429467660416097e-28 0 0 -2.8800403705126444e-29
d 0 0 -3.8199741681757609e-28 0 0 -3.4980400938055593e-30 273.4453125 273.4453125 4.1429511662884797e-28 0 0 -2.8799659717480206e-29
d 0 0 -3.8199816463810892e-28 0 0 -3.4984745225763976e-30 273.7578125 273.7578125 4.1429555599061749e-28 0 0 -2.879891682994596e-29
d 0 0 -3.8199891154481588e-28 0 0 -3.4989080793869515e-30 274.0703125 274.0703125 4.1429599469217876e-28 0 0 -2.8798175067989679e-29
d 0 0 -3.819996575104781e-28 0 0 -3.4993407610990586e-30 274.3828125 274.3828125 4.1429643273103724e-28 0 0 -2.8797434459473703e-29
d 0 0 -3.8200040250022948e-28 0 0 -3.4997725621442469e-30 274.6953125 274.6953125 4.1429687009827099e-28 0 0 -2.8796695035910776e-29
d 0 0 -3.8200114646875507e-28 0 0 -3.5002034736990395e-30 275.0078125 275.0078125 4.1429730677668811e-28 0 0 -2.8795956834247381e-29
d 0 0 -3.820018893560707e-28 0 0 -3.5006334824358793e-30 275.3203125 275.3203125 4.1429774273799637e-28 0 0 -2.8795219899503152e-29
d 0 0 -3.8200263108093037e-28 0 0 -3.5010625685647466e-30 275.6328125 275.6328125 4.1429817793832944e-28 0 0 -2.8794484288847535e-29
d 0 0 -3.8200337153007178e-28 0 0 -3.5014907026306756e-30 275.9453125 275.9453125 4.1429861231089402e-28 0 0 -2.8793750078204673e-29
d 0 0 -3.8200411053971797e-28 0 0 -3.5019178399956519e-30 276.2578125 276.2578125 4.1429904575326987e-28 0 0 -2.8793017373569249e-29
d 0 0 -3.8200484786158684e-28 0 0 -3.5023439106864001e-30 276.5703125 276.5703125 4.1429947810401538e-28 0 0 -2.8792286331755058e-29
d 0 0 -3.8200558309490842e-28 0 0 -3.5027687990701538e-30 276.8828125 276.8828125 4.142999090958176e-28 0 0 -2.8791557201851887e-29
d 0 0 -3.8200631553420566e-28 0 0 -3.5031922983089755e-30 277.1953125 277.1953125 4.143003382505231e-28 0 0 -2.879083041802118e-29
d 0 0 -3.8200704377002233e-28 0 0 -3.5036139908022875e-30 277.5078125 277.5078125 4.1430076460372553e-28 0 0 -2.8790106842913607e-29
d 0 0 -3.8200776436031552e-28 0 0 -3.5040328500394222e-30 277.8203125 277.8203125 4.1430118578823386e-28 0 0 -2.878938857789159e-29
d 0 0 -3.8200846536362935e-28 0 0 -3.5044453008999844e-30 278.1328125 278.1328125 4.1430159357316818e-28 0 0 -2.878868290865147e-29
d 0 0 -3.8200909407015198e-28 0 0 -3.5048355267300644e-30 278.4453125 278.4453125 4.1430195161487427e-28 0 0 -2.8788022018004956e-29
d 0 0 -3.820096553695312e-28 0 0 -3.5052049844964023e-30 278.7578125 278.7578125 4.143022633545289e-28 0 0 -2.8787403000513966e-29
d 0 0 -3.8201026383097996e-28 0 0 -3.5055881909293782e-30 279.0703125 279.0703125 4.1430260779597673e-28 0 0 -2.8786755774079972e-29
d 0 0 -3.8201095602929991e-28 0 0 -3.5059962206057134e-30 279.3828125 279.3828125 4.1430301007924844e-28 0 0 -2.8786057829355118e-29
d 0 0 -3.8201167173854917e-28 0 0 -3.5064108504187286e-30 279.6953125 279.6953125 4.1430342869344527e-28 0 0 -2.8785346104489516e-29
d 0 0 -3.8201239494689649e-28 0 0 -3.5068272309199528e-30 280.0078125 280.0078125 4.1430385261094506e-28 0 0 -2.8784630433140665e-29
d 0 0 -3.820131214250671e-28 0 0 -3.5072440816399943e-30 280.3203125 280.3203125 4.1430427892251507e-28 0 0 -2.8783913415819858e-29
d 0 0 -3.8201384952549807e-28 0 0 -3.50766090496627e-30 280.6328125 280.6328125 4.1430470649744143e-28 0 0 -2.8783196066988957e-29
d 0 0 -3.820153077435491e-28 0 0 -3.5084936116765731e-30 281.2578125 281.2578125 4.1430556349045605e-28 0 0 -2.878176213263782e-29
d 0 0 -3.8201603714118412e-28 0 0 -3.5089092867109242e-30 281.5703125 281.5703125 4.1430599242003355e-28 0 0 -2.8781045992150162e-29
d 0 0 -3.8201676646130039e-28 0 0 -3.5093244255786253e-30 281.8828125 281.8828125 4.1430642145679528e-28 0 0 -2.8780330569927806e-29
d 0 0 -3.8201822441188202e-28 0 0 -3.5101529261686575e-30 282.5078125 282.5078125 4.143072795499882e-28 0 0 -2.8778902163560545e-29
d 0 0 -3.8201968096416486e-28 0 0 -3.5109790666062073e-30 283.1328125 283.1328125 4.143081373588239e-28 0 0 -2.8777477304173369e-29
d 0 0 -3.8202113576178723e-28 0 0 -3.5118026849081639e-30 283.7578125 283.7578125 4.1430899465722455e-28 0 0 -2.8776056210781058e-29
d 0 0 -3.8202258858632191e-28 0 0 -3.5126237129864503e-30 284.3828125 284.3828125 4.1430985131462904e-28 0 0 -2.8774639015320687e-29
d 0 0 -3.8202331421236427e-28 0 0 -3.5130332558143968e-30 284.6953125 284.6953125 4.1431027937468663e-28 0 0 -2.8773931906518879e-29
d 0 0 -3.8202403929608237e-28 0 0 -3.513442149177793e-30 285.0078125 285.0078125 4.1431070724586453e-28 0 0 -2.8773225800615284e-29
d 0 0 -3.8202548779539867e-28 0 0 -3.5142579844654293e-30 285.6328125 285.6328125 4.1431156239943165e-28 0 0 -2.8771816619567079e-29
d 0 0 -3.8202693401784222e-28 0 0 -3.5150712172795608e-30 286.2578125 286.2578125 4.1431241674084905e-28 0 0 -2.8770411505679688e-29
d 0 0 -3.8202837791641903e-28 0 0 -3.5158818517221841e-30 286.8828125 286.8828125 4.1431327024742726e-28 0 0 -2.8769010479286058e-29
d 0 0 -3.8202981945752153e-28 0 0 -3.5166898952647366e-30 287.5078125 287.5078125 4.143141229042397e-28 0 0 -2.876761355145313e-29
d 0 0 -3.8203125861704338e-28 0 0 -3.5174953580558828e-30 288.1328125 288.1328125 4.1431497470161934e-28 0 0 -2.8766220726520068e-29
d 0 0 -3.8203269537778854e-28 0 0 -3.5182982519074149e-30 288.7578125 288.7578125 4.1431582563351695e-28 0 0 -2.8764832003820976e-29
d 0 0 -3.8203412972768987e-28 0 0 -3.5190985898177263e-30 289.3828125 289.3828125 4.1431667569640056e-28 0 0 -2.8763447378892975e-29
d 0 0 -3.8203556165855113e-28 0 0 -3.5198963856059137e-30 290.0078125 290.0078125 4.1431752488818538e-28 0 0 -2.8762066844347871e-29
d 0 0 -3.820369911651383e-28 0 0 -3.5206916536292524e-30 290.6328125 290.6328125 4.1431837320928441e-28 0 0 -2.8760690390516924e-29
d 0 0 -3.8203841824450859e-28 0 0 -3.5214844086311126e-30 291.2578125 291.2578125 4.1431922065907802e-28 0 0 -2.8759318005938302e-29
d 0 0 -3.8203984289550672e-28 0 0 -3.5222746655687606e-30 291.8828125 291.8828125 4.143200672387713e-28 0 0 -2.8757949677732967e-29
d 0 0 -3.8204126511837916e-28 0 0 -3.5230624394859818e-30 292.5078125 292.5078125 4.1432091294976473e-28 0 0 -2.8756585391899645e-29
d 0 0 -3.8204268491447423e-28 0 0 -3.523847745653418e-30 293.1328125 293.1328125 4.1432175779353332e-28 0 0 -2.8755225133550207e-29
d 0 0 -3.8204339390314341e-28 0 0 -3.5242394777749098e-30 293.4453125 293.4453125 4.1432217989073977e-28 0 0 -2.8754546509834575e-29
d 0 0 -3.8204410228600458e-28 0 0 -3.5246305987087665e-30 293.7578125 293.7578125 4.1432260177180017e-28 0 0 -2.8753868887100408e-29
d 0 0 -3.8204481006343814e-28 0 0 -3.525021110186539e-30 294.0703125 294.0703125 4.1432302343692715e-28 0 0 -2.8753192263316644e-29
d 0 0 -3.8204551723585644e-28 0 0 -3.5254110140725008e-30 294.3828125 294.3828125 4.1432344488634099e-28 0 0 -2.8752516636426886e-29
d 0 0 -3.8204692976743216e-28 0 0 -3.5261890064753449e-30 295.0078125 295.0078125 4.1432428713890595e-28 0 0 -2.8751168364998468e-29
d 0 0 -3.820483398845187e-28 0 0 -3.5269645906621795e-30 295.6328125 295.6328125 4.1432512853116889e-28 0 0 -2.8749824055987777e-29
d 0 0 -3.8204974759117319e-28 0 0 -3.5277377811813113e-30 296.2578125 296.2578125 4.143259690647226e-28 0 0 -2.874848369236808e-29
d 0 0 -3.820511528916214e-28 0 0 -3.5285085923869685e-30 296.8828125 296.8828125 4.1432680874100737e-28 0 0 -2.8747147256999001e-29
d 0 0 -3.820525557901632e-28 0 0 -3.5292770384133604e-30 297.5078125 297.5078125 4.1432764756128102e-28 0 0 -2.8745814732704462e-29
d 0 0 -3.820539562910809e-28 0 0 -3.5300431331537148e-30 298.1328125 298.1328125 4.1432848552658019e-28 0 0 -2.8744486102345572e-29
d 0 0 -3.8205535439854693e-28 0 0 -3.5308068902404825e-30 298.7578125 298.7578125 4.1432932263767849e-28 0 0 -2.8743161348891024e-29
d 0 0 -3.8205675011652603e-28 0 0 -3.5315683230246712e-30 299.3828125 299.3828125 4.1433015889503823e-28 0 0 -2.8741840455487507e-29
d 0 0 -3.8205814344866836e-28 0 0 -3.5323274445527052e-30 300.0078125 300.0078125 4.1433099429875358e-28 0 0 -2.8740523405532566e-29
d 0 0 -3.8205953439818896e-28 0 0 -3.5330842675412659e-30 300.6328125 300.6328125 4.1433182884848286e-28 0 0 -2.873921018275258e-29
d 0 0 -3.8206092296772883e-28 0 0 -3.5338388043473939e-30 301.2578125 301.2578125 4.14332662543365e-28 0 0 -2.8737900771288724e-29
d 0 0 -3.820623091591922e-28 0 0 -3.5345910669326432e-30 301.8828125 301.8828125 4.1433349538191908e-28 0 0 -2.8736595155794189e-29
d 0 0 -3.8206369297355335e-28 0 0 -3.5353410668202889e-30 302.5078125 302.5078125 4.1433432736192032e-28 0 0 -2.8735293321546744e-29
d 0 0 -3.8206507441062488e-28 0 0 -3.5360888150415318e-30 303.1328125 303.1328125 4.1433515848024794e-28 0 0 -2.8733995254581535e-29
d 0 0 -3.8206645346877712e-28 0 0 -3.5368210949302318e-30 303.7578125 303.7578125 4.1433598873269758e-28 0 0 -2.8732700941850703e-29
d 0 0 -3.8206783014459309e-28 0 0 -3.5375054146462218e-30 304.3828125 304.3828125 4.1433681811374783e-28 0 0 -2.8731410371418699e-29
d 0 0 -3.8206920443243837e-28 0 0 -3.5379628105935099e-30 305.0078125 305.0078125 4.1433764661626573e-28 0 0 -2.8730123532705709e-29
d 0 0 -3.8207057632391512e-28 0 0 -3.5390574904185618e-30 305.6328125 305.6328125 4.1433847422762874e-28 0 0 -2.8728840416797092e-29
d 0 0 -3.8207194580715346e-28 0 0 -3.539794122743772e-30 306.2578125 306.2578125 4.143393009467422e-28 0 0 -2.872756101684491e-29
d 0 0 -3.8207331286587135e-28 0 0 -3.5405285538955966e-30 306.8828125 306.8828125 4.1434012674836748e-28 0 0 -2.8726285328600538e-29
d 0 0 -3.8207467747809677e-28 0 0 -3.5412607701101267e-30 307.5078125 307.5078125 4.143409516172469e-28 0 0 -2.8725013351137493e-29
d 0 0 -3.8207603961438709e-28 0 0 -3.5419906746497571e-30 308.1328125 308.1328125 4.1434177552934842e-28 0 0 -2.8723745087856263e-29
d 0 0 -3.82077399235282e-28 0 0 -3.5427158899433223e-30 308.7578125 308.7578125 4.1434259845358143e-28 0 0 -2.8722480547916882e-29
d 0 0 -3.8207875628756041e-28 0 0 -3.5434333105650552e-30 309.3828125 309.3828125 4.1434342034916809e-28 0 0 -2.8721219748337913e-29
d 0 0 -3.8208011069857256e-28 0 0 -3.5441419077058462e-30 310.0078125 310.0078125 4.1434424116166055e-28 0 0 -2.8719962717164282e-29
d 0 0 -3.8208146236737581e-28 0 0 -3.5446914258513245e-30 310.6328125 310.6328125 4.143450608167063e-28 0 0 -2.8718709498407876e-29
d 0 0 -3.8208281115036226e-28 0 0 -3.541654357679964e-30 311.2578125 311.2578125 4.1434587920993511e-28 0 0 -2.8717460160037187e-29
d 0 0 -3.820841568370316e-28 0 0 -3.5463246833095317e-30 311.8828125 311.8828125 4.1434669618990479e-28 0 0 -2.8716214807413703e-29
d 0 0 -3.8208549910750326e-28 0 0 -3.5470388122266586e-30 312.5078125 312.5078125 4.1434751152818232e-28 0 0 -2.8714973606800822e-29
d 0 0 -3.8209081788614411e-28 0 0 -3.5498681167680386e-30 315.0078125 315.0078125 4.143507450312983e-28 0 0 -2.871005902838604e-29
d 0 0 -3.8209212734391537e-28 0 0 -3.5505665995354375e-30 315.6328125 315.6328125 4.1435154102590269e-28 0 0 -2.8708847079338491e-29
d 0 0 -3.8209342585936354e-28 0 0 -3.551260890108521e-30 316.2578125 316.2578125 4.1435233004508368e-28 0 0 -2.8707643287976234e-29
d 0 0 -3.8209470676378393e-28 0 0 -3.5519478877472862e-30 316.8828125 316.8828125 4.1435310737788219e-28 0 0 -2.8706451212795098e-29
d 0 0 -3.8209592921798949e-28 0 0 -3.5524990203428076e-30 317.5078125 317.5078125 4.1435384429510257e-28 0 0 -2.8705292993964223e-29
d 0 0 -3.8209703356057736e-28 0 0 -3.5470035984756854e-30 318.1328125 318.1328125 4.1435457095991649e-28 0 0 -2.8704270111360567e-29
d 0 0 -3.8210074171824281e-28 0 0 -3.561062438967562e-30 318.7578125 318.7578125 4.1450154545801828e-28 0 0 -2.8839741300807874e-29
d 0 0 -3.8210217845615124e-28 0 0 -3.5628812802009861e-30 319.3828125 319.3828125 4.1452675051221571e-28 0 0 -2.8861666146127072e-29
d 0 0 -3.821031422267283e-28 0 0 -3.560756232934005e-30 320.0078125 320.0078125 4.1452749679303538e-28 0 0 -2.8860829515471693e-29
d 0 0 -3.8210393653379748e-28 0 0 -3.5640485192628294e-30 320.6328125 320.6328125 4.1452798005085865e-28 0 0 -2.8859994955212537e-29
d 0 0 -3.821047753837461e-28 0 0 -3.5645386274861867e-30 321.2578125 321.2578125 4.1452849253865519e-28 0 0 -2.8859123008274206e-29
d 0 0 -3.8210573974636114e-28 0 0 -3.5554656818631148e-30 321.8828125 321.8828125 4.1452909121937071e-28 0 0 -2.8858148214817906e-29
d 0 0 -3.8210671718558704e-28 0 0 -3.5658174363838389e-30 322.5078125 322.5078125 4.1452969504397451e-28 0 0 -2.885716005030785e-29
d 0 0 -3.8210769800117411e-28 0 0 -3.5663168834911834e-30 323.1328125 323.1328125 4.1453029774062453e-28 0 0 -2.8856166910907313e-29
d 0 0 -3.8210867972998874e-28 0 0 -3.567047089604767e-30 323.7578125 323.7578125 4.1453089815603427e-28 0 0 -2.8855171336459459e-29
d 0 0 -3.8210966139035587e-28 0 0 -3.5676601237344738e-30 324.3828125 324.3828125 4.1453149609385497e-28 0 0 -2.8854174581225604e-29
d 0 0 -3.8211064249779422e-28 0 0 -3.5682717103659498e-30 325.0078125 325.0078125 4.1453209162455916e-28 0 0 -2.8853177416398839e-29
d 0 0 -3.8211162278106801e-28 0 0 -3.5688817441111053e-30 325.6328125 325.6328125 4.145326848995563e-28 0 0 -2.8852180374266242e-29
d 0 0 -3.8211260207524403e-28 0 0 -3.5694900812575959e-30 326.2578125 326.2578125 4.1453327608913946e-28 0 0 -2.8851183847766324e-29
d 0 0 -3.8211358027408231e-28 0 0 -3.5700827459469928e-30 326.8828125 326.8828125 4.1453386535976127e-28 0 0 -2.8850188139487097e-29
d 0 0 -3.821145573062225e-28 0 0 -3.5698523894002713e-30 327.5078125 327.5078125 4.1453445286577219e-28 0 0 -2.8849193489136748e-29
d 0 0 -3.8211553312219301e-28 0 0 -3.5411858830814132e-30 328.1328125 328.1328125 4.1453503874693632e-28 0 0 -2.8848200090462611e-29
d 0 0 -3.8211650768682318e-28 0 0 -3.5719070032849645e-30 328.7578125 328.7578125 4.1453562312833183e-28 0 0 -2.8847208102428694e-29
d 0 0 -3.8211748097455212e-28 0 0 -3.5724932322018042e-30 329.3828125 329.3828125 4.1453620612121195e-28 0 0 -2.8846217657013883e-29
d 0 0 -3.8211845296637702e-28 0 0 -3.5723002074591734e-30 330.0078125 330.0078125 4.1453678782419543e-28 0 0 -2.8845228864901088e-29
d 0 0 -3.8211942364776498e-28 0 0 -3.5737028569477246e-30 330.6328125 330.6328125 4.145373683245079e-28 0 0 -2.8844241819794633e-29
d 0 0 -3.8211990849334592e-28 0 0 -3.5739814587749549e-30 330.9453125 330.9453125 4.1453765814809373e-28 0 0 -2.8843748977860142e-29
d 0 0 -3.8212039300714027e-28 0 0 -3.5742636063616394e-30 331.2578125 331.2578125 4.1453794769914337e-28 0 0 -2.8843256601824986e-29
d 0 0 -3.8212087718797041e-28 0 0 -3.574535469870998e-30 331.5703125 331.5703125 4.1453823698585081e-28 0 0 -2.8842764700043449e-29
d 0 0 -3.8212136103470647e-28 0 0 -3.5747921473176396e-30 331.8828125 331.8828125 4.1453852601588952e-28 0 0 -2.8842273280349558e-29
d 0 0 -3.8212184454623678e-28 0 0 -3.5750271149830413e-30 332.1953125 332.1953125 4.1453881479643522e-28 0 0 -2.8841782350127254e-29
d 0 0 -3.8212232772143752e-28 0 0 -3.5752320465072426e-30 332.5078125 332.5078125 4.1453910333418554e-28 0 0 -2.8841291916379317e-29
d 0 0 -3.8212281055914089e-28 0 0 -3.5753967442283812e-30 332.8203125 332.8203125 4.1453939163537524e-28 0 0 -2.8840801985796673e-29
d 0 0 -3.8212329305810037e-28 0 0 -3.5755092231542049e-30 333.1328125 333.1328125 4.1453967970578907e-28 0 0 -2.8840312564829898e-29
d 0 0 -3.8212377521695167e-28 0 0 -3.5755559894563781e-30 333.4453125 333.4453125 4.1453996755076873e-28 0 0 -2.8839823659765188e-29
d 0 0 -3.8212425703416703e-28 0 0 -3.5755225538619498e-30 333.7578125 333.7578125 4.1454025517521584e-28 0 0 -2.8839335276807565e-29
d 0 0 -3.8212473850800077e-28 0 0 -3.5753942132487457e-30 334.0703125 334.0703125 4.1454054258358785e-28 0 0 -2.8838847422174944e-29
d 0 0 -3.8212521963642278e-28 0 0 -3.5751571795390932e-30 334.3828125 334.3828125 4.145408297798864e-28 0 0 -2.8838360102207865e-29
d 0 0 -3.8212570041703403e-28 0 0 -3.5748001181539501e-30 334.6953125 334.6953125 4.1454111676763578e-28 0 0 -2.8837873323501604e-29
d 0 0 -3.8212618084695916e-28 0 0 -3.5743162153685446e-30 335.0078125 335.0078125 4.1454140354984745e-28 0 0 -2.8837387093070072e-29
d 0 0 -3.8212666092270433e-28 0 0 -3.5737058539765255e-30 335.3203125 335.3203125 4.1454169012896744e-28 0 0 -2.8836901418555086e-29
d 0 0 -3.8212714063996699e-28 0 0 -3.5729799865934045e-30 335.6328125 335.6328125 4.1454197650679747e-28 0 0 -2.8836416308501321e-29
d 0 0 -3.82127619993375e-28 0 0 -3.5721642154954589e-30 335.9453125 335.9453125 4.1454226268438029e-28 0 0 -2.8835931772727727e-29
d 0 0 -3.8212809897611938e-28 0 0 -3.5713035242004385e-30 336.2578125 336.2578125 4.1454254866183186e-28 0 0 -2.8835447822843495e-29
d 0 0 -3.821285775794251e-28 0 0 -3.5704673752641502e-30 336.5703125 336.5703125 4.1454283443809105e-28 0 0 -2.8834964472986476e-29
d 0 0 -3.8212905579176505e-28 0 0 -3.5697546227845737e-30 336.8828125 336.8828125 4.1454312001054243e-28 0 0 -2.8834481740913538e-29
d 0 0 -3.821295335976541e-28 0 0 -3.5692971032704381e-30 337.1953125 337.1953125 4.1454340537442885e-28 0 0 -2.8833999649667778e-29
d 0 0 -3.8213001097572668e-28 0 0 -3.5692595599550705e-30 337.5078125 337.5078125 4.1454369052190924e-28 0 0 -2.8833518230229664e-29
d 0 0 -3.8213048789553524e-28 0 0 -3.5698298699505834e-30 337.8203125 337.8203125 4.1454397544048121e-28 0 0 -2.8833037525927333e-29
d 0 0 -3.821309643119314e-28 0 0 -3.571187650841313e-30 338.1328125 338.1328125 4.1454426011020554e-28 0 0 -2.8832557600170185e-29
d 0 0 -3.8213144015458188e-28 0 0 -3.5734262043235726e-30 338.4453125 338.4453125 4.1454454449852044e-28 0 0 -2.8832078550874488e-29
d 0 0 -3.8213191530695969e-28 0 0 -3.5763924441329406e-30 338.7578125 338.7578125 4.1454482854984302e-28 0 0 -2.8831600539369066e-29
d 0 0 -3.821323895608951e-28 0 0 -3.5794552787728125e-30 339.0703125 339.0703125 4.1454511216307054e-28 0 0 -2.8831123852932761e-29
d 0 0 -3.8213286251297002e-28 0 0 -3.5815138307741933e-30 339.3828125 339.3828125 4.1454539514029726e-28 0 0 -2.8830649047389724e-29
d 0 0 -3.8213333335846288e-28 0 0 -3.5821626976157673e-30 339.6953125 339.6953125 4.1454567708485481e-28 0 0 -2.8830177230859281e-29
d 0 0 -3.8213380092715747e-28 0 0 -3.5816555441170389e-30 340.0078125 340.0078125 4.1454595741913962e-28 0 0 -2.8829710015204389e-29
d 0 0 -3.8213472829179103e-28 0 0 -3.5829994209428066e-30 340.6328125 340.6328125 4.1454651428033567e-28 0 0 -2.8828786562556718e-29
d 0 0 -3.821356541112385e-28 0 0 -3.5835507141527513e-30 341.2578125 341.2578125 4.1454707043464834e-28 0 0 -2.8827865609257051e-29
d 0 0 -3.8213658809650974e-28 0 0 -3.5841088371479286e-30 341.8828125 341.8828125 4.1454763068580841e-28 0 0 -2.882693375215078e-29
d 0 0 -3.8213705818050387e-28 0 0 -3.5843904928487361e-30 342.1953125 342.1953125 4.1454791236599883e-28 0 0 -2.8826463692646224e-29
d 0 0 -3.8213752904259899e-28 0 0 -3.5846727582448645e-30 342.5078125 342.5078125 4.1454819445207067e-28 0 0 -2.8825992651226796e-29
d 0 0 -3.8213776461244642e-28 0 0 -3.5848139860807154e-30 342.6640625 342.6640625 4.1454833557229396e-28 0 0 -2.8825756973766869e-29
d 0 0 -3.8213800022708751e-28 0 0 -3.5849552357330345e-30 342.8203125 342.8203125 4.1454847672063783e-28 0 0 -2.882552125781728e-29
d 0 0 -3.8213823586267947e-28 0 0 -3.5850964864529896e-30 342.9765625 342.9765625 4.1454861788548627e-28 0 0 -2.8825285536353801e-29
d 0 0 -3.8213847150139823e-28 0 0 -3.5852377227541812e-30 343.1328125 343.1328125 4.145487590581836e-28 0 0 -2.8825049834031173e-29
d 0 0 -3.8213870712965156e-28 0 0 -3.5853789328495227e-30 343.2890625 343.2890625 4.1454890023215442e-28 0 0 -2.8824814169652322e-29
d 0 0 -3.8213894273688411e-28 0 0 -3.5855201075796784e-30 343.4453125 343.4453125 4.1454904140231488e-28 0 0 -2.8824578557818947e-29
d 0 0 -3.8213917831476387e-28 0 0 -3.5856612398305858e-30 343.6015625 343.6015625 4.1454918256467228e-28 0 0 -2.8824343010056294e-29
d 0 0 -3.8213941385661627e-28 0 0 -3.5858023238165632e-30 343.7578125 343.7578125 4.1454932371604637e-28 0 0 -2.8824107535595003e-29
d 0 0 -3.8213964935702356e-28 0 0 -3.5859433549084099e-30 343.9140625 343.9140625 4.1454946485387212e-28 0 0 -2.8823872141925015e-29
d 0 0 -3.8213988481153556e-28 0 0 -3.5860843293162819e-30 344.0703125 344.0703125 4.1454960597605741e-28 0 0 -2.8823636835195261e-29
d 0 0 -3.8214012021645769e-28 0 0 -3.5862252439077721e-30 344.2265625 344.2265625 4.145497470808788e-28 0 0 -2.8823401620506943e-29
d 0 0 -3.8214035556869289e-28 0 0 -3.5863660960748742e-30 344.3828125 344.3828125 4.1454988816690386e-28 0 0 -2.88231665021321e-29
d 0 0 -3.8214129640376742e-28 0 0 -3.5869288414335303e-30 345.0078125 345.0078125 4.1455045230163954e-28 0 0 -2.8822227056438638e-29
d 0 0 -3.8214176645248161e-28 0 0 -3.5872097961191993e-30 345.3203125 345.3203125 4.1455073423245799e-28 0 0 -2.8821757983857178e-29
d 0 0 -3.8214223624161896e-28 0 0 -3.5874904612517584e-30 345.6328125 345.6328125 4.1455101606629691e-28 0 0 -2.8821289363426142e-29
d 0 0 -3.8214247103645547e-28 0 0 -3.5876306833995319e-30 345.7890625 345.7890625 4.1455115694584385e-28 0 0 -2.8821055225988765e-29
d 0 0 -3.8214270576373599e-28 0 0 -3.5877708311374244e-30 345.9453125 345.9453125 4.145512978000354e-28 0 0 -2.8820821205161583e-29
d 0 0 -3.8214294042276399e-28 0 0 -3.5879109039592757e-30 346.1015625 346.1015625 4.145514386285914e-28 0 0 -2.8820587301867806e-29
d 0 0 -3.8214317501291277e-28 0 0 -3.5880509014195954e-30 346.2578125 346.2578125 4.1455157943126235e-28 0 0 -2.8820353516929861e-29
d 0 0 -3.8214340953361629e-28 0 0 -3.5881901669531925e-30 346.4140625 346.4140625 4.1455172020782645e-28 0 0 -2.8820119851084029e-29
d 0 0 -3.8214364398436125e-28 0 0 -3.5883306349008547e-30 346.5703125 346.5703125 4.145518609580856e-28 0 0 -2.8819886304991056e-29
d 0 0 -3.8214387836468045e-28 0 0 -3.5884704372426295e-30 346.7265625 346.7265625 4.1455200168186223e-28 0 0 -2.8819652879245323e-29
d 0 0 -3.8214411267414713e-28 0 0 -3.5886101304589577e-30 346.8828125 346.8828125 4.1455214237899635e-28 0 0 -2.8819419574382775e-29
d 0 0 -3.8214434691237009e-28 0 0 -3.588749746085448e-30 347.0390625 347.0390625 4.1455228304934328e-28 0 0 -2.8819186390887708e-29
d 0 0 -3.8214458107898916e-28 0 0 -3.5888892845837604e-30 347.1953125 347.1953125 4.1455242369277156e-28 0 0 -2.8818953329198665e-29
d 0 0 -3.8214504919610987e-28 0 0 -3.5891681294967113e-30 347.5078125 347.5078125 4.1455270489840188e-28 0 0 -2.8818487572794113e-29
d 0 0 -3.8214551702312341e-28 0 0 -3.5894466639727224e-30 347.8203125 347.8203125 4.1455298599503754e-28 0 0 -2.8818022307941268e-29
d 0 0 -3.8214598455794896e-28 0 0 -3.5897248870492756e-30 348.1328125 348.1328125 4.1455326698194619e-28 0 0 -2.8817557536948019e-29
d 0 0 -3.8214645179874268e-28 0 0 -3.5900027979871794e-30 348.4453125 348.4453125 4.1455354785848068e-28 0 0 -2.881709326175083e-29
d 0 0 -3.8214691874384372e-28 0 0 -3.5902803962204481e-30 348.7578125 348.7578125 4.1455382862405261e-28 0 0 -2.8816629483988443e-29
d 0 0 -3.8214878353821161e-28 0 0 -3.5913876549900789e-30 350.0078125 350.0078125 4.1455495056589999e-28 0 0 -2.881477937269829e-29
d 0 0 -3.8214971412509968e-28 0 0 -3.5919394010103454e-30 350.6328125 350.6328125 4.1455551085697317e-28 0 0 -2.8813857330863137e-29
d 0 0 -3.8215064349113371e-28 0 0 -3.5924898901795935e-30 351.2578125 351.2578125 4.1455607068840278e-28 0 0 -2.8812937307089538e-29
d 0 0 -3.8215157162503604e-28 0 0 -3.5930391216328417e-30 351.8828125 351.8828125 4.145566300543371e-28 0 0 -2.8812019307668257e-29
d 0 0 -3.8215249851405576e-28 0 0 -3.5935870940625593e-30 352.5078125 352.5078125 4.1455718894761529e-28 0 0 -2.8811103339496649e-29
d 0 0 -3.8215342414317713e-28 0 0 -3.5941338052861736e-30 353.1328125 353.1328125 4.1455774735929764e-28 0 0 -2.8810189410834342e-29
d 0 0 -3.8215434849415623e-28 0 0 -3.5946792517489232e-30 353.7578125 353.7578125 4.1455830527807126e-28 0 0 -2.8809277532165525e-29
d 0 0 -3.8215527154427427e-28 0 0 -3.5952234279200519e-30 354.3828125 354.3828125 4.1455886268945906e-28 0 0 -2.8808367717264734e-29
d 0 0 -3.8215619326464653e-28 0 0 -3.5957663254806351e-30 355.0078125 355.0078125 4.1455941957472587e-28 0 0 -2.880745998459871e-29
d 0 0 -3.8216350998590613e-28 0 0 -3.6000598594781404e-30 360.0078125 360.0078125 4.1456384962866158e-28 0 0 -2.8800279783277297e-29
d 0 0 -3.8217062070642068e-28 0 0 -3.604219799118911e-30 365.0078125 365.0078125 4.1456816520408829e-28 0 0 -2.8793324698546615e-29
d 0 0 -3.8217141044472926e-28 0 0 -3.6046931599182949e-30 365.6328125 365.6328125 4.1456864251943704e-28 0 0 -2.8792538914789413e-29
d 0 0 -3.8217221320140598e-28 0 0 -3.6053750820773966e-30 366.2578125 366.2578125 4.1458321598114986e-28 0 0 -2.8805627697658577e-29
d 0 0 -3.8217454927285647e-28 0 0 -3.6093981362888564e-30 366.8828125 366.8828125 4.1478258815909999e-28 0 0 -2.8998640749953781e-29
d 0 0 -3.8217517301433117e-28 0 0 -3.6098165189732417e-30 367.5078125 367.5078125 4.1478373920093368e-28 0 0 -2.8998749667629362e-29
d 0 0 -3.8217763552111169e-28 0 0 -3.6114198110037452e-30 370.0078125 370.0078125 4.1478545512859992e-28 0 0 -2.8996399796484503e-29
d 0 0 -3.8218008535407048e-28 0 0 -3.613005880843192e-30 372.5078125 372.5078125 4.1478704862425523e-28 0 0 -2.899395738934152e-29
d 0 0 -3.8218252339147824e-28 0 0 -3.614576820102171e-30 375.0078125 375.0078125 4.1478859486682332e-28 0 0 -2.8991494655242891e-29
d 0 0 -3.8218736591676982e-28 0 0 -3.617677540578035e-30 380.0078125 380.0078125 4.1479171558760634e-28 0 0 -2.8986672130258492e-29
d 0 0 -3.8219216545573322e-28 0 0 -3.6207278174257215e-30 385.0078125 385.0078125 4.1479535902138484e-28 0 0 -2.8982465748223675e-29
d 0 0 -3.8219692208027812e-28 0 0 -3.6237311839925492e-30 390.0078125 390.0078125 4.1480149335415391e-28 0 0 -2.8980840089883242e-29
d 0 0 -3.8220161399441361e-28 0 0 -3.6266805449577921e-30 395.0078125 395.0078125 4.1481805706184339e-28 0 0 -2.8989762321467783e-29
d 0 0 -3.8220607934892677e-28 0 0 -3.6295093352492141e-30 400.0078125 400.0078125 4.1487523429337725e-28 0 0 -2.9039645609201343e-29
d 0 0 -3.8221033602589119e-28 0 0 -3.6330929973051273e-30 405.0078125 405.0078125 4.1518305575193193e-28 0 0 -2.9339626728735609e-29
d 0 0 -3.8221382631780844e-28 0 0 -3.6353965274332592e-30 410.0078125 410.0078125 4.1522657740351781e-28 0 0 -2.9377354558276091e-29
d 0 0 -3.8221727247783734e-28 0 0 -3.6376454525234568e-30 415.0078125 415.0078125 4.1523891198570165e-28 0 0 -2.9383994055340807e-29
d 0 0 -3.8222069120916516e-28 0 0 -3.6398613102187843e-30 420.0078125 420.0078125 4.1524440400327037e-28 0 0 -2.9383851483886364e-29
d 0 0 -3.8222408835224422e-28 0 0 -3.6420520422714429e-30 425.0078125 425.0078125 4.1525011414717293e-28 0 0 -2.9383973752657311e-29
d 0 0 -3.8222745898865049e-28 0 0 -3.6442105053640378e-30 430.0078125 430.0078125 4.1525278075069074e-28 0 0 -2.938111139909877e-29
d 0 0 -3.822308091433772e-28 0 0 -3.6463448948613601e-30 435.0078125 435.0078125 4.1525662739476798e-28 0 0 -2.9379473358193761e-29
d 0 0 -3.8223413845300219e-28 0 0 -3.648455462308683e-30 440.0078125 440.0078125 4.1525935517332347e-28 0 0 -2.9376761269867723e-29
d 0 0 -3.8223744800538221e-28 0 0 -3.6505435483665079e-30 445.0078125 445.0078125 4.1526160497359101e-28 0 0 -2.9373613426166507e-29
d 0 0 -3.8224073880159411e-28 0 0 -3.6526105495347492e-30 450.0078125 450.0078125 4.1526387901569617e-28 0 0 -2.9370529664641263e-29
d 0 0 -3.8224401145307312e-28 0 0 -3.6546573661441531e-30 455.0078125 455.0078125 4.1526608668493743e-28 0 0 -2.9367417865720326e-29
d 0 0 -3.8224726654216381e-28 0 0 -3.6566848233799731e-30 460.0078125 460.0078125 4.1526823197335816e-28 0 0 -2.936428060781444e-29
d 0 0 -3.8225050459472435e-28 0 0 -3.6586936460020887e-30 465.0078125 465.0078125 4.1527033044198149e-28 0 0 -2.9361132201255121e-29
d 0 0 -3.8225372608877876e-28 0 0 -3.6606844871622554e-30 470.0078125 470.0078125 4.1527239453973895e-28 0 0 -2.9357983963797954e-29
d 0 0 -3.8225693146183265e-28 0 0 -3.6626579379094322e-30 475.0078125 475.0078125 4.1527443266106554e-28 0 0 -2.9354843261323475e-29
d 0 0 -3.8226012111681233e-28 0 0 -3.6646145330412453e-30 480.0078125 480.0078125 4.1527645034856537e-28 0 0 -2.9351714698711816e-29
d 0 0 -3.8226329542757028e-28 0 0 -3.6665547592748018e-30 485.0078125 485.0078125 4.1527845133881905e-28 0 0 -2.9348601151973978e-29
d 0 0 -3.8226645474325663e-28 0 0 -3.6684790616385954e-30 490.0078125 490.0078125 4.1528043823180803e-28 0 0 -2.934550442691281e-29
d 0 0 -3.822695993918406e-28 0 0 -3.6703878485191164e-30 495.0078125 495.0078125 4.1528241289487449e-28 0 0 -2.9342425654514853e-29
d 0 0 -3.8227272968300403e-28 0 0 -3.6722814956950959e-30 500.0078125 500.0078125 4.1528437670754829e-28 0 0 -2.9339365528849131e-29
d 0 0 -3.8227584591056828e-28 0 0 -3.674160349594048e-30 505.0078125 505.0078125 4.1528633071365948e-28 0 0 -2.9336324453497135e-29
d 0 0 -3.8227894835456655e-28 0 0 -3.6760247299371874e-30 510.0078125 510.0078125 4.1528827571889772e-28 0 0 -2.9333302634393981e-29
d 0 0 -3.8228203728304619e-28 0 0 -3.6778749318919059e-30 515.0078125 515.0078125 4.1529021235564872e-28 0 0 -2.933030014071064e-29
d 0 0 -3.8228511295366367e-28 0 0 -3.6797112278188911e-30 520.0078125 520.0078125 4.1529214112789965e-28 0 0 -2.9327316946417098e-29
d 0 0 -3.8228817561512188e-28 0 0 -3.6815327117678076e-30 525.0078125 525.0078125 4.152940624439618e-28 0 0 -2.9324352960162202e-29
d 0 0 -3.8229122550848955e-28 0 0 -3.6833432976646988e-30 530.0078125 530.0078125 4.1529597664185815e-28 0 0 -2.9321408048231207e-29
d 0 0 -3.8229426286843676e-28 0 0 -3.6851390884271219e-30 535.0078125 535.0078125 4.1529788401045805e-28 0 0 -2.9318482053594218e-29
d 0 0 -3.822972879244141e-28 0 0 -3.6869220709465691e-30 540.0078125 540.0078125 4.1529978480828326e-28 0 0 -2.9315574812922575e-29
d 0 0 -3.8230030090180171e-28 0 0 -3.6886922066500454e-30 545.0078125 545.0078125 4.1530167928115302e-28 0 0 -2.9312686172701289e-29
d 0 0 -3.8230330202305009e-28 0 0 -3.6904496512046983e-30 550.0078125 550.0078125 4.1530356767938246e-28 0 0 -2.9309816005127647e-29
d 0 0 -3.8230629150883617e-28 0 0 -3.692194541919292e-30 555.0078125 555.0078125 4.1530545027506732e-28 0 0 -2.9306964224311828e-29
d 0 0 -3.8230926957925825e-28 0 0 -3.6939269974299182e-30 560.0078125 560.0078125 4.1530732738000275e-28 0 0 -2.930413080331461e-29
d 0 0 -3.8231223645509607e-28 0 0 -3.6956471171241666e-30 565.0078125 565.0078125 4.1530919936489924e-28 0 0 -2.9301315792679007e-29
d 0 0 -3.8231519235924372e-28 0 0 -3.697354981048873e-30 570.0078125 570.0078125 4.1531106668061068e-28 0 0 -2.929851934031809e-29
d 0 0 -3.8231813751797135e-28 0 0 -3.6990506463922302e-30 575.0078125 575.0078125 4.1531292988266756e-28 0 0 -2.9295741718303997e-29
d 0 0 -3.8232107216278709e-28 0 0 -3.7007341481084029e-30 580.0078125 580.0078125 4.153147896592269e-28 0 0 -2.9292983348331418e-29
d 0 0 -3.8232399653228328e-28 0 0 -3.7024054965091814e-30 585.0078125 585.0078125 4.1531664686402644e-28 0 0 -2.9290244835233988e-29
d 0 0 -3.8232691087427569e-28 0 0 -3.7040646745562801e-30 590.0078125 590.0078125 4.1531850255488527e-28 0 0 -2.9287527006053274e-29
d 0 0 -3.8232981544831083e-28 0 0 -3.7057116347524346e-30 595.0078125 595.0078125 4.1532035803850699e-28 0 0 -2.9284830955443703e-29
d 0 0 -3.8233270601229823e-28 0 0 -3.7073437507895238e-30 600 600 4.1532221201889221e-28 0 0 -2.9282162255804552e-29
d 0 0 -3.8233559190534759e-28 0 0 -3.7089660103555703e-30 605 605 4.1532407226372469e-28 0 0 -2.9279514348021564e-29
d 0 0 -3.8233846891112698e-28 0 0 -3.7105756840062344e-30 610 610 4.1532593826872155e-28 0 0 -2.927689367358834e-29
d 0 0 -3.8234133737140141e-28 0 0 -3.7121725541232854e-30 615 615 4.1532781293504771e-28 0 0 -2.9274303009523045e-29
d 0 0 -3.8234419766099268e-28 0 0 -3.7137563424207177e-30 620 620 4.1532969975669664e-28 0 0 -2.9271745753283223e-29
d 0 0 -3.8234705019479196e-28 0 0 -3.715326699426431e-30 625 625 4.1533160291839174e-28 0 0 -2.9269226024173299e-29
d 0 0 -3.823498954360757e-28 0 0 -3.7168831918901625e-30 630 630 4.1533352740504319e-28 0 0 -2.9266748777077279e-29
d 0 0 -3.8235273390624154e-28 0 0 -3.7184252880006955e-30 635 635 4.1533547912380921e-28 0 0 -2.9264319929566908e-29
d 0 0 -3.8235556619593176e-28 0 0 -3.7199523406370076e-30 640 640 4.1533746504022427e-28 0 0 -2.9261946503655462e-29
d 0 0 -3.8235839297717466e-28 0 0 -3.7199708319936403e-30 645 645 4.1533949333071032e-28 0 0 -2.9259636783846748e-29
d 0 0 -3.8236121501547467e-28 0 0 -3.7193947417829746e-30 650 650 4.1534157355552456e-28 0 0 -2.925740049370658e-29
d 0 0 -3.8236403317939904e-28 0 0 -3.7151034027390321e-30 655 655 4.1534371685968693e-28 0 0 -2.9255248993871357e-29
d 0 0 -3.8236684844264922e-28 0 0 -3.6995905552881899e-30 660 660 4.1534593621625118e-28 0 0 -2.9253195504772727e-29
d 0 0 -3.8236966186942094e-28 0 0 -3.6498536377761897e-30 665 665 4.1534824673821981e-28 0 0 -2.9251255356641277e-29
d 0 0 -3.8237247456938812e-28 0 0 -3.498924972834239e-30 670 670 4.1535066609898644e-28 0 0 -2.9249446268764948e-29
d 0 0 -3.8237528761262863e-28 0 0 -3.0725455850025828e-30 675 675 4.1535321508663524e-28 0 0 -2.9247788671942542e-29
d 0 0 -3.8237810192744351e-28 0 0 -2.0006876155716746e-30 680 680 4.1535591819753666e-28 0 0 -2.9246306141432982e-29
d 0 0 -3.8238091826193031e-28 0 0 2.5960891071194689e-31 685 685 4.1535880397669611e-28 0 0 -2.9245026082928154e-29
d 0 0 -3.8238373731332771e-28 0 0 -3.7341868969198087e-30 690 690 4.1536190505550564e-28 0 0 -2.9243980843881954e-29
d 0 0 -3.8238655952151204e-28 0 0 -3.7354914124593441e-30 695 695 4.1536525872672749e-28 0 0 -2.9243207790353365e-29
d 0 0 -3.8238938495600345e-28 0 0 -3.7367724786818766e-30 700 700 4.1536890702868304e-28 0 0 -2.924274959053069e-29
d 0 0 -3.823922132158412e-28 0 0 -3.7380301491211735e-30 705 705 4.1537289778977437e-28 0 0 -2.9242654420742411e-29
d 0 0 -3.8239504345080726e-28 0 0 -3.7392664466924841e-30 710 710 4.1537728628131861e-28 0 0 -2.9242976380247708e-29
d 0 0 -3.8239787449771838e-28 0 0 -3.7404843647208106e-30 715 715 4.153821348366038e-28 0 0 -2.9243775972264903e-29
d 0 0 -3.8240070513463845e-28 0 0 -3.7416870987800035e-30 720 720 4.1538751269798656e-28 0 0 -2.9245120464409698e-29
d 0 0 -3.8240353440017327e-28 0 0 -3.7428774533230758e-30 725 725 4.1539349603531686e-28 0 0 -2.9247084181106171e-29
d 0 0 -3.8240636180670891e-28 0 0 -3.7440574788987682e-30 730 730 4.1540016825732117e-28 0 0 -2.9249748969574032e-29
d 0 0 -3.8240918730024574e-28 0 0 -3.7452285585408583e-30 735 735 4.1540762088598835e-28 0 0 -2.9253205024039398e-29
d 0 0 -3.8241201100727591e-28 0 0 -3.7463918715749821e-30 740 740 4.1541595488632705e-28 0 0 -2.9257552002626615e-29
d 0 0 -3.8241483298084561e-28 0 0 -3.7475488548585384e-30 745 745 4.154252820195267e-28 0 0 -2.9262900174675748e-29
d 0 0 -3.8241765315991596e-28 0 0 -3.748701282937632e-30 750 750 4.1543572582163091e-28 0 0 -2.9269371362093541e-29
d 0 0 -3.8242047157267282e-28 0 0 -3.7498509232434062e-30 755 755 4.1544742219137748e-28 0 0 -2.9277099672920699e-29
d 0 0 -3.8242328858939507e-28 0 0 -3.7509991036627034e-30 760 760 4.1546051999196162e-28 0 0 -2.9286232277914563e-29
d 0 0 -3.8242610498196114e-28 0 0 -3.7521466202184204e-30 765 765 4.1547518212606786e-28 0 0 -2.9296930508412085e-29
d 0 0 -3.8242892172375191e-28 0 0 -3.7532941142087501e-30 770 770 4.1549158718435784e-28 0 0 -2.9309371334279645e-29
d 0 0 -3.8243173968845383e-28 0 0 -3.7544426195380753e-30 775 775 4.1550993135883812e-28 0 0 -2.9323749037674916e-29
d 0 0 -3.8243455949604408e-28 0 0 -3.7555938413972005e-30 780 780 4.1553043018449064e-28 0 0 -2.9340276828118576e-29
d 0 0 -3.824373816459935e-28 0 0 -3.7567499435854686e-30 785 785 4.1555331990489584e-28 0 0 -2.9359188289186462e-29
d 0 0 -3.8244020683673637e-28 0 0 -3.7579130230355e-30 790 790 4.1557885869655934e-28 0 0 -2.9380738809888868e-29
d 0 0 -3.8244303620042912e-28 0 0 -3.7590847269873588e-30 795 795 4.1560732826031642e-28 0 0 -2.9405207312275873e-29
d 0 0 -3.8244587125590225e-28 0 0 -3.7602663691255931e-30 800 800 4.1563903612393107e-28 0 0 -2.9432898484755518e-29
d 0 0 -3.824487136244167e-28 0 0 -3.7614594586866226e-30 805 805 4.156743185748332e-28 0 0 -2.946414547986761e-29
d 0 0 -3.824515647448955e-28 0 0 -3.7626662177494953e-30 810 810 4.1571354384370635e-28 0 0 -2.9499312866556881e-29
d 0 0 -3.8245442583359531e-28 0 0 -3.7638896818351281e-30 815 815 4.1575711519283651e-28 0 0 -2.9538799656022952e-29
d 0 0 -3.8245729814560196e-28 0 0 -3.7651333032886291e-30 820 820 4.1580547390927263e-28 0 0 -2.9583042433285924e-29
d 0 0 -3.8246018333787407e-28 0 0 -3.7664003921282154e-30 825 825 4.1585910262525226e-28 0 0 -2.9632518870442722e-29
d 0 0 -3.8246308363992713e-28 0 0 -3.767693887422716e-30 830 830 4.159185295125445e-28 0 0 -2.9687751967617662e-29
d 0 0 -3.8246600170564178e-28 0 0 -3.7690166850653519e-30 835 835 4.1598433361152854e-28 0 0 -2.9749315208882737e-29
d 0 0 -3.8246894028224685e-28 0 0 -3.7703722748972961e-30 840 840 4.160571511635885e-28 0 0 -2.9817838595363375e-29
d 0 0 -3.8247190197730919e-28 0 0 -3.7717652128833158e-30 845 845 4.1613768265129674e-28 0 0 -2.9894015446059968e-29
d 0 0 -3.8247488934170418e-28 0 0 -3.7732010816973768e-30 850 850 4.1622670042262022e-28 0 0 -2.9978609976893166e-29
d 0 0 -3.8247790524300709e-28 0 0 -3.7746860009199511e-30 855 855 4.1632505720196052e-28 0 0 -3.0072465931764851e-29
d 0 0 -3.8248095325693312e-28 0 0 -3.7762261278827192e-30 860 860 4.1643369618518945e-28 0 0 -3.0176516778370053e-29
d 0 0 -3.8248403778964365e-28 0 0 -3.7778276303436743e-30 865 865 4.1655366345529926e-28 0 0 -3.0291798020531975e-29
d 0 0 -3.8248716387643462e-28 0 0 -3.7794972361230356e-30 870 870 4.1668612317570343e-28 0 0 -3.0419462052482501e-29
d 0 0 -3.8249033686306498e-28 0 0 -3.7812430030496354e-30 875 875 4.1683237577527974e-28 0 0 -3.0560795898017573e-29
d 0 0 -3.8249356227535101e-28 0 0 -3.7830748190560822e-30 880 880 4.1699387939817021e-28 0 0 -3.0717242287194396e-29
d 0 0 -3.82496846062464e-28 0 0 -3.7850043676572165e-30 885 885 4.1717227530353341e-28 0 0 -3.0890424848423207e-29
d 0 0 -3.8250019511866177e-28 0 0 -3.7870447388803032e-30 890 890 4.1736941855548311e-28 0 0 -3.1082178669015994e-29
d 0 0 -3.8250361776412445e-28 0 0 -3.7892102388716909e-30 895 895 4.1758741595792634e-28 0 0 -3.1294587954930203e-29
d 0 0 -3.8250712391802329e-28 0 0 -3.7915167183799568e-30 900 900 4.1782867355130867e-28 0 0 -3.1530032914905423e-29
d 0 0 -3.8251072497331136e-28 0 0 -3.7939828641118533e-30 905 905 4.180959562912549e-28 0 0 -3.1791248453831683e-29
d 0 0 -3.8251443363650654e-28 0 0 -3.7966315038480269e-30 910 910 4.1839246320503318e-28 0 0 -3.2081398064678587e-29
d 0 0 -3.8251826406137179e-28 0 0 -3.7994909410751472e-30 915 915 4.1872192268953776e-28 0 0 -3.2404167687090746e-29
d 0 0 -3.825222324521774e-28 0 0 -3.8025959649119144e-30 920 920 4.1908871486909196e-28 0 0 -3.2763886452002667e-29
d 0 0 -3.8252635804188397e-28 0 0 -3.8059887915586586e-30 925 925 4.1949803123154363e-28 0 0 -3.3165684398101045e-29
d 0 0 -3.8253066422213674e-28 0 0 -3.8097203134619715e-30 930 930 4.1995608632029838e-28 0 0 -3.3615701784699627e-29
d 0 0 -3.8253517978805432e-28 0 0 -3.813851757807517e-30 935 935 4.2047040274957706e-28 0 0 -3.4121371203715225e-29
d 0 0 -3.8253994059783632e-28 0 0 -3.8184565797608134e-30 940 940 4.2105020082302386e-28 0 0 -3.4691803645426777e-29
d 0 0 -3.8254499296170478e-28 0 0 -3.8236195727702056e-30 945 945 4.217069402925341e-28 0 0 -3.5338327758059132e-29
d 0 0 -3.8255039555502642e-28 0 0 -3.8294478287864469e-30 950 950 4.2245508920835577e-28 0 0 -3.6075245824542889e-29
d 0 0 -3.8255622515574028e-28 0 0 -3.8360765046094122e-30 955 955 4.2331324028267363e-28 0 0 -3.6920938622323931e-29
d 0 0 -3.8256258418387524e-28 0 0 -3.8436810498275028e-30 960 960 4.2430577494128569e-28 0 0 -3.789950970758294e-29
d 0 0 -3.825696118422231e-28 0 0 -3.8524959154953403e-30 965 965 4.2546541693382511e-28 0 0 -3.9043309176106661e-29
d 0 0 -3.8257750147592572e-28 0 0 -3.8628467500295451e-30 970 970 4.2683728300612864e-28 0 0 -4.0396934780173336e-29
d 0 0 -3.8258652933711891e-28 0 0 -3.8751987440189703e-30 975 975 4.2848555985899515e-28 0 0 -4.2023831777857286e-29
d 0 0 -3.8259710411094627e-28 0 0 -3.8902419895686552e-30 980 980 4.3050501635357136e-28 0 0 -4.4017670253056462e-29
d 0 0 -3.8260985691755812e-28 0 0 -3.9090456716241728e-30 985 985 4.3304193111282065e-28 0 0 -4.6523028523638365e-29
d 0 0 -3.8262581500965549e-28 0 0 -3.9333549707964728e-30 990 990 4.3633459833798747e-28 0 0 -4.9775428357535497e-29
d 0 0 -3.8264676202132704e-28 0 0 -3.9662058216326958e-30 995 995 4.4079782085727118e-28 0 0 -5.4184853014311411e-29
d 0 0 -3.8267605276007724e-28 0 0 -4.013313358594613e-30 1000 1000 4.4721571665189119e-28 0 0 -6.0526350533219368e-29
d 0 0 -3.8272066331290906e-28 0 0 -4.0865606144595175e-30 1005 1005 4.5723218413225404e-28 0 0 -7.0424960204885454e-29
d 0 0 -3.8279714070712208e-28 0 0 -4.2141171707875127e-30 1010 1010 4.7478455238726926e-28 0 0 -8.777329450936438e-29
d 0 0 -3.829535855511437e-28 0 0 -4.4778845065022821e-30 1015 1015 5.1136585681344438e-28 0 0 -1.2393438675579845e-28
d 0 0 -3.8340862078204134e-28 0 0 -5.2505773857627937e-30 1020 1020 6.1898760569811506e-28 0 0 -2.3032840753031093e-28
d 0 0 -3.9664075198996452e-28 0 0 -2.7770786833253699e-29 1025 1025 3.7560355091383077e-27 0 0 -3.3316239703150893e-27
d 0 0 -5.5426859792126424e-28 0 0 -2.9409396833336618e-28 1025.3125 1025.3125 4.0654489434161908e-26 0 0 -3.9806126867907281e-26
d 0 0 -9.1238091728923459e-28 0 0 -8.9650578986832354e-28 1025.3515625 1025.3515625 1.2380552395352351e-25 0 0 -1.2199663724636594e-25
d 0 0 -2.7005047655121973e-27 0 0 -3.9005026875612682e-27 1025.390625 1025.390625 5.3758515522547254e-25 0 0 -5.3098414777239908e-25
d 0 0 -6.1663878413574646e-26 0 0 -1.029514097896195e-25 1025.46875 1025.46875 1.4147985284702414e-23 0 0 -1.3983369996499221e-23
d 0 0 -4.7642941415954304e-23 0 0 -8.0055476884355988e-23 1025.625 1025.625 1.0947900167217814e-20 0 0 -1.0820201748917503e-20
d 0 0 -1.8177069825356691e-21 0 0 -3.0548429041408012e-21 1025.703125 1025.703125 4.1663717003864144e-19 0 0 -4.1176462015196496e-19
d 0 0 -4.7307047477196579e-21 0 0 -7.9507749451329157e-21 1025.72265625 1025.72265625 1.083594286772506e-18 0 0 -1.0709128070796533e-18
d 0 0 -6.5898726708118229e-21 0 0 -1.1075592500566127e-20 1025.7275390625 1025.7275390625 1.5090925357838191e-18 0 0 -1.491427070612441e-18
d 0 0 -8.3804274426790503e-21 0 0 -1.4085122371046505e-20 1025.72998046875 1025.72998046875 1.9188054730709043e-18 0 0 -1.8963399232571789e-18
d 0 0 -1.0607711995945262e-20 0 0 -1.7828734000820556e-20 1025.731201171875 1025.731201171875 2.4283641731652712e-18 0 0 -2.3999277271685055e-18
Q 2 13 "Source Voltage"
Q 3 13 "Gate Voltage"
Q 4 13 "Drain Voltage"
Q 5 13 "Substrate Voltage"
Q 20 13 "Source Current"
Q 21 13 "Gate Current"
Q 22 13 "Drain Current"
Q 23 13 "Substrate Current"
Q 92 21 Contact
Q 601 13 "Source Int. Voltage"
Q 602 13 "Gate Int. Voltage"
Q 603 13 "Drain Int. Voltage"
Q 604 13 "Substrate Int. Voltage"
EOF 2107603248
