v VICTORYDEVICE
# silvaco.file ASCII version=1.14.29 format=1 contents=SDB,Tables=1

Copyright "###################################################################"
Copyright "#                    Copyright Silvaco Inc. (c)                   #"
Copyright "#                            1992-2014                            #"
Copyright "#                                                                 #"
Copyright "# This file format and the following Key are copyright Silvaco    #"
Copyright "# International. You may not use, this format or key without      #"
Copyright "# reproducing this message in full and obtaining                  #"
Copyright "# express written permission from Silvaco Inc.                    #"
Copyright "#                                                                 #"
Copyright "# To obtain such permission please contact: Silvaco Inc.          #"
Copyright "#                                           support@silvaco.com   #"
Copyright "#                                                                 #"
Copyright "# KEY=SVC86hn7562asdx                       PROD=345              #"
Copyright "###################################################################"
#This file was created by VICTORYDEVICE version 1.24.0.R
#victoryd 1.24.0.R (Wed Jun 26 14:38:19 PDT 2024)
#libSDB 1.12.65 (Thu Dec  7 08:14:05 PST 2023)
a VICTORYDEVICE
j 1 9
k 4
r 1 92
x 3 43 42 46
w source 1 1
r 2 92
x 3 43 42 46
w gate 1 2
r 3 92
x 3 43 42 46
w drain 1 3
r 4 92
x 3 43 42 46
w substrate 1 4
y 1 15
z 300
f 4 source gate drain substrate
p 12 2 601 20 3 602 21 4 603 22 5 604 23
d 0 0 -1.8061009283986965e-16 0 0 3.3642295347055273e-28 0.01 0.01 1.8063099926972198e-16 0 0 0
d 0 0 -7.9439810742959603e-16 0 0 4.2114184242553235e-32 0.1 0.1 7.9439810742959268e-16 0 0 0
d 0 0 -9.2321326919266148e-16 0 0 1.7899882272025157e-26 0.5 0.5 9.2321326915690399e-16 0 0 0
d 0 0 -9.4290440760534665e-16 0 0 -2.3873917937428965e-28 1 1 9.4290440760559613e-16 0 0 0
d 0 0 -9.5777267211145434e-16 0 0 -1.8709478959980946e-28 2 2 9.5777267211164249e-16 0 0 0
d 0 0 -9.7804834421604274e-16 0 0 5.0614861091886495e-28 4 4 9.7804834421564535e-16 0 0 0
d 0 0 -9.9316862546530938e-16 0 0 -1.3060211516616841e-27 6 6 9.9316862546576653e-16 0 0 0
d 0 0 -1.0061023476528015e-15 0 0 7.6348133880630765e-25 8 8 1.0061023476607757e-15 0 0 0
d 0 0 -1.0136047432280485e-15 0 0 5.8617521232085139e-23 10 10 1.013604743261128e-15 0 0 0
d 0 0 -1.0203335379173012e-15 0 0 1.8183617664076662e-24 12 12 1.0203335379200044e-15 0 0 0
d 0 0 -1.0270667119453317e-15 0 0 4.0559823755771378e-24 14 14 1.0270667119512663e-15 0 0 0
d 0 0 -1.0346420931477893e-15 0 0 3.0708117912228226e-23 16 16 1.0346420931651439e-15 0 0 0
d 0 0 -1.0419809606361653e-15 0 0 3.1243768865506761e-24 18 18 1.0419809606409963e-15 0 0 0
d 0 0 -1.0488114571831914e-15 0 0 4.111041591213728e-24 20 20 1.0488114571779356e-15 0 0 0
d 0 0 -1.0539781899175873e-15 0 0 1.8533191739992788e-22 22 22 1.053978190079487e-15 0 0 0
d 0 0 -1.0585973414268377e-15 0 0 1.459045321072544e-23 24 24 1.058597341416179e-15 0 0 0
d 0 0 -1.0630966654695729e-15 0 0 8.4350116558195288e-23 26 26 1.0630966654339043e-15 0 0 0
d 0 0 -1.0674856431988372e-15 0 0 6.8058033445181168e-24 28 28 1.067485643158586e-15 0 0 0
d 0 0 -1.0717822788002041e-15 0 0 1.152272353260128e-21 30 30 1.0717822787416842e-15 0 0 0
d 0 0 -1.0759736596049855e-15 0 0 2.7412587546236787e-26 32 32 1.0759736596318737e-15 0 0 0
d 0 0 -1.0800964829417745e-15 0 0 1.3272426149324244e-24 34 34 1.0800964829751185e-15 0 0 0
d 0 0 -1.084141607984081e-15 0 0 3.0211827315779978e-24 36 36 1.0841416080281929e-15 0 0 0
d 0 0 -1.088081900525733e-15 0 0 3.2678856218572497e-23 38 38 1.0880819006776958e-15 0 0 0
d 0 0 -1.0916043929806098e-15 0 0 1.1004383581706127e-22 40 40 1.091604393241872e-15 0 0 0
d 0 0 -1.0947855795982462e-15 0 0 1.2239229683326077e-22 42 42 1.0947855798761157e-15 0 0 0
d 0 0 -1.0977412291311478e-15 0 0 6.2957213358647391e-23 44 44 1.0977412293416841e-15 0 0 0
d 0 0 -1.1006720639625341e-15 0 0 6.0077244903357121e-23 46 46 1.1006720641787067e-15 0 0 0
d 0 0 -1.1035843544433966e-15 0 0 4.3040708732060984e-23 48 48 1.1035843546346687e-15 0 0 0
d 0 0 -1.1064834603465081e-15 0 0 3.1307421817644366e-22 50 50 1.1064834608842969e-15 0 0 0
d 0 0 -1.1093734230943979e-15 0 0 1.8197162175937074e-22 52 52 1.1093734235141908e-15 0 0 0
d 0 0 -1.1122567798648824e-15 0 0 8.945516751981796e-23 54 54 1.1122567801649962e-15 0 0 0
d 0 0 -1.1151308436808775e-15 0 0 4.603267206458518e-23 56 56 1.1151308438993362e-15 0 0 0
d 0 0 -1.1179905873023467e-15 0 0 3.6575332641241378e-23 58 58 1.1179905874880524e-15 0 0 0
d 0 0 -1.1208351699642898e-15 0 0 1.8829548343313846e-23 60 60 1.1208351700981782e-15 0 0 0
d 0 0 -1.123665710448965e-15 0 0 1.1560935563548435e-23 62 62 1.1236657105533922e-15 0 0 0
d 0 0 -1.1264836529939143e-15 0 0 1.5465639693902192e-22 64 64 1.1264836533726747e-15 0 0 0
d 0 0 -1.1292901245688755e-15 0 0 5.3108587254653858e-23 66 66 1.1292901243544049e-15 0 0 0
d 0 0 -1.1320852027177675e-15 0 0 3.3965301311142663e-23 68 68 1.1320852028929686e-15 0 0 0
d 0 0 -1.1348653876266016e-15 0 0 1.2855621901405536e-22 70 70 1.1348653879786568e-15 0 0 0
d 0 0 -1.1375814743330244e-15 0 0 2.4153445280685262e-21 72 72 1.1375814727100724e-15 0 0 0
d 0 0 -1.1400572489381622e-15 0 0 2.1915794002326385e-21 74 74 1.1400572505870468e-15 0 0 0
d 0 0 -1.1423521865672246e-15 0 0 1.1918824274379888e-21 76 76 1.1423521878676158e-15 0 0 0
d 0 0 -1.1445259802472345e-15 0 0 4.78193754999647e-22 78 78 1.1445259810927353e-15 0 0 0
d 0 0 -1.1466916997276391e-15 0 0 8.9132338968818824e-22 80 80 1.1466917009142916e-15 0 0 0
d 0 0 -1.1488492652817709e-15 0 0 1.6201576923198603e-21 82 82 1.1488492669270234e-15 0 0 0
d 0 0 -1.1509984786046495e-15 0 0 2.868178063731166e-21 84 84 1.1509984808564344e-15 0 0 0
d 0 0 -1.1531497487049384e-15 0 0 8.3253239343108158e-22 86 86 1.1531497499513281e-15 0 0 0
d 0 0 -1.1553181846989927e-15 0 0 1.4369694547793051e-21 88 88 1.1553181863815928e-15 0 0 0
d 0 0 -1.1574955087398134e-15 0 0 2.3789222876882642e-21 90 90 1.1574955109712493e-15 0 0 0
d 0 0 -1.1596634084783776e-15 0 0 6.9892597994756444e-22 92 92 1.1596634097272085e-15 0 0 0
d 0 0 -1.1618219952956521e-15 0 0 1.0937259582908607e-21 94 94 1.1618219969143251e-15 0 0 0
d 0 0 -1.163970873246466e-15 0 0 1.6005950233755948e-21 96 96 1.1639708752786585e-15 0 0 0
d 0 0 -1.1661105120678029e-15 0 0 4.3951937454126814e-22 98 98 1.1661105131731033e-15 0 0 0
d 0 0 -1.1682417200651957e-15 0 0 5.8017625602235347e-22 100 100 1.1682417213855014e-15 0 0 0
d 0 0 -1.1735356999422447e-15 0 0 9.9987746679781903e-22 105 105 1.1735357018656818e-15 0 0 0
d 0 0 -1.1787869256420899e-15 0 0 1.9586919637558929e-22 110 110 1.1787869265956103e-15 0 0 0
d 0 0 -1.1841335997126116e-15 0 0 6.0204653030422632e-22 115 115 1.1841336016043657e-15 0 0 0
d 0 0 -1.1895108773989924e-15 0 0 2.6096768486455512e-22 120 120 1.1895108788335888e-15 0 0 0
d 0 0 -1.1948291585715893e-15 0 0 3.1099055365295521e-21 125 125 1.1948291646022548e-15 0 0 0
d 0 0 -1.1997634179707908e-15 0 0 7.2516343732679683e-21 130 130 1.1997634308183396e-15 0 0 0
d 0 0 -1.2042244262684795e-15 0 0 2.1028596167232636e-21 135 135 1.2042244346405327e-15 0 0 0
d 0 0 -1.2086654201851812e-15 0 0 6.0189893075823247e-21 140 140 1.2086654374002941e-15 0 0 0
d 0 0 -1.2131165006943279e-15 0 0 2.7672212559938072e-21 145 145 1.2131165146922601e-15 0 0 0
d 0 0 -1.2176249381787885e-15 0 0 9.2304277743723858e-21 150 150 1.2176249676191903e-15 0 0 0
d 0 0 -1.2221400985633645e-15 0 0 5.6271380750120802e-21 155 155 1.2221401248440972e-15 0 0 0
d 0 0 -1.2266604711660908e-15 0 0 2.7590826195701677e-21 160 160 1.2266604898073775e-15 0 0 0
d 0 0 -1.2311924263655162e-15 0 0 1.4372142146098424e-21 165 165 1.2311924392562015e-15 0 0 0
d 0 0 -1.2357382071521529e-15 0 0 7.4050875337136853e-22 170 170 1.2357382157237842e-15 0 0 0
d 0 0 -1.2402959333061752e-15 0 0 3.1087135973181695e-21 175 175 1.2402959492172938e-15 0 0 0
d 0 0 -1.2448634119220679e-15 0 0 1.3833834509328421e-21 180 180 1.2448634215740984e-15 0 0 0
d 0 0 -1.2494418314311825e-15 0 0 4.9757608746622358e-22 185 185 1.2494418367291371e-15 0 0 0
d 0 0 -1.2540255484444006e-15 0 0 1.179707308817486e-21 190 190 1.2540255558163734e-15 0 0 0
d 0 0 -1.2586112252353215e-15 0 0 6.2091526943366617e-22 195 195 1.2586112300932052e-15 0 0 0
d 0 0 -1.2632015855604774e-15 0 0 1.5825713297139579e-21 200 200 1.2632015785928465e-15 0 0 0
d 0 0 -1.2678143268349901e-15 0 0 1.7132157729571226e-21 205 205 1.2678143182105081e-15 0 0 0
d 0 0 -1.2722120436931526e-15 0 0 1.3884346262995468e-20 210 210 1.2722120225888455e-15 0 0 0
d 0 0 -1.2761700524975894e-15 0 0 3.8425427070529998e-21 215 215 1.2761700413924799e-15 0 0 0
d 0 0 -1.2799148241940431e-15 0 0 2.0937303282711594e-20 220 220 1.2799147995590546e-15 0 0 0
d 0 0 -1.2836611442890311e-15 0 0 2.2624448474476305e-20 225 225 1.2836611199055006e-15 0 0 0
d 0 0 -1.2874099627835136e-15 0 0 2.2942638499152666e-20 230 230 1.2874099392472008e-15 0 0 0
d 0 0 -1.2911607701502426e-15 0 0 2.2075530169114368e-20 235 235 1.2911607478937226e-15 0 0 0
d 0 0 -1.294913898473303e-15 0 0 1.6835128781268375e-21 240 240 1.2949138929926825e-15 0 0 0
d 0 0 -1.2986690584135808e-15 0 0 1.7889919051671359e-20 245 245 1.2986690395464285e-15 0 0 0
d 0 0 -1.3024285050209372e-15 0 0 1.5063617583110909e-20 250 250 1.3024284881142126e-15 0 0 0
d 0 0 -1.3062306302783161e-15 0 0 1.2181521043529962e-20 255 255 1.3062306153796945e-15 0 0 0
d 0 0 -1.310238351620219e-15 0 0 9.7762896363706341e-21 260 260 1.3102383385177423e-15 0 0 0
d 0 0 -1.3142412696417846e-15 0 0 7.235978006744876e-21 265 265 1.3142412585985922e-15 0 0 0
d 0 0 -1.318260398307946e-15 0 0 5.3100738609005521e-21 270 270 1.3182603890510962e-15 0 0 0
d 0 0 -1.3222925328269436e-15 0 0 3.7663988870418628e-21 275 275 1.3222925252387684e-15 0 0 0
d 0 0 -1.3263548581098574e-15 0 0 2.582274923971271e-21 280 280 1.3263548520635064e-15 0 0 0
d 0 0 -1.330552718292879e-15 0 0 1.7255386667981089e-21 285 285 1.3305527136235411e-15 0 0 0
d 0 0 -1.3348373570010915e-15 0 0 1.0993038402306082e-21 290 290 1.3348373536138928e-15 0 0 0
d 0 0 -1.3391263659394769e-15 0 0 6.7937782576849142e-22 295 295 1.3391263636849491e-15 0 0 0
d 0 0 -1.3434264375237754e-15 0 0 8.7665586105265056e-21 300 300 1.3434264238779411e-15 0 0 0
d 0 0 -1.3479155599699888e-15 0 0 5.4720045603515782e-21 305 305 1.3479155492323972e-15 0 0 0
d 0 0 -1.3524288114826392e-15 0 0 3.0543934584691899e-21 310 310 1.3524288037233913e-15 0 0 0
d 0 0 -1.3569661370717013e-15 0 0 1.6867055699370824e-21 315 315 1.3569661317082666e-15 0 0 0
d 0 0 -1.3614028622510886e-15 0 0 1.1760098658711469e-19 320 320 1.3614027900678831e-15 0 0 0
d 0 0 -1.3659318662216234e-15 0 0 2.1934464541733304e-19 325 325 1.3659319778010626e-15 0 0 0
d 0 0 -1.3699419518075345e-15 0 0 7.1686664499257694e-20 330 330 1.3699420436641567e-15 0 0 0
d 0 0 -1.3738712575813997e-15 0 0 2.4515738691044099e-21 335 335 1.3738712448750675e-15 0 0 0
d 0 0 -1.3778220456954844e-15 0 0 7.1287637886833668e-20 340 340 1.3778219467042881e-15 0 0 0
d 0 0 -1.381823569085721e-15 0 0 5.2526531494423958e-21 345 345 1.3818235434013889e-15 0 0 0
d 0 0 -1.3858839343880288e-15 0 0 8.3642699816242448e-21 350 350 1.3858839777881257e-15 0 0 0
d 0 0 -1.3899823760674973e-15 0 0 7.6331280807709821e-21 355 355 1.389982419367153e-15 0 0 0
d 0 0 -1.3941228839616428e-15 0 0 6.6168813131414489e-20 360 360 1.3941230091202938e-15 0 0 0
d 0 0 -1.3983078794720665e-15 0 0 9.6996743032669649e-21 365 365 1.3983079323329534e-15 0 0 0
d 0 0 -1.4025418249837512e-15 0 0 1.744363271316773e-20 370 370 1.4025418953243429e-15 0 0 0
d 0 0 -1.4068294728177338e-15 0 0 3.1771806829179926e-20 375 375 1.406829565949127e-15 0 0 0
d 0 0 -1.4111742787885838e-15 0 0 5.9929175471171444e-20 380 380 1.4111744030857722e-15 0 0 0
d 0 0 -1.4155748133527886e-15 0 0 1.4015608514566077e-20 385 385 1.4155748811298533e-15 0 0 0
d 0 0 -1.4200351934325044e-15 0 0 2.7912991522214951e-20 390 390 1.4200352837207559e-15 0 0 0
d 0 0 -1.4245634274092055e-15 0 0 6.1796092118124781e-20 395 395 1.4245635539256911e-15 0 0 0
d 0 0 -1.4291705921094734e-15 0 0 1.7278914473278527e-20 400 400 1.4291706603928403e-15 0 0 0
d 0 0 -1.4338652438128758e-15 0 0 4.2929981081276694e-20 405 405 1.4338653428568521e-15 0 0 0
d 0 0 -1.4386421967781726e-15 0 0 3.6030606639330888e-20 410 410 1.4386422795741238e-15 0 0 0
d 0 0 -1.4434879832956464e-15 0 0 3.7901662376783679e-20 415 415 1.443487922208827e-15 0 0 0
d 0 0 -1.4483946238061434e-15 0 0 8.1050652930457626e-20 420 420 1.44839453790047e-15 0 0 0
d 0 0 -1.4533594770391825e-15 0 0 1.6349705106071848e-19 425 425 1.4533593594342741e-15 0 0 0
d 0 0 -1.4583813766426036e-15 0 0 3.0078002815981949e-19 430 430 1.4583812195895537e-15 0 0 0
d 0 0 -1.4634590947532495e-15 0 0 6.9536465239156433e-20 435 435 1.4634590260481586e-15 0 0 0
d 0 0 -1.468591007370446e-15 0 0 8.1151320737330008e-20 440 440 1.4685909265348339e-15 0 0 0
d 0 0 -1.4737745317636856e-15 0 0 1.2848740510272302e-19 445 445 1.4737744137530749e-15 0 0 0
d 0 0 -1.4790030951679509e-15 0 0 1.6215929217806926e-19 450 450 1.4790029378206586e-15 0 0 0
d 0 0 -1.4840875857746258e-15 0 0 4.9273381482403136e-19 455 455 1.4840872152735779e-15 0 0 0
d 0 0 -1.4892955017178002e-15 0 0 4.750993581534272e-19 460 460 1.4892950947294176e-15 0 0 0
d 0 0 -1.4939960319049259e-15 0 0 2.7404165643548508e-20 465 465 1.4939959202908396e-15 0 0 0
d 0 0 -1.4985775116525516e-15 0 0 3.0458944376662114e-20 470 470 1.4985773660233063e-15 0 0 0
d 0 0 -1.503189097090091e-15 0 0 2.6496109377292963e-20 475 475 1.5031889383227895e-15 0 0 0
d 0 0 -1.5078361798997635e-15 0 0 2.2421950701002059e-20 480 480 1.5078360102468667e-15 0 0 0
d 0 0 -1.512521684289508e-15 0 0 5.155570737574594e-21 485 485 1.5125216009788364e-15 0 0 0
d 0 0 -1.5172481316325564e-15 0 0 4.2285344839412129e-21 490 490 1.5172480444327446e-15 0 0 0
d 0 0 -1.5220180699248953e-15 0 0 3.2849635525951607e-21 495 495 1.5220179829079492e-15 0 0 0
d 0 0 -1.5268341907944849e-15 0 0 2.4559555685647976e-21 500 500 1.5268341063712596e-15 0 0 0
d 0 0 -1.5316993533344556e-15 0 0 1.7616551314928004e-21 505 505 1.5316992737484974e-15 0 0 0
d 0 0 -1.5366165727154706e-15 0 0 1.2075507200674334e-21 510 510 1.5366164999202812e-15 0 0 0
d 0 0 -1.541588991218318e-15 0 0 7.8666800893231548e-22 515 515 1.5415889268099789e-15 0 0 0
d 0 0 -1.5466198327118678e-15 0 0 4.8282546838491795e-22 520 520 1.5466197779043365e-15 0 0 0
d 0 0 -1.5517123271145335e-15 0 0 2.7456568722973243e-22 525 525 1.5517122827425131e-15 0 0 0
d 0 0 -1.5568738864258512e-15 0 0 1.4008082394904147e-22 530 530 1.5568738527710531e-15 0 0 0
d 0 0 -1.5621214760189527e-15 0 0 5.6935207676234511e-23 535 535 1.562121453114336e-15 0 0 0
d 0 0 -1.567467578625801e-15 0 0 7.7302022723761078e-24 540 540 1.5674675661949991e-15 0 0 0
d 0 0 -1.5729283952485162e-15 0 0 1.3806060539614907e-22 545 545 1.572928312542717e-15 0 0 0
d 0 0 -1.5785190308045865e-15 0 0 4.0700980925754522e-23 550 550 1.578518969493663e-15 0 0 0
d 0 0 -1.5842038439275591e-15 0 0 -1.1160407447760909e-23 555 555 1.584203803192732e-15 0 0 0
d 0 0 -1.5899719916093724e-15 0 0 -3.7484698071105382e-23 560 560 1.5899719695780666e-15 0 0 0
d 0 0 -1.595830306317653e-15 0 0 -4.5706115582305204e-24 565 565 1.5958302009974106e-15 0 0 0
d 0 0 -1.6017844471270776e-15 0 0 -3.9659266505462043e-23 570 570 1.6017843744371171e-15 0 0 0
d 0 0 -1.6078398342032043e-15 0 0 -5.6526310841919179e-23 575 575 1.6078397896263931e-15 0 0 0
d 0 0 -1.6140018249266161e-15 0 0 -4.2353825758943056e-23 580 580 1.6140016661805119e-15 0 0 0
d 0 0 -1.6202756279039478e-15 0 0 -6.2483354962830578e-23 585 585 1.620275515601212e-15 0 0 0
d 0 0 -1.6266660605674645e-15 0 0 -7.2813030812649173e-23 590 590 1.626665987794961e-15 0 0 0
d 0 0 -1.6331763689087664e-15 0 0 -6.7473582474444834e-23 595 595 1.6331761410996644e-15 0 0 0
d 0 0 -1.6364752452693023e-15 0 0 -6.8875835661685724e-23 597.5 597.5 1.6364749791880898e-15 0 0 0
d 0 0 -1.6397912083423857e-15 0 0 -7.648335661068094e-23 600 600 1.6397909762671733e-15 0 0 0
d 0 0 -1.6462355977975318e-15 0 0 -7.538580091868301e-23 605 605 1.6462356604483687e-15 0 0 0
d 0 0 -1.6530389497698953e-15 0 0 -8.8514799087373787e-23 610 610 1.653038665822871e-15 0 0 0
d 0 0 -1.6591523897010607e-15 0 0 -9.5298659674610946e-23 615 615 1.6591521337601116e-15 0 0 0
d 0 0 -1.6652531397170749e-15 0 0 -1.0129310825373005e-22 620 620 1.6652529475951256e-15 0 0 0
d 0 0 -1.6714508179907232e-15 0 0 -1.0616261953871815e-22 625 625 1.6714506844567336e-15 0 0 0
d 0 0 -1.6777560345810727e-15 0 0 -1.0824242538802642e-22 630 630 1.6777556534260309e-15 0 0 0
d 0 0 -1.6841746750047145e-15 0 0 -1.1513377271313396e-22 635 635 1.6841744025909755e-15 0 0 0
d 0 0 -1.6907113391055802e-15 0 0 -1.209091312792676e-22 640 640 1.6907111575511754e-15 0 0 0
d 0 0 -1.6973701148013234e-15 0 0 -1.2626376191845438e-22 645 645 1.6973700082587655e-15 0 0 0
d 0 0 -1.7041548203249273e-15 0 0 -1.3153531008669169e-22 650 650 1.7041545364651358e-15 0 0 0
d 0 0 -1.7110690755777633e-15 0 0 -1.3774191852214229e-22 655 655 1.7110688489750392e-15 0 0 0
d 0 0 -1.718116341772293e-15 0 0 -1.439580920496065e-22 660 660 1.7181162153875736e-15 0 0 0
d 0 0 -1.7252999288670871e-15 0 0 -1.4973150002355855e-22 665 665 1.7252995618243189e-15 0 0 0
d 0 0 -1.7326229907806185e-15 0 0 -1.572186052564792e-22 670 670 1.7326227844586645e-15 0 0 0
d 0 0 -1.7400885479392452e-15 0 0 -1.6413551297528558e-22 675 675 1.7400881707189712e-15 0 0 0
d 0 0 -1.7476994725909932e-15 0 0 -1.617894622514729e-22 680 680 1.7476994427075849e-15 0 0 0
d 0 0 -1.7554584863428199e-15 0 0 -1.5528723454500677e-22 685 685 1.755458897673357e-15 0 0 0
d 0 0 -1.7633681232100056e-15 0 0 -1.4830557750864954e-22 690 690 1.7633688862610889e-15 0 0 0
d 0 0 -1.771430617548451e-15 0 0 -1.8690149822200794e-22 695 695 1.7714310500240217e-15 0 0 0
d 0 0 -1.7796478650417185e-15 0 0 -1.9655037601095727e-22 700 700 1.7796483399997227e-15 0 0 0
d 0 0 -1.7880215568791104e-15 0 0 -2.0561550117335966e-22 705 705 1.7880220559535501e-15 0 0 0
d 0 0 -1.796553547873127e-15 0 0 -2.1526190902107393e-22 710 710 1.7965540653543185e-15 0 0 0
d 0 0 -1.8052439642037828e-15 0 0 -2.2546796060138595e-22 715 715 1.8052444949499311e-15 0 0 0
d 0 0 -1.8140783236637284e-15 0 0 -2.3621768377302932e-22 720 720 1.8140788628695631e-15 0 0 0
d 0 0 -1.8230649365365153e-15 0 0 -2.4739211642388746e-22 725 725 1.8230654857394067e-15 0 0 0
d 0 0 -1.832211712358629e-15 0 0 -2.5909236128523876e-22 730 730 1.8322122699407335e-15 0 0 0
d 0 0 -1.8415187892861537e-15 0 0 -2.4398098922318798e-22 735 735 1.8415200472635776e-15 0 0 0
d 0 0 -1.8509847601698763e-15 0 0 -2.5756012571355345e-22 740 740 1.8509860227813434e-15 0 0 0
d 0 0 -1.8606053265821664e-15 0 0 -2.7221831593778643e-22 745 745 1.8606065852080513e-15 0 0 0
d 0 0 -1.8703341494236943e-15 0 0 -2.1918385984136236e-22 750 750 1.8703358495193533e-15 0 0 0
d 0 0 -1.8798272842940158e-15 0 0 -3.1626209227822194e-22 755 755 1.8798282656751635e-15 0 0 0
d 0 0 -1.8898123988782301e-15 0 0 -3.3238020329145979e-22 760 760 1.8898110729694973e-15 0 0 0
d 0 0 -1.899143875029135e-15 0 0 -3.4944997164302101e-22 765 765 1.8991447829763614e-15 0 0 0
d 0 0 -1.9083000574343355e-15 0 0 -3.4839535436045865e-22 770 770 1.9083013834007735e-15 0 0 0
d 0 0 -1.9175515297258735e-15 0 0 -3.6356492028293183e-22 775 775 1.9175528497513444e-15 0 0 0
d 0 0 -1.9269088398157298e-15 0 0 -3.8837917300828057e-22 780 780 1.9269099258889958e-15 0 0 0
d 0 0 -1.9363743541642949e-15 0 0 -4.010596608376974e-22 785 785 1.9363755606317203e-15 0 0 0
d 0 0 -1.9459481694865138e-15 0 0 -4.1657401938317841e-22 790 790 1.945949401181524e-15 0 0 0
d 0 0 -1.9556295147450357e-15 0 0 -4.419878551259244e-22 795 795 1.9556303022184872e-15 0 0 0
d 0 0 -1.9654172039737783e-15 0 0 -4.5852136098147081e-22 800 800 1.9654179983273856e-15 0 0 0
d 0 0 -1.9753098005313438e-15 0 0 -4.753330216738943e-22 805 805 1.975310617294032e-15 0 0 0
d 0 0 -1.9853055869243342e-15 0 0 -4.9261738886495412e-22 810 810 1.9853064274487731e-15 0 0 0
d 0 0 -1.995402426500277e-15 0 0 -5.1037575789962229e-22 815 815 1.9954032925534483e-15 0 0 0
d 0 0 -2.005605668675588e-15 0 0 -5.2861987618387026e-22 820 820 2.0056065591733098e-15 0 0 0
d 0 0 -2.0159260080151289e-15 0 0 -5.4734372593904477e-22 825 825 2.0159269251598226e-15 0 0 0
d 0 0 -2.0263736212616177e-15 0 0 -5.6656520090010037e-22 830 830 2.026374564567562e-15 0 0 0
d 0 0 -2.0369628059382394e-15 0 0 -5.8630929814343938e-22 835 835 2.0369637730392353e-15 0 0 0
d 0 0 -2.0476667714035778e-15 0 0 -6.0662821840665482e-22 840 840 2.0476677632101839e-15 0 0 0
d 0 0 -2.058455275073934e-15 0 0 -6.2742028643311892e-22 845 845 2.058456295329051e-15 0 0 0
d 0 0 -2.0693301042227977e-15 0 0 -6.352137458111259e-22 850 850 2.0693320679517685e-15 0 0 0
d 0 0 -2.0802911579439783e-15 0 0 -6.5721984226556095e-22 855 855 2.0802931564814993e-15 0 0 0
d 0 0 -2.0913373319315566e-15 0 0 -6.7981049557458544e-22 860 860 2.091339364606137e-15 0 0 0
d 0 0 -2.1024660759020703e-15 0 0 -7.0313788018758121e-22 865 865 2.1024681350187626e-15 0 0 0
d 0 0 -2.1136684021455263e-15 0 0 -7.3399038519600285e-22 870 870 2.1136700312222614e-15 0 0 0
d 0 0 -2.1247029834092958e-15 0 0 -7.6846006229061441e-22 875 875 2.1247030465467683e-15 0 0 0
d 0 0 -2.1357455672332972e-15 0 0 -7.8736424946463825e-22 880 880 2.1357444643584445e-15 0 0 0
d 0 0 -2.1468958325164862e-15 0 0 -8.0684249908422644e-22 885 885 2.146897522881484e-15 0 0 0
d 0 0 -2.157236403466513e-15 0 0 -8.2886004454678275e-22 890 890 2.157238207380504e-15 0 0 0
d 0 0 -2.1675929711347591e-15 0 0 -8.5363065917239013e-22 895 895 2.1675946509882642e-15 0 0 0
d 0 0 -2.1779983812610594e-15 0 0 -8.7761504181214414e-22 900 900 2.1780000439725141e-15 0 0 0
d 0 0 -2.1884616966905894e-15 0 0 -9.0202285634150008e-22 905 905 2.1884633442980754e-15 0 0 0
d 0 0 -2.1989869456124073e-15 0 0 -9.2687802972432993e-22 910 910 2.198988579333176e-15 0 0 0
d 0 0 -2.209576658939082e-15 0 0 -9.5218728663982065e-22 915 915 2.2095782803938658e-15 0 0 0
d 0 0 -2.2202328116352373e-15 0 0 -9.7795700702668715e-22 920 920 2.2202344225736072e-15 0 0 0
d 0 0 -2.2309571299599972e-15 0 0 -1.0041934816040179e-21 925 925 2.230958732051554e-15 0 0 0
d 0 0 -2.2417529118362332e-15 0 0 -1.0309075934060665e-21 930 930 2.2417545066275729e-15 0 0 0
d 0 0 -2.2526208522281465e-15 0 0 -1.058107881348598e-21 935 935 2.2526224406463018e-15 0 0 0
d 0 0 -2.2635630602308801e-15 0 0 -1.0858022110725336e-21 940 940 2.2635646429682051e-15 0 0 0
d 0 0 -2.2745821083237806e-15 0 0 -1.1140036153193515e-21 945 945 2.274583685615861e-15 0 0 0
d 0 0 -2.2856808253150422e-15 0 0 -1.1428280019599137e-21 950 950 2.2856823836077852e-15 0 0 0
d 0 0 -2.2968621855537019e-15 0 0 -1.1642398203855176e-21 955 955 2.2968647851209236e-15 0 0 0
d 0 0 -2.3081339115518503e-15 0 0 -1.193705791448501e-21 960 960 2.308136560903373e-15 0 0 0
d 0 0 -2.3195098670291058e-15 0 0 -1.2249094941016128e-21 965 965 2.319512480999845e-15 0 0 0
d 0 0 -2.3309949245844201e-15 0 0 -1.2563999348940042e-21 970 970 2.3309975022626565e-15 0 0 0
d 0 0 -2.3425937442662952e-15 0 0 -1.289109763730217e-21 975 975 2.3425963147475386e-15 0 0 0
d 0 0 -2.3543098566555479e-15 0 0 -1.3218951565509969e-21 980 980 2.3543122977098036e-15 0 0 0
d 0 0 -2.3661328808728773e-15 0 0 -1.2499682604373694e-21 985 985 2.3661308127599943e-15 0 0 0
d 0 0 -2.3776788358899391e-15 0 0 -1.3970187147225135e-21 990 990 2.3776818369303013e-15 0 0 0
d 0 0 -2.3896044782518503e-15 0 0 -1.4296527779304333e-21 995 995 2.3896048066937596e-15 0 0 0
d 0 0 -2.4012919071717345e-15 0 0 -1.4591969462985576e-21 1000 1000 2.4012916926092412e-15 0 0 0
d 0 0 -2.4125208796703333e-15 0 0 -1.4848995455758269e-21 1005 1005 2.4125237693486799e-15 0 0 0
d 0 0 -2.4238769939952003e-15 0 0 -1.5177775527616689e-21 1010 1010 2.4238800310668912e-15 0 0 0
d 0 0 -2.4353964469361423e-15 0 0 -1.551915996526792e-21 1015 1015 2.4353997335655718e-15 0 0 0
d 0 0 -2.4470875388375181e-15 0 0 -1.5877575722721301e-21 1020 1020 2.4470906533538299e-15 0 0 0
d 0 0 -2.4589418313403115e-15 0 0 -1.6327475503320804e-21 1025 1025 2.4589457336525307e-15 0 0 0
d 0 0 -2.4709394616437632e-15 0 0 -1.6701047956214616e-21 1030 1030 2.4709434490133962e-15 0 0 0
d 0 0 -2.483060482264727e-15 0 0 -1.7076812049419516e-21 1035 1035 2.4830644935194455e-15 0 0 0
d 0 0 -2.4952913543077932e-15 0 0 -1.7455890564945812e-21 1040 1040 2.4952953450831051e-15 0 0 0
d 0 0 -2.5076249396201495e-15 0 0 -1.7839681490024336e-21 1045 1045 2.5076288856791906e-15 0 0 0
d 0 0 -2.5200581668977774e-15 0 0 -1.8229337075242411e-21 1050 1050 2.5200620555065455e-15 0 0 0
d 0 0 -2.5325900417552498e-15 0 0 -1.8625771669940811e-21 1055 1055 2.5325938661946006e-15 0 0 0
d 0 0 -2.5452204957651543e-15 0 0 -1.9029735972759905e-21 1060 1060 2.5452242524662679e-15 0 0 0
d 0 0 -2.557949803644698e-15 0 0 -1.9441872789791691e-21 1065 1065 2.5579534907910281e-15 0 0 0
d 0 0 -2.5707782625901895e-15 0 0 -1.9862755925221984e-21 1070 1070 2.5707818793777579e-15 0 0 0
d 0 0 -2.583705898366254e-15 0 0 -2.0292947855559368e-21 1075 1075 2.5837094440006391e-15 0 0 0
d 0 0 -2.5967318403790855e-15 0 0 -2.0733364081363625e-21 1080 1080 2.5967353110517848e-15 0 0 0
d 0 0 -2.609851604268728e-15 0 0 -2.1184626834492652e-21 1085 1085 2.6098549917352833e-15 0 0 0
d 0 0 -2.622996799242296e-15 0 0 -2.1307601244894086e-21 1090 1090 2.6229951331647308e-15 0 0 0
d 0 0 -2.6357478689984869e-15 0 0 -2.2162727677905425e-21 1095 1095 2.6357471996535761e-15 0 0 0
d 0 0 -2.6490583339661449e-15 0 0 -2.2645159083184014e-21 1100 1100 2.6490571551249274e-15 0 0 0
d 0 0 -2.6616150084435267e-15 0 0 -2.3088216347020101e-21 1105 1105 2.6616190116953621e-15 0 0 0
d 0 0 -2.6739214553576127e-15 0 0 -2.3478779613202345e-21 1110 1110 2.6739247238065602e-15 0 0 0
d 0 0 -2.686276966800542e-15 0 0 -2.393524199911561e-21 1115 1115 2.6862801755874177e-15 0 0 0
d 0 0 -2.6987023410957477e-15 0 0 -2.4398910766255933e-21 1120 1120 2.6987055133147612e-15 0 0 0
d 0 0 -2.7112050191973441e-15 0 0 -2.4870414652385189e-21 1125 1125 2.7112081590813159e-15 0 0 0
d 0 0 -2.7237885165823914e-15 0 0 -2.5349899599213336e-21 1130 1130 2.7237916281536586e-15 0 0 0
d 0 0 -2.7364548859124628e-15 0 0 -2.5837434222217523e-21 1135 1135 2.736457973579455e-15 0 0 0
d 0 0 -2.7492054787978083e-15 0 0 -2.604852085678313e-21 1140 1140 2.7492118272455147e-15 0 0 0
d 0 0 -2.7620412506412354e-15 0 0 -2.655565805799169e-21 1145 1145 2.7620474413982927e-15 0 0 0
d 0 0 -2.7749628541515256e-15 0 0 -2.7072812280239287e-21 1150 1150 2.7749688972345381e-15 0 0 0
d 0 0 -2.7879707265531146e-15 0 0 -2.7599683895930784e-21 1155 1155 2.78797664061053e-15 0 0 0
d 0 0 -2.8010650882458708e-15 0 0 -2.8137609232616696e-21 1160 1160 2.80107084444372e-15 0 0 0
d 0 0 -2.8142458648519279e-15 0 0 -2.8683548943421442e-21 1165 1165 2.8142515038372569e-15 0 0 0
d 0 0 -2.8275124168845757e-15 0 0 -2.9239462546509639e-21 1170 1170 2.8275179436548658e-15 0 0 0
d 0 0 -2.8408625338490556e-15 0 0 -2.9807192540463603e-21 1175 1175 2.840867938037398e-15 0 0 0
d 0 0 -2.8542860734698205e-15 0 0 -3.0386534252640355e-21 1180 1180 2.8542913294877727e-15 0 0 0
d 0 0 -2.8675226692305518e-15 0 0 -3.1219456030897023e-21 1185 1185 2.8675159673268715e-15 0 0 0
d 0 0 -2.8806935474344118e-15 0 0 -3.1775097326245778e-21 1190 1190 2.880687307278713e-15 0 0 0
d 0 0 -2.8940681992118929e-15 0 0 -3.2284201089707058e-21 1195 1195 2.8940745359435755e-15 0 0 0
d 0 0 -2.9065765359275969e-15 0 0 -3.2639933188119415e-21 1200 1200 2.9065828601632988e-15 0 0 0
d 0 0 -2.9115735174917906e-15 0 0 -3.2783905020841246e-21 1202 1202 2.911582773683684e-15 0 0 0
d 0 0 -2.9165745449339017e-15 0 0 -3.300300662438723e-21 1204 1204 2.9165837897225078e-15 0 0 0
d 0 0 -2.9215818692016113e-15 0 0 -3.3223036512996434e-21 1206 1206 2.9215911009845158e-15 0 0 0
d 0 0 -2.9265969156332463e-15 0 0 -3.3444085923088365e-21 1208 1208 2.9266061341041616e-15 0 0 0
d 0 0 -2.9316206241778472e-15 0 0 -3.3666222010016102e-21 1210 1210 2.9316298296361666e-15 0 0 0
d 0 0 -2.9366536677290448e-15 0 0 -3.391472203488481e-21 1212 1212 2.9366586840427856e-15 0 0 0
d 0 0 -2.9416964293979752e-15 0 0 -3.416039384910741e-21 1214 1214 2.9417045776676168e-15 0 0 0
d 0 0 -2.9467493137700914e-15 0 0 -3.4386189606069901e-21 1216 1216 2.9467574583677674e-15 0 0 0
d 0 0 -2.9518125497324256e-15 0 0 -3.4612183278402655e-21 1218 1218 2.9518207593045049e-15 0 0 0
d 0 0 -2.9568863286010452e-15 0 0 -3.4842514598903702e-21 1220 1220 2.9568944933232515e-15 0 0 0
d 0 0 -2.9619707961964323e-15 0 0 -3.5071993860972102e-21 1222 1222 2.9619789608038262e-15 0 0 0
d 0 0 -2.9670660666147378e-15 0 0 -3.5302742791924569e-21 1224 1224 2.9670742324532039e-15 0 0 0
d 0 0 -2.9721722286360125e-15 0 0 -3.5534774243458807e-21 1226 1226 2.9721803970368917e-15 0 0 0
d 0 0 -2.9772893512393048e-15 0 0 -3.5768100359935543e-21 1228 1228 2.9772975235094632e-15 0 0 0
d 0 0 -2.9824174873391798e-15 0 0 -3.6002732840689827e-21 1230 1230 2.9824256647533999e-15 0 0 0
d 0 0 -2.9875566763871411e-15 0 0 -3.6238683199471286e-21 1232 1232 2.9875648601815188e-15 0 0 0
d 0 0 -2.9927069461180765e-15 0 0 -3.647596301183348e-21 1234 1234 2.9927151374838464e-15 0 0 0
d 0 0 -2.997868313609752e-15 0 0 -3.6714583491469904e-21 1236 1236 2.9978765136884055e-15 0 0 0
d 0 0 -3.0030407857375146e-15 0 0 -3.6954555662961517e-21 1238 1238 3.0030489956165306e-15 0 0 0
d 0 0 -3.0082243590283796e-15 0 0 -3.7195890679448634e-21 1240 1240 3.0082325797368513e-15 0 0 0
d 0 0 -3.0134190188306046e-15 0 0 -3.7438599617032719e-21 1242 1242 3.0134272513358056e-15 0 0 0
d 0 0 -3.0186247375925382e-15 0 0 -3.7682693462876582e-21 1244 1244 3.0186329827972816e-15 0 0 0
d 0 0 -3.0238414718458461e-15 0 0 -3.7928183812193277e-21 1246 1246 3.02384973058426e-15 0 0 0
d 0 0 -3.0290691571275451e-15 0 0 -3.8175081457798572e-21 1248 1248 3.0290774301669651e-15 0 0 0
d 0 0 -3.034307699361314e-15 0 0 -3.8423396754495572e-21 1250 1250 3.0343159874064363e-15 0 0 0
d 0 0 -3.0395569596837261e-15 0 0 -3.8673140000540892e-21 1252 1252 3.039565263384817e-15 0 0 0
d 0 0 -3.0448167260810327e-15 0 0 -3.8924321245407627e-21 1254 1254 3.0448250460547539e-15 0 0 0
d 0 0 -3.0500866556314351e-15 0 0 -3.9176950942484137e-21 1256 1256 3.0500949925077487e-15 0 0 0
d 0 0 -3.0553661417239089e-15 0 0 -3.9431043156606319e-21 1258 1258 3.0553744962594265e-15 0 0 0
d 0 0 -3.0606539485263442e-15 0 0 -3.9686631552897705e-21 1260 1260 3.0606623219247771e-15 0 0 0
d 0 0 -3.0659468534614765e-15 0 0 -3.9943875853563119e-21 1262 1262 3.0659552485886946e-15 0 0 0
d 0 0 -3.0712299312933233e-15 0 0 -4.0204696830796161e-21 1264 1264 3.0712383613739126e-15 0 0 0
d 0 0 -3.0763389513256551e-15 0 0 -4.0655909991224004e-21 1266 1266 3.0763291419533594e-15 0 0 0
d 0 0 -3.0814987831678969e-15 0 0 -4.0853955585370463e-21 1268 1268 3.0815052126178849e-15 0 0 0
d 0 0 -3.0865637800013118e-15 0 0 -4.1168628949631338e-21 1270 1270 3.0865572010183988e-15 0 0 0
d 0 0 -3.0918672316972583e-15 0 0 -4.1130713601745305e-21 1272 1272 3.0918707337745063e-15 0 0 0
d 0 0 -3.0971865559389653e-15 0 0 -4.147354707592149e-21 1274 1274 3.0971952309258596e-15 0 0 0
d 0 0 -3.1023892068125953e-15 0 0 -4.1782022033194845e-21 1276 1276 3.1023977024793525e-15 0 0 0
d 0 0 -3.1072893706817026e-15 0 0 -4.2011503934161177e-21 1278 1278 3.107298288015499e-15 0 0 0
d 0 0 -3.1121674632023942e-15 0 0 -4.2255059424578823e-21 1280 1280 3.1121764402196124e-15 0 0 0
d 0 0 -3.1170366702154885e-15 0 0 -4.2500082762732364e-21 1282 1282 3.1170456774848393e-15 0 0 0
d 0 0 -3.1219032734773311e-15 0 0 -4.2745746966982173e-21 1284 1284 3.1219123032512151e-15 0 0 0
d 0 0 -3.1267708940723859e-15 0 0 -4.2992307694840655e-21 1286 1286 3.1267799407256218e-15 0 0 0
d 0 0 -3.131641731629553e-15 0 0 -4.3239907748998493e-21 1288 1288 3.1316507908955999e-15 0 0 0
d 0 0 -3.1365171840843187e-15 0 0 -4.3488640736504625e-21 1290 1290 3.1365262524328403e-15 0 0 0
d 0 0 -3.1413981731671543e-15 0 0 -4.3738572737143239e-21 1292 1292 3.1414072474508086e-15 0 0 0
d 0 0 -3.1462853242735125e-15 0 0 -4.3989752835499703e-21 1294 1294 3.1462944015369098e-15 0 0 0
d 0 0 -3.1511790706560367e-15 0 0 -4.4242219039930798e-21 1296 1296 3.1511881480344475e-15 0 0 0
d 0 0 -3.156079716352014e-15 0 0 -4.4496001861610266e-21 1298 1298 3.1560887910206762e-15 0 0 0
d 0 0 -3.1609874755864595e-15 0 0 -4.4751126628028708e-21 1300 1300 3.160996544739054e-15 0 0 0
d 0 0 -3.1659024982048022e-15 0 0 -4.5007615078321623e-21 1302 1302 3.1659115590487883e-15 0 0 0
d 0 0 -3.1708248864836947e-15 0 0 -4.526548622257072e-21 1304 1304 3.1708339362501004e-15 0 0 0
d 0 0 -3.1757547508337853e-15 0 0 -4.3988447392188373e-21 1306 1306 3.1757717423935598e-15 0 0 0
d 0 0 -3.1806920450651785e-15 0 0 -4.4252936569694101e-21 1308 1308 3.1807085761573377e-15 0 0 0
d 0 0 -3.185636821809572e-15 0 0 -4.4519466011714721e-21 1310 1310 3.1856528744017609e-15 0 0 0
d 0 0 -3.1905890736480283e-15 0 0 -4.4788066684965077e-21 1312 1312 3.190604629816857e-15 0 0 0
d 0 0 -3.1955487732862011e-15 0 0 -4.505877102904082e-21 1314 1314 3.1955638154201863e-15 0 0 0
d 0 0 -3.2005158725713964e-15 0 0 -4.5331617065363978e-21 1316 1316 3.200530383425587e-15 0 0 0
d 0 0 -3.205490298796225e-15 0 0 -4.5606667679955975e-21 1318 1318 3.2055042615351207e-15 0 0 0
d 0 0 -3.2104719466267274e-15 0 0 -4.5883967453934429e-21 1320 1320 3.2104853448344006e-15 0 0 0
d 0 0 -3.2154606618909854e-15 0 0 -4.6163589922918322e-21 1322 1322 3.215473479575562e-15 0 0 0
d 0 0 -3.2204562083056295e-15 0 0 -4.6445653580173181e-21 1324 1324 3.2204684299179083e-15 0 0 0
d 0 0 -3.2254581936094576e-15 0 0 -4.6730365208159556e-21 1326 1326 3.2254698041654052e-15 0 0 0
d 0 0 -3.2304658824313176e-15 0 0 -4.7018142561425163e-21 1328 1328 3.2304768680819235e-15 0 0 0
d 0 0 -3.2354776098448116e-15 0 0 -4.7310030475224844e-21 1330 1330 3.2354879605558709e-15 0 0 0
d 0 0 -3.2404880707227006e-15 0 0 -4.7609873057840461e-21 1332 1332 3.2404977980013752e-15 0 0 0
d 0 0 -3.2454485360299886e-15 0 0 -4.9261815908141792e-21 1334 1334 3.2454369885633343e-15 0 0 0
d 0 0 -3.2502761801408408e-15 0 0 -4.9729487848475698e-21 1336 1336 3.2502668224166249e-15 0 0 0
d 0 0 -3.2549597238573176e-15 0 0 -5.0010336993721783e-21 1338 1338 3.2549715746333471e-15 0 0 0
d 0 0 -3.259875537315224e-15 0 0 -5.0319775764667633e-21 1340 1340 3.2598576478255524e-15 0 0 0
d 0 0 -3.2648396579431076e-15 0 0 -4.8889358145291528e-21 1342 1342 3.2648536162816039e-15 0 0 0
d 0 0 -3.2697675454553427e-15 0 0 -4.9247609950284917e-21 1344 1344 3.2697748053624199e-15 0 0 0
d 0 0 -3.2743386081915353e-15 0 0 -5.0047754318112494e-21 1346 1346 3.2743490521082988e-15 0 0 0
d 0 0 -3.278841217361719e-15 0 0 -5.0015858124469519e-21 1348 1348 3.2788463107740346e-15 0 0 0
d 0 0 -3.283325735149342e-15 0 0 -5.0302053926592262e-21 1350 1350 3.2833299060233495e-15 0 0 0
d 0 0 -3.2878004688822695e-15 0 0 -5.0585958752965535e-21 1352 1352 3.2878036942612819e-15 0 0 0
d 0 0 -3.2922702584288807e-15 0 0 -5.0868835295212364e-21 1354 1354 3.2922725049097938e-15 0 0 0
d 0 0 -3.2967381203797596e-15 0 0 -5.1151752162600057e-21 1356 1356 3.2967393471259436e-15 0 0 0
d 0 0 -3.301206026920998e-15 0 0 -5.1434989863772528e-21 1358 1358 3.3012061894005708e-15 0 0 0
d 0 0 -3.3056752608660949e-15 0 0 -5.1718886102420628e-21 1360 1360 3.305674311226311e-15 0 0 0
d 0 0 -3.3101466987399605e-15 0 0 -5.2003630171101102e-21 1362 1362 3.3101445867639921e-15 0 0 0
d 0 0 -3.3146209444852797e-15 0 0 -5.2289347603265203e-21 1364 1364 3.3146176181958174e-15 0 0 0
d 0 0 -3.3190984088646123e-15 0 0 -5.2576127413740442e-21 1366 1366 3.3190938149930893e-15 0 0 0
d 0 0 -3.3235793575172117e-15 0 0 -5.286403852272027e-21 1368 1368 3.3235734418543941e-15 0 0 0
d 0 0 -3.3280639392617753e-15 0 0 -5.3153137177890606e-21 1370 1370 3.3280566468571581e-15 0 0 0
d 0 0 -3.3325522195597049e-15 0 0 -5.3443499940611895e-21 1372 1372 3.3325434956813637e-15 0 0 0
d 0 0 -3.3370446921107384e-15 0 0 -5.373528286036512e-21 1374 1374 3.337034481878171e-15 0 0 0
d 0 0 -3.3415413823395934e-15 0 0 -5.4028487406551615e-21 1376 1376 3.3415296243791461e-15 0 0 0
d 0 0 -3.3460419070606825e-15 0 0 -5.4323133320898218e-21 1378 1378 3.3460285416753172e-15 0 0 0
d 0 0 -3.3505461562153868e-15 0 0 -5.461772710851706e-21 1380 1380 3.3505311844236679e-15 0 0 0
d 0 0 -3.3550556617228743e-15 0 0 -5.4914328150759368e-21 1382 1382 3.3550390189178599e-15 0 0 0
d 0 0 -3.3595692168867131e-15 0 0 -5.5212158692899558e-21 1384 1384 3.3595508352033015e-15 0 0 0
d 0 0 -3.3640835613255835e-15 0 0 -5.5512242394667244e-21 1386 1386 3.3640633496566718e-15 0 0 0
d 0 0 -3.3685836136628572e-15 0 0 -5.5816959376585619e-21 1388 1388 3.3685612060098167e-15 0 0 0
d 0 0 -3.3728944515256734e-15 0 0 -5.6918778025371319e-21 1390 1390 3.3728430257620401e-15 0 0 0
d 0 0 -3.3771743616723603e-15 0 0 -5.7083307543344177e-21 1392 1392 3.3771810574593299e-15 0 0 0
d 0 0 -3.3814717788708744e-15 0 0 -5.7441878485552554e-21 1394 1394 3.3814729189096972e-15 0 0 0
d 0 0 -3.3859647098462785e-15 0 0 -5.7560453799079981e-21 1396 1396 3.3859511287314382e-15 0 0 0
d 0 0 -3.3904153871002519e-15 0 0 -5.730567804752674e-21 1398 1398 3.390385912135169e-15 0 0 0
d 0 0 -3.3944582632085409e-15 0 0 -5.7952042584756035e-21 1400 1400 3.3944195671827988e-15 0 0 0
d 0 0 -3.3984367773255638e-15 0 0 -5.7954643477562553e-21 1402 1402 3.3983912164866878e-15 0 0 0
d 0 0 -3.4023924116865811e-15 0 0 -5.8224320618678172e-21 1404 1404 3.402342912993204e-15 0 0 0
d 0 0 -3.4063352628471916e-15 0 0 -5.8492403946748454e-21 1406 1406 3.4062819477671531e-15 0 0 0
d 0 0 -3.4102711821658818e-15 0 0 -5.8759755347842027e-21 1408 1408 3.4102140590277714e-15 0 0 0
d 0 0 -3.4142036587884523e-15 0 0 -5.9027026318003767e-21 1410 1410 3.4141426596052341e-15 0 0 0
d 0 0 -3.4181348289176033e-15 0 0 -5.9294655763003595e-21 1412 1412 3.4180698320892961e-15 0 0 0
d 0 0 -3.4220659872522866e-15 0 0 -5.9562938075215542e-21 1414 1414 3.4219968233529343e-15 0 0 0
d 0 0 -3.4259978249345751e-15 0 0 -5.9832015620248888e-21 1416 1416 3.4259242571835834e-15 0 0 0
d 0 0 -3.429930462039607e-15 0 0 -6.0102008233741383e-21 1418 1418 3.4298521416572022e-15 0 0 0
d 0 0 -3.4338631598913797e-15 0 0 -6.0373010508674793e-21 1420 1420 3.4337794690975207e-15 0 0 0
d 0 0 -3.4377928748427438e-15 0 0 -6.0645122851908397e-21 1422 1422 3.4377021971113872e-15 0 0 0
d 0 0 -3.4417024350301458e-15 0 0 -6.0917696144941134e-21 1424 1424 3.4415930169712449e-15 0 0 0
d 0 0 -3.445459543482633e-15 0 0 -6.1559485702660387e-21 1426 1426 3.4453876326420468e-15 0 0 0
d 0 0 -3.4492133706096322e-15 0 0 -6.1473597760482728e-21 1428 1428 3.4492307152056546e-15 0 0 0
d 0 0 -3.4529241192368147e-15 0 0 -6.2077170979321499e-21 1430 1430 3.4528853254815996e-15 0 0 0
d 0 0 -3.4568095960405303e-15 0 0 -6.2350798956625931e-21 1432 1432 3.4567111631845722e-15 0 0 0
d 0 0 -3.4607020931431603e-15 0 0 -6.2259396648294683e-21 1434 1434 3.4605475575104037e-15 0 0 0
d 0 0 -3.464369946816222e-15 0 0 -6.2541746903947543e-21 1436 1436 3.4641789592530832e-15 0 0 0
d 0 0 -3.4679768191289905e-15 0 0 -6.2803360448338741e-21 1438 1438 3.4676809322231767e-15 0 0 0
d 0 0 -3.4715787620464844e-15 0 0 -6.3058886531733556e-21 1440 1440 3.4712523803063562e-15 0 0 0
d 0 0 -3.475178796634777e-15 0 0 -6.3314733439995011e-21 1442 1442 3.4748193448622614e-15 0 0 0
d 0 0 -3.4787785917765348e-15 0 0 -6.3571163751887045e-21 1444 1444 3.4783821651971635e-15 0 0 0
d 0 0 -3.4823791358706778e-15 0 0 -6.3828341861040642e-21 1446 1446 3.4819404743163284e-15 0 0 0
d 0 0 -3.4859810379719235e-15 0 0 -6.4086365429931766e-21 1448 1448 3.4854932505149763e-15 0 0 0
d 0 0 -3.4895846815299876e-15 0 0 -6.4345294511649566e-21 1450 1450 3.489038760969782e-15 0 0 0
d 0 0 -3.4931903075431896e-15 0 0 -6.460516695244701e-21 1452 1452 3.4925743792389704e-15 0 0 0
d 0 0 -3.4967980615865254e-15 0 0 -6.486600671203988e-21 1454 1454 3.4960962504476892e-15 0 0 0
d 0 0 -3.5004080211288733e-15 0 0 -6.5127828515344295e-21 1456 1456 3.4995987387676685e-15 0 0 0
d 0 0 -3.5040202113710273e-15 0 0 -6.539064051786182e-21 1458 1458 3.5030735417234308e-15 0 0 0
d 0 0 -3.5076346139234081e-15 0 0 -6.5654445833357236e-21 1460 1460 3.5065082890718312e-15 0 0 0
d 0 0 -3.5112511707490015e-15 0 0 -6.5919243368555896e-21 1462 1462 3.509884373959439e-15 0 0 0
d 0 0 -3.5148697850588686e-15 0 0 -6.6185028217771392e-21 1464 1464 3.5131737741033152e-15 0 0 0
d 0 0 -3.5184903214542328e-15 0 0 -6.6451791827209405e-21 1466 1466 3.5163350151236362e-15 0 0 0
d 0 0 -3.5221126135137946e-15 0 0 -6.6719522377644083e-21 1468 1468 3.5193100297753308e-15 0 0 0
d 0 0 -3.5257364802538829e-15 0 0 -6.6988205331791868e-21 1470 1470 3.5220278925877499e-15 0 0 0
d 0 0 -3.5293614672202742e-15 0 0 -6.737250266200887e-21 1472 1472 3.5293671161054447e-15 0 0 0
d 0 0 -3.5329880737232103e-15 0 0 -6.7638471203954541e-21 1474 1474 3.532993989602412e-15 0 0 0
d 0 0 -3.5366160281203016e-15 0 0 -6.7905447816304423e-21 1476 1476 3.5366225210335188e-15 0 0 0
d 0 0 -3.5402455249164946e-15 0 0 -6.817344142633868e-21 1478 1478 3.5402529195020668e-15 0 0 0
d 0 0 -3.5438769800312121e-15 0 0 -6.844248179957312e-21 1480 1480 3.5438855318345182e-15 0 0 0
d 0 0 -3.5475108487591334e-15 0 0 -6.871256168260126e-21 1482 1482 3.5475206797722172e-15 0 0 0
d 0 0 -3.5511473381315058e-15 0 0 -6.8983698639052016e-21 1484 1484 3.5511583832734598e-15 0 0 0
d 0 0 -3.5547861799049906e-15 0 0 -6.9256062981583966e-21 1486 1486 3.5547981988530085e-15 0 0 0
d 0 0 -3.5584267939715844e-15 0 0 -6.95303243866808e-21 1488 1488 3.5584388254618967e-15 0 0 0
d 0 0 -3.5620687354556162e-15 0 0 -6.9803940668788336e-21 1490 1490 3.562080812318614e-15 0 0 0
d 0 0 -3.5657119468775337e-15 0 0 -7.0078613753871294e-21 1492 1492 3.5657231366708533e-15 0 0 0
d 0 0 -3.5693565996403929e-15 0 0 -7.0354546922882375e-21 1494 1494 3.5693654314616282e-15 0 0 0
d 0 0 -3.5730028526495556e-15 0 0 -7.0631515093016697e-21 1496 1496 3.5730078286674763e-15 0 0 0
d 0 0 -3.5766507738087105e-15 0 0 -7.0909487725452651e-21 1498 1498 3.5766502833948891e-15 0 0 0
d 0 0 -3.5803003653567893e-15 0 0 -7.1188422964233143e-21 1500 1500 3.5802928563191063e-15 0 0 0
d 0 0 -3.5839516027041867e-15 0 0 -7.1468295993364344e-21 1502 1502 3.5839356971150572e-15 0 0 0
d 0 0 -3.5876044603277553e-15 0 0 -7.1749040001827963e-21 1504 1504 3.5875641529879451e-15 0 0 0
d 0 0 -3.591258924317917e-15 0 0 -7.2030916177635343e-21 1506 1506 3.591208820565467e-15 0 0 0
d 0 0 -3.5949149987685421e-15 0 0 -7.2313521534872044e-21 1508 1508 3.5948521497161237e-15 0 0 0
d 0 0 -3.5985726979732198e-15 0 0 -7.2597023397001644e-21 1510 1510 3.598497241222561e-15 0 0 0
d 0 0 -3.6022320362966915e-15 0 0 -7.288145723159298e-21 1512 1512 3.6021404075449628e-15 0 0 0
d 0 0 -3.605893007896908e-15 0 0 -7.3166802522421592e-21 1514 1514 3.6057933113541886e-15 0 0 0
d 0 0 -3.6095555711283348e-15 0 0 -7.3452991149978436e-21 1516 1516 3.6094416360210537e-15 0 0 0
d 0 0 -3.6132196488458697e-15 0 0 -7.3740054499124901e-21 1518 1518 3.6130958875918501e-15 0 0 0
d 0 0 -3.616885159031276e-15 0 0 -7.4028192267204135e-21 1520 1520 3.6167506150434411e-15 0 0 0
d 0 0 -3.620552059842278e-15 0 0 -7.4316946163229604e-21 1522 1522 3.6204120171627604e-15 0 0 0
d 0 0 -3.6242203812783013e-15 0 0 -7.4606476130998319e-21 1524 1524 3.6240786560515261e-15 0 0 0
d 0 0 -3.6278901817358638e-15 0 0 -7.4896802464774217e-21 1526 1526 3.6277496991596642e-15 0 0 0
d 0 0 -3.6315614047428747e-15 0 0 -7.5187948246650723e-21 1528 1528 3.6314214871619008e-15 0 0 0
d 0 0 -3.6352337768755285e-15 0 0 -7.5479926497380931e-21 1530 1530 3.6350896497041012e-15 0 0 0
d 0 0 -3.6389069388413191e-15 0 0 -7.5772691664417037e-21 1532 1532 3.6387537254806533e-15 0 0 0
d 0 0 -3.6425806803559254e-15 0 0 -7.6066198465688449e-21 1534 1534 3.6424163147572119e-15 0 0 0
d 0 0 -3.646254986375911e-15 0 0 -7.6360428563439959e-21 1536 1536 3.6460795410697841e-15 0 0 0
d 0 0 -3.6499299113636145e-15 0 0 -7.6655379296235749e-21 1538 1538 3.6497436314446254e-15 0 0 0
d 0 0 -3.6536053799370851e-15 0 0 -7.6881473745866593e-21 1540 1540 3.6457346826037641e-15 0 0 0
d 0 0 -3.6572815691961948e-15 0 0 -7.7183053416447218e-21 1542 1542 3.6491042548258488e-15 0 0 0
d 0 0 -3.6609583293836564e-15 0 0 -7.748455115155698e-21 1544 1544 3.6538740929083767e-15 0 0 0
d 0 0 -3.6646355722501101e-15 0 0 -7.7762015508217595e-21 1546 1546 3.6551845193885345e-15 0 0 0
d 0 0 -3.6683132370031135e-15 0 0 -7.8059001259687125e-21 1548 1548 3.6590784366847795e-15 0 0 0
d 0 0 -3.6719912386759409e-15 0 0 -7.8356636634886502e-21 1550 1550 3.6630015833515492e-15 0 0 0
d 0 0 -3.6756695082714457e-15 0 0 -7.8654872068384132e-21 1552 1552 3.6669410473565305e-15 0 0 0
d 0 0 -3.6793479859218247e-15 0 0 -7.8953670014471724e-21 1554 1554 3.6708830568990348e-15 0 0 0
d 0 0 -3.6830266078129526e-15 0 0 -7.9253133549995866e-21 1556 1556 3.6748483766749722e-15 0 0 0
d 0 0 -3.6867052770250828e-15 0 0 -7.9553251462766047e-21 1558 1558 3.6787999091221956e-15 0 0 0
d 0 0 -3.6903838501960106e-15 0 0 -7.9853885834629685e-21 1560 1560 3.6825128078111597e-15 0 0 0
d 0 0 -3.694062173786124e-15 0 0 -8.015643211636469e-21 1562 1562 3.6864953943314943e-15 0 0 0
d 0 0 -3.6977401251612818e-15 0 0 -8.045829107910234e-21 1564 1564 3.6903565605332788e-15 0 0 0
d 0 0 -3.7014176124319451e-15 0 0 -8.0760690122276572e-21 1566 1566 3.6942143329117784e-15 0 0 0
d 0 0 -3.7050945579829864e-15 0 0 -8.1063542815832222e-21 1568 1568 3.697993483779596e-15 0 0 0
d 0 0 -3.7087709096446792e-15 0 0 -8.136775978416217e-21 1570 1570 3.7019238336151477e-15 0 0 0
d 0 0 -3.7124465879710794e-15 0 0 -8.1671719928353037e-21 1572 1572 3.7058078015252339e-15 0 0 0
d 0 0 -3.7161215421997882e-15 0 0 -8.1976180510458113e-21 1574 1574 3.7097000766836125e-15 0 0 0
d 0 0 -3.7197957130283307e-15 0 0 -8.2281134879713627e-21 1576 1576 3.7135929288024728e-15 0 0 0
d 0 0 -3.7234690350709453e-15 0 0 -8.2586573034634444e-21 1578 1578 3.7174812390004126e-15 0 0 0
d 0 0 -3.7271414398593916e-15 0 0 -8.2892486075751776e-21 1580 1580 3.7213550160091498e-15 0 0 0
d 0 0 -3.7308128459177046e-15 0 0 -8.3198865103021525e-21 1582 1582 3.7251977341499285e-15 0 0 0
d 0 0 -3.734483152222637e-15 0 0 -8.3505697915956587e-21 1584 1584 3.7289979304510667e-15 0 0 0
d 0 0 -3.738152251842999e-15 0 0 -8.3812968819173922e-21 1586 1586 3.7327609480465163e-15 0 0 0
d 0 0 -3.7418200578450802e-15 0 0 -8.412066268548948e-21 1588 1588 3.7365067550913906e-15 0 0 0
d 0 0 -3.7454865175688607e-15 0 0 -8.4428769168228419e-21 1590 1590 3.740255697810805e-15 0 0 0
d 0 0 -3.7491516042272669e-15 0 0 -8.4737283072591803e-21 1592 1592 3.7440105326198061e-15 0 0 0
d 0 0 -3.7528152975597584e-15 0 0 -8.504627236701557e-21 1594 1594 3.7477866993274668e-15 0 0 0
d 0 0 -3.756477570496421e-15 0 0 -8.5355594378226859e-21 1596 1596 3.7515644674636392e-15 0 0 0
d 0 0 -3.7601383892868578e-15 0 0 -8.5665310798302452e-21 1598 1598 3.7553444030425592e-15 0 0 0
d 0 0 -3.7637977215626764e-15 0 0 -8.5975414684794035e-21 1600 1600 3.7591267234245152e-15 0 0 0
d 0 0 -3.7674555423902469e-15 0 0 -8.6285900225726699e-21 1602 1602 3.7629123470821619e-15 0 0 0
d 0 0 -3.7711118332988312e-15 0 0 -8.6596763177807225e-21 1604 1604 3.76670058327347e-15 0 0 0
d 0 0 -3.7747665770688558e-15 0 0 -8.6908000101739455e-21 1606 1606 3.7704890129809646e-15 0 0 0
d 0 0 -3.7784197532189584e-15 0 0 -8.7219607327507668e-21 1608 1608 3.7742748722719632e-15 0 0 0
d 0 0 -3.7820713375613739e-15 0 0 -8.7531580338462292e-21 1610 1610 3.7780567401840573e-15 0 0 0
d 0 0 -3.7857213063014494e-15 0 0 -8.7843914001908241e-21 1612 1612 3.7818353213506009e-15 0 0 0
d 0 0 -3.7893696416304244e-15 0 0 -8.8156603504513432e-21 1614 1614 3.7856127114377352e-15 0 0 0
d 0 0 -3.7930163346822698e-15 0 0 -8.846964519344332e-21 1616 1616 3.789390876231066e-15 0 0 0
d 0 0 -3.7966613844174501e-15 0 0 -8.8783036754186392e-21 1618 1618 3.7931704516429235e-15 0 0 0
d 0 0 -3.8003047937455129e-15 0 0 -8.9096776882855184e-21 1620 1620 3.7969501071388262e-15 0 0 0
d 0 0 -3.803946564549482e-15 0 0 -8.9410864753337755e-21 1622 1622 3.8007263228900878e-15 0 0 0
d 0 0 -3.8075866930654257e-15 0 0 -8.97252992895978e-21 1624 1624 3.8044939949545242e-15 0 0 0
d 0 0 -3.8112251678359079e-15 0 0 -9.0040076899066615e-21 1626 1626 3.8082480153672375e-15 0 0 0
d 0 0 -3.8148619724919314e-15 0 0 -9.0355213895928214e-21 1628 1628 3.8119881349123885e-15 0 0 0
d 0 0 -3.8184970926635405e-15 0 0 -9.0670671213475632e-21 1630 1630 3.8157154438536948e-15 0 0 0
d 0 0 -3.8221305225865009e-15 0 0 -9.0986462071343044e-21 1632 1632 3.8194350755006227e-15 0 0 0
d 0 0 -3.8257622668293997e-15 0 0 -9.1302584712808785e-21 1634 1634 3.8231506162837083e-15 0 0 0
d 0 0 -3.8293923372450043e-15 0 0 -9.1619038736351624e-21 1636 1636 3.8268631556955642e-15 0 0 0
d 0 0 -3.8330207488691e-15 0 0 -9.1935824269611108e-21 1638 1638 3.830572336938422e-15 0 0 0
d 0 0 -3.83664751781686e-15 0 0 -9.2252941422235936e-21 1640 1640 3.8342780049853438e-15 0 0 0
d 0 0 -3.8402726610992129e-15 0 0 -9.2570390282580312e-21 1642 1642 3.8379806046589399e-15 0 0 0
d 0 0 -3.8438961966901439e-15 0 0 -9.2888171091003075e-21 1644 1644 3.8416804311433376e-15 0 0 0
d 0 0 -3.8475181431355645e-15 0 0 -9.3206284231638311e-21 1646 1646 3.8453770141225468e-15 0 0 0
d 0 0 -3.8511385193993502e-15 0 0 -9.3524730083012339e-21 1648 1648 3.8490693777661772e-15 0 0 0
d 0 0 -3.8547573457090243e-15 0 0 -9.3843508963971482e-21 1650 1650 3.8527568579579244e-15 0 0 0
d 0 0 -3.8583746452429514e-15 0 0 -9.4162621286522531e-21 1652 1652 3.8564396945385409e-15 0 0 0
d 0 0 -3.8619904457243583e-15 0 0 -9.4482067829580181e-21 1654 1654 3.8601188933789132e-15 0 0 0
d 0 0 -3.8656047799680585e-15 0 0 -9.4801849950098849e-21 1656 1656 3.8637955211450642e-15 0 0 0
d 0 0 -3.8692176851068526e-15 0 0 -9.5121969597152997e-21 1658 1658 3.8674700391863914e-15 0 0 0
d 0 0 -3.8728292010138626e-15 0 0 -9.544242913870858e-21 1660 1660 3.8711421307126874e-15 0 0 0
d 0 0 -3.876439368759635e-15 0 0 -9.5763231116414773e-21 1662 1662 3.874811031597038e-15 0 0 0
d 0 0 -3.8800482297586748e-15 0 0 -9.6084378049861391e-21 1664 1664 3.8784760770282314e-15 0 0 0
d 0 0 -3.8836558258261697e-15 0 0 -9.6405872364730958e-21 1666 1666 3.8821371093864328e-15 0 0 0
d 0 0 -3.887262199909197e-15 0 0 -9.6727716452170946e-21 1668 1668 3.8857945184320265e-15 0 0 0
d 0 0 -3.8908673970113789e-15 0 0 -9.7049912798797743e-21 1670 1670 3.8894489539133357e-15 0 0 0
d 0 0 -3.8944714649187419e-15 0 0 -9.7372464108838234e-21 1672 1672 3.8931009619579416e-15 0 0 0
d 0 0 -3.898074448601385e-15 0 0 -9.7681175642421024e-21 1674 1674 3.8964979194329799e-15 0 0 0
d 0 0 -3.9016764179151942e-15 0 0 -9.800500337375592e-21 1676 1676 3.9002626409920734e-15 0 0 0
d 0 0 -3.9052774164627373e-15 0 0 -9.832847286440772e-21 1678 1678 3.9039099166048168e-15 0 0 0
d 0 0 -3.9088775080215015e-15 0 0 -9.8652308350112756e-21 1680 1680 3.9075544219486862e-15 0 0 0
d 0 0 -3.9124767553071791e-15 0 0 -9.8976513839728905e-21 1682 1682 3.9111961912047847e-15 0 0 0
d 0 0 -3.9160752239845337e-15 0 0 -9.9301093509910958e-21 1684 1684 3.9148355486825056e-15 0 0 0
d 0 0 -3.919672989899258e-15 0 0 -9.9648334449042416e-21 1686 1686 3.9186979981807699e-15 0 0 0
d 0 0 -3.9232700996661063e-15 0 0 -9.9937868115217541e-21 1688 1688 3.921955095521077e-15 0 0 0
d 0 0 -3.9268666582719786e-15 0 0 -1.0026340452397791e-20 1690 1690 3.9255940512888189e-15 0 0 0
d 0 0 -3.9304627318836514e-15 0 0 -1.0058933303638688e-20 1692 1692 3.9292318206971288e-15 0 0 0
d 0 0 -3.9340584000709188e-15 0 0 -1.0091565907141035e-20 1694 1694 3.9328682486704174e-15 0 0 0
d 0 0 -3.9376537438622887e-15 0 0 -1.0124238816032541e-20 1696 1696 3.936503081112799e-15 0 0 0
d 0 0 -3.9412488453950553e-15 0 0 -1.0156952586843372e-20 1698 1698 3.9401360895537896e-15 0 0 0
d 0 0 -3.9448437879073229e-15 0 0 -1.0189707773191174e-20 1700 1700 3.9437671829830557e-15 0 0 0
d 0 0 -3.9484386559005299e-15 0 0 -1.0222504928508902e-20 1702 1702 3.9473964682880536e-15 0 0 0
d 0 0 -3.9520335357059349e-15 0 0 -1.0255344601775942e-20 1704 1704 3.951024232338564e-15 0 0 0
d 0 0 -3.9556285160957864e-15 0 0 -1.0288227355718776e-20 1706 1706 3.9546508594376924e-15 0 0 0
d 0 0 -3.959223688327236e-15 0 0 -1.0321153769001591e-20 1708 1708 3.9582767285336439e-15 0 0 0
d 0 0 -3.9628191467022831e-15 0 0 -1.0354124427763878e-20 1710 1710 3.9619021376041288e-15 0 0 0
d 0 0 -3.9664149879617857e-15 0 0 -1.0387139956375753e-20 1712 1712 3.9655272763234263e-15 0 0 0
d 0 0 -3.9700113106822209e-15 0 0 -1.0420200971367223e-20 1714 1714 3.9691522327819951e-15 0 0 0
d 0 0 -3.9736082156003206e-15 0 0 -1.0453308088274909e-20 1716 1716 3.9727770238468427e-15 0 0 0
d 0 0 -3.9772058041706387e-15 0 0 -1.0486461945044589e-20 1718 1718 3.9764016334053116e-15 0 0 0
d 0 0 -3.9808041782762241e-15 0 0 -1.0519663129521397e-20 1720 1720 3.9800260485861223e-15 0 0 0
d 0 0 -3.9844034409965837e-15 0 0 -1.0552912213803711e-20 1722 1722 3.9836502981851544e-15 0 0 0
d 0 0 -3.9880036949677697e-15 0 0 -1.058620977774522e-20 1724 1724 3.9872744770973151e-15 0 0 0
d 0 0 -3.9916050424584869e-15 0 0 -1.0619556320433383e-20 1726 1726 3.9908987461627451e-15 0 0 0
d 0 0 -3.9952073011866426e-15 0 0 -1.0434082724379002e-20 1728 1728 3.9810190463123683e-15 0 0 0
d 0 0 -3.9988111445653737e-15 0 0 -1.0466399504280377e-20 1730 1730 3.985060718244562e-15 0 0 0
d 0 0 -4.0024166524542992e-15 0 0 -1.0710300389655359e-20 1732 1732 4.0013888209607209e-15 0 0 0
d 0 0 -4.0060233832550252e-15 0 0 -1.0732175371464814e-20 1734 1734 4.0043782436443277e-15 0 0 0
d 0 0 -4.0096318026798277e-15 0 0 -1.0765697273891669e-20 1736 1736 4.0080380225839919e-15 0 0 0
d 0 0 -4.0132417971433242e-15 0 0 -1.0799177782436954e-20 1738 1738 4.0116964785087665e-15 0 0 0
d 0 0 -4.0168480961420877e-15 0 0 -1.083239402372848e-20 1740 1740 4.0153462885334925e-15 0 0 0
d 0 0 -4.0204549603421069e-15 0 0 -1.0866052688128612e-20 1742 1742 4.0190077749129455e-15 0 0 0
d 0 0 -4.0240679029478812e-15 0 0 -1.089976900275859e-20 1744 1744 4.0226677815967988e-15 0 0 0
d 0 0 -4.0276867542840405e-15 0 0 -1.0933579374756733e-20 1746 1746 4.0263305364765165e-15 0 0 0
d 0 0 -4.0313114503177549e-15 0 0 -1.0967513946329674e-20 1748 1748 4.0299974880615006e-15 0 0 0
d 0 0 -4.0349420174457107e-15 0 0 -1.1001573406986655e-20 1750 1750 4.0336685871192655e-15 0 0 0
d 0 0 -4.0385785218258356e-15 0 0 -1.103575925219005e-20 1752 1752 4.0373439325750963e-15 0 0 0
d 0 0 -4.0422210538275865e-15 0 0 -1.1070073029785264e-20 1754 1754 4.0410237094554395e-15 0 0 0
d 0 0 -4.0458697209213072e-15 0 0 -1.1104516609003057e-20 1756 1756 4.0447081695975403e-15 0 0 0
d 0 0 -4.0495246416783264e-15 0 0 -1.1139092104228992e-20 1758 1758 4.0483975951407459e-15 0 0 0
d 0 0 -4.0531859393842608e-15 0 0 -1.1173806905388001e-20 1760 1760 4.0520924577450832e-15 0 0 0
d 0 0 -4.0568537437168473e-15 0 0 -1.1208646505104063e-20 1762 1762 4.0557923937232002e-15 0 0 0
d 0 0 -4.06052819045197e-15 0 0 -1.1243630456808849e-20 1764 1764 4.059498279635047e-15 0 0 0
d 0 0 -4.0642094192579847e-15 0 0 -1.1278755134117846e-20 1766 1766 4.0632100892170264e-15 0 0 0
d 0 0 -4.0678975688469892e-15 0 0 -1.131402292337167e-20 1768 1768 4.0669279954106979e-15 0 0 0
d 0 0 -4.0715927805416254e-15 0 0 -1.1349435981729989e-20 1770 1770 4.0706521493818143e-15 0 0 0
d 0 0 -4.0752951986974611e-15 0 0 -1.1384996705319242e-20 1772 1772 4.0743826988573713e-15 0 0 0
d 0 0 -4.0790049702639151e-15 0 0 -1.1420707547071444e-20 1774 1774 4.0781197855765147e-15 0 0 0
d 0 0 -4.0827222393628084e-15 0 0 -1.1456631053151453e-20 1776 1776 4.0818653059508553e-15 0 0 0
d 0 0 -4.0864471494587961e-15 0 0 -1.1492579042930571e-20 1778 1778 4.0856138151199225e-15 0 0 0
d 0 0 -4.0901798470343395e-15 0 0 -1.1528754565352408e-20 1780 1780 4.0893713115907019e-15 0 0 0
d 0 0 -4.0939204802707938e-15 0 0 -1.1565089766752952e-20 1782 1782 4.0931358752033573e-15 0 0 0
d 0 0 -4.0976691947688799e-15 0 0 -1.1601587315728756e-20 1784 1784 4.0969076522114447e-15 0 0 0
d 0 0 -4.1014261328648312e-15 0 0 -1.1638249479945671e-20 1786 1786 4.1006867909709574e-15 0 0 0
d 0 0 -4.1051909493252216e-15 0 0 -1.1193359708046908e-20 1788 1788 4.0928517628968794e-15 0 0 0
d 0 0 -4.1089647665031638e-15 0 0 -1.122893275891754e-20 1790 1790 4.0969677626821385e-15 0 0 0
d 0 0 -4.1127472425209408e-15 0 0 -1.1264654740221396e-20 1792 1792 4.1010801805435156e-15 0 0 0
d 0 0 -4.116538517051215e-15 0 0 -1.1300526281933413e-20 1794 1794 4.1051899898329531e-15 0 0 0
d 0 0 -4.1203387319705671e-15 0 0 -1.1338779312964025e-20 1796 1796 4.1093732305941e-15 0 0 0
d 0 0 -4.1241480204679532e-15 0 0 -1.1372086449599097e-20 1798 1798 4.1133946937907862e-15 0 0 0
d 0 0 -4.1279665320895179e-15 0 0 -1.1408399626616704e-20 1800 1800 4.117502467501653e-15 0 0 0
d 0 0 -4.1317944026455382e-15 0 0 -1.1444870921536013e-20 1802 1802 4.1216110742127422e-15 0 0 0
d 0 0 -4.1356317648977993e-15 0 0 -1.1481500641970725e-20 1804 1804 4.1257210180188903e-15 0 0 0
d 0 0 -4.1394787532512904e-15 0 0 -1.1518288205062871e-20 1806 1806 4.1298327167000369e-15 0 0 0
d 0 0 -4.1433355012575658e-15 0 0 -1.1555237034206836e-20 1808 1808 4.1339466074604176e-15 0 0 0
d 0 0 -4.147202141115419e-15 0 0 -1.1592349055136687e-20 1810 1810 4.1380630666057503e-15 0 0 0
d 0 0 -4.1510788037149912e-15 0 0 -1.1629626197768579e-20 1812 1812 4.1421824500360109e-15 0 0 0
d 0 0 -4.1549656186865913e-15 0 0 -1.1667070410600917e-20 1814 1814 4.146305093093904e-15 0 0 0
d 0 0 -4.1588627196634958e-15 0 0 -1.1709694575345519e-20 1816 1816 4.1505587165556554e-15 0 0 0
d 0 0 -4.16277021754164e-15 0 0 -1.1740894747360084e-20 1818 1818 4.1545422649878794e-15 0 0 0
d 0 0 -4.1666882556719219e-15 0 0 -1.1778830139337939e-20 1820 1820 4.1586766898073039e-15 0 0 0
d 0 0 -4.1706169533800091e-15 0 0 -1.1816940710766044e-20 1822 1822 4.1628153955533324e-15 0 0 0
d 0 0 -4.1745564351860871e-15 0 0 -1.1855228748088076e-20 1824 1824 4.1669585559572121e-15 0 0 0
d 0 0 -4.178506825120242e-15 0 0 -1.1893696716716557e-20 1826 1826 4.1711063296245558e-15 0 0 0
d 0 0 -4.1824682471250538e-15 0 0 -1.1932347319396946e-20 1828 1828 4.1752588789734412e-15 0 0 0
d 0 0 -4.1864408256531493e-15 0 0 -1.1971183605523653e-20 1830 1830 4.179416392041039e-15 0 0 0
d 0 0 -4.1904246865582077e-15 0 0 -1.201020914389064e-20 1832 1832 4.1835791029270465e-15 0 0 0
d 0 0 -4.1944199584437084e-15 0 0 -1.2049428304698207e-20 1834 1834 4.1877473064341041e-15 0 0 0
d 0 0 -4.1984267747592038e-15 0 0 -1.2088846739969295e-20 1836 1836 4.1919213637475565e-15 0 0 0
d 0 0 -4.2024452771865981e-15 0 0 -1.2128472248354284e-20 1838 1838 4.1961016990583022e-15 0 0 0
d 0 0 -4.2064756214050769e-15 0 0 -1.2168316447025616e-20 1840 1840 4.2002887914312987e-15 0 0 0
d 0 0 -4.2105179876170981e-15 0 0 -1.2208398321391681e-20 1842 1842 4.2044831720418492e-15 0 0 0
d 0 0 -4.2145726016844481e-15 0 0 -1.2248752785284289e-20 1844 1844 4.2086854483870755e-15 0 0 0
d 0 0 -4.2186397948413982e-15 0 0 -1.2300036220051485e-20 1846 1846 4.213068958397537e-15 0 0 0
d 0 0 -4.2227200853673987e-15 0 0 -1.2326688632841124e-20 1848 1848 4.2170875412164327e-15 0 0 0
d 0 0 -4.226814902810207e-15 0 0 -1.2369306197053555e-20 1850 1850 4.2213225820806018e-15 0 0 0
d 0 0 -4.2309114372370246e-15 0 0 -1.2388979506870905e-20 1852 1852 4.2254574648761286e-15 0 0 0
d 0 0 -4.2349909035781378e-15 0 0 -1.2432569631470371e-20 1854 1854 4.2297405162526889e-15 0 0 0
d 0 0 -4.2390856028047043e-15 0 0 -1.2479276606527224e-20 1856 1856 4.2340108453678405e-15 0 0 0
d 0 0 -4.2431962944726771e-15 0 0 -1.2520987794026631e-20 1858 1858 4.2382148382653357e-15 0 0 0
d 0 0 -4.2473224791083711e-15 0 0 -1.2562581368432234e-20 1860 1860 4.2424439050513458e-15 0 0 0
d 0 0 -4.2514639485376774e-15 0 0 -1.2604775645664503e-20 1862 1862 4.2466946451374633e-15 0 0 0
d 0 0 -4.2556206099902972e-15 0 0 -1.2647276771266836e-20 1864 1864 4.2509595103389452e-15 0 0 0
d 0 0 -4.2597924275881778e-15 0 0 -1.2689999938468395e-20 1866 1866 4.2552373830711962e-15 0 0 0
d 0 0 -4.2639793964916394e-15 0 0 -1.2732946675210853e-20 1868 1868 4.2595283904492258e-15 0 0 0
d 0 0 -4.268181529573823e-15 0 0 -1.2776114450286969e-20 1870 1870 4.2638335918957391e-15 0 0 0
d 0 0 -4.2723988496097205e-15 0 0 -1.2819449873515907e-20 1872 1872 4.2681520066660034e-15 0 0 0
d 0 0 -4.2766313842105829e-15 0 0 -1.2862976622900984e-20 1874 1874 4.2724828588779801e-15 0 0 0
d 0 0 -4.2808791619113717e-15 0 0 -1.2906753631755537e-20 1876 1876 4.2768266116426848e-15 0 0 0
d 0 0 -4.2851422087116186e-15 0 0 -1.2950788504133901e-20 1878 1878 4.2811833271561052e-15 0 0 0
d 0 0 -4.2894205446189834e-15 0 0 -1.2995090646522254e-20 1880 1880 4.285553061533394e-15 0 0 0
d 0 0 -4.2937141794832442e-15 0 0 -1.3039672292920245e-20 1882 1882 4.2899358618633088e-15 0 0 0
d 0 0 -4.2980231073392185e-15 0 0 -1.3084550237410401e-20 1884 1884 4.2943317647012459e-15 0 0 0
d 0 0 -4.3023472975031683e-15 0 0 -1.3129699951678782e-20 1886 1886 4.2987382363306273e-15 0 0 0
d 0 0 -4.3066880112184416e-15 0 0 -1.3172637338184878e-20 1888 1888 4.3031537758187452e-15 0 0 0
d 0 0 -4.3110483460424276e-15 0 0 -1.3214895487179253e-20 1890 1890 4.3075878573711864e-15 0 0 0
d 0 0 -4.3154291154714195e-15 0 0 -1.325702513985986e-20 1892 1892 4.3120420402865602e-15 0 0 0
d 0 0 -4.3198312094761139e-15 0 0 -1.3298647355569413e-20 1894 1894 4.3165147570029718e-15 0 0 0
d 0 0 -4.3242556491965449e-15 0 0 -1.3339434175422548e-20 1896 1896 4.3210051767017036e-15 0 0 0
d 0 0 -4.328703531934984e-15 0 0 -1.3400975634736161e-20 1898 1898 4.3256964583315899e-15 0 0 0
d 0 0 -4.333175601919125e-15 0 0 -1.3441539785135633e-20 1900 1900 4.3302105306496243e-15 0 0 0
d 0 0 -4.3376723498206995e-15 0 0 -1.3449218855190418e-20 1902 1902 4.334581390122664e-15 0 0 0
d 0 0 -4.3421940164367813e-15 0 0 -1.3488918057399471e-20 1904 1904 4.3391653627866613e-15 0 0 0
d 0 0 -4.3467398521372192e-15 0 0 -1.3532154819754917e-20 1906 1906 4.3437817959809409e-15 0 0 0
d 0 0 -4.3513023781189729e-15 0 0 -1.3581946798832222e-20 1908 1908 4.3484211634183445e-15 0 0 0
d 0 0 -4.3558800574559899e-15 0 0 -1.3630091618554808e-20 1910 1910 4.353060854613259e-15 0 0 0
d 0 0 -4.360473272617905e-15 0 0 -1.3678304128599899e-20 1912 1912 4.3577147442736692e-15 0 0 0
d 0 0 -4.3650823047818325e-15 0 0 -1.3726634743985459e-20 1914 1914 4.3623831135242628e-15 0 0 0
d 0 0 -4.3697073760865063e-15 0 0 -1.3775116979958024e-20 1916 1916 4.3670662133651308e-15 0 0 0
d 0 0 -4.374348671464387e-15 0 0 -1.3823774626377324e-20 1918 1918 4.371764264395297e-15 0 0 0
d 0 0 -4.3790063518857341e-15 0 0 -1.3872625781944784e-20 1920 1920 4.3764774628504512e-15 0 0 0
d 0 0 -4.3836804323539272e-15 0 0 -1.3751739715988601e-20 1922 1922 4.3804214960005517e-15 0 0 0
d 0 0 -4.3883711151805629e-15 0 0 -1.3720175561210115e-20 1924 1924 4.3841430837467451e-15 0 0 0
d 0 0 -4.3930793227412515e-15 0 0 -1.4290438506051423e-20 1926 1926 4.3916614719468888e-15 0 0 0
d 0 0 -4.397803963037747e-15 0 0 -1.4341343393894177e-20 1928 1928 4.3964168057272835e-15 0 0 0
d 0 0 -4.4025457202427164e-15 0 0 -1.439253896735072e-20 1930 1930 4.4011885981285201e-15 0 0 0
d 0 0 -4.4073048033449134e-15 0 0 -1.4444060324640559e-20 1932 1932 4.4059771179011791e-15 0 0 0
d 0 0 -4.4120815174401198e-15 0 0 -1.4495969777389402e-20 1934 1934 4.4107827463475856e-15 0 0 0
d 0 0 -4.4168764135807745e-15 0 0 -1.4548453002811004e-20 1936 1936 4.4156062892668854e-15 0 0 0
d 0 0 -4.4216909742989165e-15 0 0 -1.4602641685046649e-20 1938 1938 4.4204513109057283e-15 0 0 0
d 0 0 -4.4265094194444001e-15 0 0 -1.4636329723831247e-20 1940 1940 4.4252731144726722e-15 0 0 0
d 0 0 -4.4313174165764983e-15 0 0 -1.4699170831132559e-20 1942 1942 4.4301382279091109e-15 0 0 0
d 0 0 -4.436147156902517e-15 0 0 -1.4753229719112017e-20 1944 1944 4.4349952459936671e-15 0 0 0
d 0 0 -4.4409971613474611e-15 0 0 -1.4805870215672908e-20 1946 1946 4.439867891265391e-15 0 0 0
d 0 0 -4.4458668909806909e-15 0 0 -1.4858970424919669e-20 1948 1948 4.4447605808819023e-15 0 0 0
d 0 0 -4.4507560845010365e-15 0 0 -1.4904451179725699e-20 1950 1950 4.4496626327089753e-15 0 0 0
d 0 0 -4.4556645317004136e-15 0 0 -1.4912387357781668e-20 1952 1952 4.4544601105807667e-15 0 0 0
d 0 0 -4.4605922312984451e-15 0 0 -1.4965762223007146e-20 1954 1954 4.4594121516553899e-15 0 0 0
d 0 0 -4.4655390694604733e-15 0 0 -1.5019404131624083e-20 1956 1956 4.4643829227686727e-15 0 0 0
d 0 0 -4.4705049979645845e-15 0 0 -1.5073309036336046e-20 1958 1958 4.4693723606866315e-15 0 0 0
d 0 0 -4.4754899810065491e-15 0 0 -1.5127474748592457e-20 1960 1960 4.4743804238158952e-15 0 0 0
d 0 0 -4.4804939911224635e-15 0 0 -1.5181899480274481e-20 1962 1962 4.479407082391497e-15 0 0 0
d 0 0 -4.4855170066203362e-15 0 0 -1.5236581616603548e-20 1964 1964 4.4844523142275917e-15 0 0 0
d 0 0 -4.4905590098994142e-15 0 0 -1.5291519610101684e-20 1966 1966 4.4895161021468238e-15 0 0 0
d 0 0 -4.4956199863198608e-15 0 0 -1.5346711929221219e-20 1968 1968 4.4945984323968162e-15 0 0 0
d 0 0 -4.5006999234282877e-15 0 0 -1.5402157033377569e-20 1970 1970 4.4996992936954278e-15 0 0 0
d 0 0 -4.5057988104214673e-15 0 0 -1.5457853361423891e-20 1972 1972 4.5048186767014025e-15 0 0 0
d 0 0 -4.5109166377752097e-15 0 0 -1.5513799326273555e-20 1974 1974 4.5099565737809238e-15 0 0 0
d 0 0 -4.5160533969872541e-15 0 0 -1.5569993317672074e-20 1976 1976 4.5151129789791781e-15 0 0 0
d 0 0 -4.5212090804025921e-15 0 0 -1.5626433700096778e-20 1978 1978 4.5202878881040615e-15 0 0 0
d 0 0 -4.5263836811013793e-15 0 0 -1.5683118818313154e-20 1980 1980 4.5254812988716016e-15 0 0 0
d 0 0 -4.5315771928344891e-15 0 0 -1.5740046996947854e-20 1982 1982 4.5306932110331148e-15 0 0 0
d 0 0 -4.5367896099911957e-15 0 0 -1.5797216549551464e-20 1984 1984 4.5359236264497906e-15 0 0 0
d 0 0 -4.542020927603765e-15 0 0 -1.5854625770118262e-20 1986 1986 4.5411725490591082e-15 0 0 0
d 0 0 -4.5472711784142302e-15 0 0 -1.5953666430547297e-20 1988 1988 4.546512363506199e-15 0 0 0
d 0 0 -4.5525402854048059e-15 0 0 -1.6014286952759769e-20 1990 1990 4.5517980847003266e-15 0 0 0
d 0 0 -4.5578282340826365e-15 0 0 -1.6000733091712841e-20 1992 1992 4.5570105578812752e-15 0 0 0
d 0 0 -4.5631351168029845e-15 0 0 -1.6058552446228076e-20 1994 1994 4.562333657188048e-15 0 0 0
d 0 0 -4.5684608853889178e-15 0 0 -1.6116596235018101e-20 1996 1996 4.5676753109160436e-15 0 0 0
d 0 0 -4.5738055393414898e-15 0 0 -1.6174862538818754e-20 1998 1998 4.5730355301259746e-15 0 0 0
d 0 0 -4.579169079092653e-15 0 0 -1.6233349603466916e-20 2000 2000 4.5784143262565026e-15 0 0 0
d 0 0 -4.5845515060575797e-15 0 0 -1.6292055634615666e-20 2002 2002 4.5838117108299924e-15 0 0 0
d 0 0 -4.5899528227068861e-15 0 0 -1.6350978903128862e-20 2004 2004 4.5892276955345821e-15 0 0 0
d 0 0 -4.5953730327079731e-15 0 0 -1.6410117631509693e-20 2006 2006 4.594662292252418e-15 0 0 0
d 0 0 -4.6008121410345275e-15 0 0 -1.6469470143720579e-20 2008 2008 4.6001155133437718e-15 0 0 0
d 0 0 -4.6062701540909969e-15 0 0 -1.6529034772350218e-20 2010 2010 4.6055873717799925e-15 0 0 0
d 0 0 -4.6117470799144912e-15 0 0 -1.6588809909015679e-20 2012 2012 4.6110778814829295e-15 0 0 0
d 0 0 -4.6172429282557626e-15 0 0 -1.6648794105101135e-20 2014 2014 4.6165870576047509e-15 0 0 0
d 0 0 -4.6227577108947061e-15 0 0 -1.6708985954569327e-20 2016 2016 4.6221149168454639e-15 0 0 0
d 0 0 -4.6282914420216334e-15 0 0 -1.6769384231474409e-20 2018 2018 4.6276614780422134e-15 0 0 0
d 0 0 -4.6338441389754484e-15 0 0 -1.6829987911300462e-20 2020 2020 4.6332267629654579e-15 0 0 0
d 0 0 -4.6394158231767254e-15 0 0 -1.6890796510129703e-20 2022 2022 4.6388107975081746e-15 0 0 0
d 0 0 -4.645006521885073e-15 0 0 -1.6951810317618241e-20 2024 2024 4.644413613559324e-15 0 0 0
d 0 0 -4.6506155646265831e-15 0 0 -1.7674706152721235e-20 2026 2026 4.6492241108380482e-15 0 0 0
d 0 0 -4.6562440243645088e-15 0 0 -1.75968742885255e-20 2028 2028 4.6541400927442809e-15 0 0 0
d 0 0 -4.6618920580937509e-15 0 0 -1.7665842672490487e-20 2030 2030 4.6598241877822234e-15 0 0 0
d 0 0 -4.6675594631575536e-15 0 0 -1.7735198610117297e-20 2032 2032 4.6655271601912085e-15 0 0 0
d 0 0 -4.6732465683421321e-15 0 0 -1.7803169672922727e-20 2034 2034 4.6712471209663144e-15 0 0 0
d 0 0 -4.6789433289064396e-15 0 0 -1.7866672964961079e-20 2036 2036 4.6769666778687753e-15 0 0 0
d 0 0 -4.6846592262002882e-15 0 0 -1.7940030899143018e-20 2038 2038 4.6827338590690916e-15 0 0 0
d 0 0 -4.6903953524837719e-15 0 0 -1.8010417010052081e-20 2040 2040 4.6885018187790279e-15 0 0 0
d 0 0 -4.6961514683102143e-15 0 0 -1.8080955000292545e-20 2042 2042 4.6942897071898203e-15 0 0 0
d 0 0 -4.7019274708710751e-15 0 0 -1.8151640236974137e-20 2044 2044 4.7000970843766403e-15 0 0 0
d 0 0 -4.7077233084932127e-15 0 0 -1.822248109602729e-20 2046 2046 4.7059238280416038e-15 0 0 0
d 0 0 -4.7135389543265493e-15 0 0 -1.829348358742202e-20 2048 2048 4.7117698899929331e-15 0 0 0
d 0 0 -4.7193743958211324e-15 0 0 -1.8364651801025495e-20 2050 2050 4.7176352525502713e-15 0 0 0
d 0 0 -4.725229629709852e-15 0 0 -1.8435988464807758e-20 2052 2052 4.7235199137311881e-15 0 0 0
d 0 0 -4.7311046594339038e-15 0 0 -1.8507495396485101e-20 2054 2054 4.7294238813891584e-15 0 0 0
d 0 0 -4.7369994935974972e-15 0 0 -1.8579173901524528e-20 2056 2056 4.7353471704204799e-15 0 0 0
d 0 0 -4.7429141446864432e-15 0 0 -1.8651024868023613e-20 2058 2058 4.7412898006216668e-15 0 0 0
d 0 0 -4.7488486285572374e-15 0 0 -1.8723048840563875e-20 2060 2060 4.7472517955973054e-15 0 0 0
d 0 0 -4.754802963945256e-15 0 0 -1.8795246109210089e-20 2062 2062 4.7532331822299531e-15 0 0 0
d 0 0 -4.7607771725462818e-15 0 0 -1.8867616678177062e-20 2064 2064 4.7592339902699584e-15 0 0 0
d 0 0 -4.7667712786345217e-15 0 0 -1.8940160473889943e-20 2066 2066 4.7652542523691953e-15 0 0 0
d 0 0 -4.7727853089149668e-15 0 0 -1.9012877220189232e-20 2068 2068 4.7712940034261881e-15 0 0 0
d 0 0 -4.7788192925451887e-15 0 0 -1.9085766433209817e-20 2070 2070 4.7773532806108004e-15 0 0 0
d 0 0 -4.7848732611627157e-15 0 0 -1.9158827540649163e-20 2072 2072 4.7834321234326155e-15 0 0 0
d 0 0 -4.7909472484223168e-15 0 0 -1.9232059878327058e-20 2074 2074 4.7895305733541485e-15 0 0 0
d 0 0 -4.797041290169393e-15 0 0 -1.9305462543899064e-20 2076 2076 4.7956486735078719e-15 0 0 0
d 0 0 -4.8031554242971184e-15 0 0 -1.9379034544920998e-20 2078 2078 4.8017864690200881e-15 0 0 0
d 0 0 -4.8092896912674602e-15 0 0 -1.945277455553002e-20 2080 2080 4.8079440068820729e-15 0 0 0
d 0 0 -4.8154441339340809e-15 0 0 -1.9526681299383946e-20 2082 2082 4.8141213365772043e-15 0 0 0
d 0 0 -4.8216187975421357e-15 0 0 -1.9600753294192662e-20 2084 2084 4.8203185094833975e-15 0 0 0
d 0 0 -4.8278137297939779e-15 0 0 -1.9674988909928606e-20 2086 2086 4.8265355791057178e-15 0 0 0
d 0 0 -4.8340289812155703e-15 0 0 -1.974938624435832e-20 2088 2088 4.8327726011777198e-15 0 0 0
d 0 0 -4.8402646047093594e-15 0 0 -1.9823943633570251e-20 2090 2090 4.8390296340219317e-15 0 0 0
d 0 0 -4.8465206556510473e-15 0 0 -1.9898658972944327e-20 2092 2092 4.8453067375297914e-15 0 0 0
d 0 0 -4.8527971918554608e-15 0 0 -1.9973530259464963e-20 2094 2094 4.8516039740024139e-15 0 0 0
d 0 0 -4.8590942739014882e-15 0 0 -2.004855503055448e-20 2096 2096 4.8579214078336653e-15 0 0 0
d 0 0 -4.865411965449272e-15 0 0 -2.0123731057443613e-20 2098 2098 4.8642591067273656e-15 0 0 0
d 0 0 -4.8717503330700189e-15 0 0 -2.0199055974272372e-20 2100 2100 4.8706171409817484e-15 0 0 0
d 0 0 -4.8781094463400869e-15 0 0 -2.0274527391070061e-20 2102 2102 4.8769955838399692e-15 0 0 0
d 0 0 -4.8844893780031405e-15 0 0 -2.0350142918547858e-20 2104 2104 4.8833945117933883e-15 0 0 0
d 0 0 -4.8908902045321385e-15 0 0 -2.0425900081251625e-20 2106 2106 4.8898140049985538e-15 0 0 0
d 0 0 -4.8973120058205356e-15 0 0 -2.0501796996100497e-20 2108 2108 4.896254147868777e-15 0 0 0
d 0 0 -4.9037548662299943e-15 0 0 -2.0577831527163649e-20 2110 2110 4.902715029253154e-15 0 0 0
d 0 0 -4.9102188770294351e-15 0 0 -2.0654001994767257e-20 2112 2112 4.9091967463354224e-15 0 0 0
d 0 0 -4.9167041484373254e-15 0 0 -2.073030596650506e-20 2114 2114 4.9156994212412291e-15 0 0 0
d 0 0 -4.9232104641219171e-15 0 0 -2.0807031163281386e-20 2116 2116 4.9222228884706354e-15 0 0 0
d 0 0 -4.9297373466510638e-15 0 0 -2.0883633147451557e-20 2118 2118 4.9287667799248464e-15 0 0 0
d 0 0 -4.9362858982166138e-15 0 0 -2.0960238350346053e-20 2120 2120 4.935331715884288e-15 0 0 0
d 0 0 -4.942856135268458e-15 0 0 -2.1037033163221675e-20 2122 2122 4.9419181255228767e-15 0 0 0
d 0 0 -4.9494482595309941e-15 0 0 -2.1056847308223335e-20 2124 2124 4.9486126148877081e-15 0 0 0
d 0 0 -4.9560618459031274e-15 0 0 -2.1022989161689356e-20 2126 2126 4.9551057470949678e-15 0 0 0
d 0 0 -4.9626975187903272e-15 0 0 -2.1097763101859713e-20 2128 2128 4.9617571970043505e-15 0 0 0
d 0 0 -4.9693551173217179e-15 0 0 -2.1172741652800943e-20 2130 2130 4.9684303347986284e-15 0 0 0
d 0 0 -4.9760346646736968e-15 0 0 -2.1247993933376271e-20 2132 2132 4.9751251997944143e-15 0 0 0
d 0 0 -4.9827361357793008e-15 0 0 -2.132365212321042e-20 2134 2134 4.9818417969298316e-15 0 0 0
d 0 0 -4.9894594052034407e-15 0 0 -2.1399735272433175e-20 2136 2136 4.9885785274867426e-15 0 0 0
d 0 0 -4.9962075594203699e-15 0 0 -2.1461108157838764e-20 2138 2138 4.995337687217365e-15 0 0 0
d 0 0 -5.0029869042022465e-15 0 0 -2.1517972038126945e-20 2140 2140 5.0021293572053948e-15 0 0 0
d 0 0 -5.0097998737775838e-15 0 0 -2.1570846236128041e-20 2142 2142 5.0089553402773494e-15 0 0 0
d 0 0 -5.0166481189377234e-15 0 0 -2.1622266721602269e-20 2144 2144 5.0158174834250999e-15 0 0 0
d 0 0 -5.0235315538474895e-15 0 0 -2.1674928038026287e-20 2146 2146 5.0227168376631347e-15 0 0 0
d 0 0 -5.0304449035552759e-15 0 0 -2.1752650461448609e-20 2148 2148 5.0296487038780854e-15 0 0 0
d 0 0 -5.0373807212500579e-15 0 0 -2.1829887264731958e-20 2150 2150 5.0365988796382821e-15 0 0 0
d 0 0 -5.0443396438837392e-15 0 0 -2.1903982731470154e-20 2152 2152 5.0435702968094591e-15 0 0 0
d 0 0 -5.0513222277224645e-15 0 0 -2.1977600886559125e-20 2154 2154 5.0505652945013606e-15 0 0 0
d 0 0 -5.0583289186647603e-15 0 0 -2.2050830325449085e-20 2156 2156 5.057584264403762e-15 0 0 0
d 0 0 -5.0653601091042499e-15 0 0 -2.2123722535041603e-20 2158 2158 5.0646275757903472e-15 0 0 0
d 0 0 -5.072416163384784e-15 0 0 -2.2196306563409001e-20 2160 2160 5.071695582202528e-15 0 0 0
d 0 0 -5.0794974316290998e-15 0 0 -2.2268597540061774e-20 2162 2162 5.0787886286829179e-15 0 0 0
d 0 0 -5.0866042585065619e-15 0 0 -2.2340601079635148e-20 2164 2164 5.0859070575425866e-15 0 0 0
d 0 0 -5.0937369874358924e-15 0 0 -2.2412318215446845e-20 2166 2166 5.0930512118447402e-15 0 0 0
d 0 0 -5.1008959642341506e-15 0 0 -2.2483744281607367e-20 2168 2168 5.1002214375453556e-15 0 0 0
d 0 0 -5.1080815395502243e-15 0 0 -2.2554872198495355e-20 2170 2170 5.1074180861882202e-15 0 0 0
d 0 0 -5.115294070942107e-15 0 0 -2.2625691440168363e-20 2172 2172 5.1146415165765744e-15 0 0 0
d 0 0 -5.1225339252958482e-15 0 0 -2.269618994066399e-20 2174 2174 5.1218920972033963e-15 0 0 0
d 0 0 -5.1298014800272792e-15 0 0 -2.2766353958628357e-20 2176 2176 5.1291702074081332e-15 0 0 0
d 0 0 -5.1370971265297026e-15 0 0 -2.2836174636617511e-20 2178 2178 5.1364762369177154e-15 0 0 0
d 0 0 -5.1444211522840638e-15 0 0 -2.2905580640668115e-20 2180 2180 5.1438104435956858e-15 0 0 0
d 0 0 -5.151774067894276e-15 0 0 -2.2974741246110948e-20 2182 2182 5.1511734645259086e-15 0 0 0
d 0 0 -5.1591563096595378e-15 0 0 -2.304338655025017e-20 2184 2184 5.1585655936460415e-15 0 0 0
d 0 0 -5.166568311044762e-15 0 0 -2.3111614759218702e-20 2186 2186 5.1659873226517061e-15 0 0 0
d 0 0 -5.1740105203261267e-15 0 0 -2.3179403565553645e-20 2188 2188 5.1734391009740453e-15 0 0 0
d 0 0 -5.1814834006432081e-15 0 0 -2.3246731052658857e-20 2190 2190 5.1809213934875544e-15 0 0 0
d 0 0 -5.1889874295653625e-15 0 0 -2.3313575570782287e-20 2192 2192 5.1884346798844482e-15 0 0 0
d 0 0 -5.1965231006658425e-15 0 0 -2.3379912856736283e-20 2194 2194 5.1959794555940444e-15 0 0 0
d 0 0 -5.2040909234510302e-15 0 0 -2.3445719893822945e-20 2196 2196 5.2035562323742705e-15 0 0 0
d 0 0 -5.2116941660159851e-15 0 0 -2.5858628922469425e-20 2198 2198 5.2116733533799589e-15 0 0 0
d 0 0 -5.2193279067943792e-15 0 0 -2.5973735784950908e-20 2200 2200 5.2193078749044433e-15 0 0 0
d 0 0 -5.226995424905059e-15 0 0 -2.6089474929561222e-20 2202 2202 5.2269761634663521e-15 0 0 0
d 0 0 -5.234697294963102e-15 0 0 -2.6205860215296495e-20 2204 2204 5.2346787947537164e-15 0 0 0
d 0 0 -5.2424341085296756e-15 0 0 -2.6322899784235602e-20 2206 2206 5.2424163604969985e-15 0 0 0
d 0 0 -5.2502064731815372e-15 0 0 -2.6440602455944316e-20 2208 2208 5.2501894684540515e-15 0 0 0
d 0 0 -5.2580150112694124e-15 0 0 -2.655897732988188e-20 2210 2210 5.2579987411521961e-15 0 0 0
d 0 0 -5.265860359075376e-15 0 0 -2.667803430642002e-20 2212 2212 5.2658448150830603e-15 0 0 0
d 0 0 -5.2737431641852966e-15 0 0 -2.6797784338028281e-20 2214 2214 5.2737283381061754e-15 0 0 0
d 0 0 -5.2816640831508185e-15 0 0 -2.6918239897657204e-20 2216 2216 5.2816499671166086e-15 0 0 0
d 0 0 -5.2896237737307736e-15 0 0 -2.7039416810929566e-20 2218 2218 5.2896103604239783e-15 0 0 0
d 0 0 -5.2976228803933313e-15 0 0 -2.7161337537567173e-20 2220 2220 5.2976101634704102e-15 0 0 0
d 0 0 -5.3056620011012798e-15 0 0 -2.7284042221313308e-20 2222 2222 5.3056499764461632e-15 0 0 0
d 0 0 -5.3137420219295742e-15 0 0 -2.7406788008436727e-20 2224 2224 5.3137306184824899e-15 0 0 0
d 0 0 -5.3218687092057536e-15 0 0 -2.7535126908097148e-20 2226 2226 5.3218607253509342e-15 0 0 0
d 0 0 -5.3300455424635668e-15 0 0 -2.7602819404269767e-20 2228 2228 5.3300315441891607e-15 0 0 0
d 0 0 -5.3382739632162356e-15 0 0 -2.7726514560225586e-20 2230 2230 5.338260666660964e-15 0 0 0
d 0 0 -5.3465516369834225e-15 0 0 -2.785347414607504e-20 2232 2232 5.3465391823625986e-15 0 0 0
d 0 0 -5.3548741818987119e-15 0 0 -2.7980940405549171e-20 2234 2234 5.354862477478167e-15 0 0 0
d 0 0 -5.3632426049022975e-15 0 0 -2.8108091629829599e-20 2236 2236 5.363231540325065e-15 0 0 0
d 0 0 -5.3716580406502365e-15 0 0 -2.8236041637729295e-20 2238 2238 5.3716476129611867e-15 0 0 0
d 0 0 -5.380121565280321e-15 0 0 -2.8364791449215363e-20 2240 2240 5.3801117693741314e-15 0 0 0
d 0 0 -5.3886342367616441e-15 0 0 -2.8494350134709485e-20 2242 2242 5.3886250667688134e-15 0 0 0
d 0 0 -5.3971971112625624e-15 0 0 -2.862472902721956e-20 2244 2244 5.3971885610285428e-15 0 0 0
d 0 0 -5.4058112509974657e-15 0 0 -2.8755940261356688e-20 2246 2246 5.4058033142853242e-15 0 0 0
d 0 0 -5.4144777281508919e-15 0 0 -2.8887996370574372e-20 2248 2248 5.4144703987423835e-15 0 0 0
d 0 0 -5.4231976266892911e-15 0 0 -2.9020910209317013e-20 2250 2250 5.4231908984445898e-15 0 0 0
d 0 0 -5.4319720428082393e-15 0 0 -2.9154695024711044e-20 2252 2252 5.4319659097101399e-15 0 0 0
d 0 0 -5.440802084246686e-15 0 0 -2.9289364677386345e-20 2254 2254 5.4407965404452096e-15 0 0 0
d 0 0 -5.4496888675601927e-15 0 0 -2.9424933605276189e-20 2256 2256 5.4496839074331728e-15 0 0 0
d 0 0 -5.4586335149324004e-15 0 0 -2.9561418936346869e-20 2258 2258 5.4586291332186372e-15 0 0 0
d 0 0 -5.4676371449335688e-15 0 0 -2.9698844632421544e-20 2260 2260 5.4676333370079416e-15 0 0 0
d 0 0 -5.4767008452338033e-15 0 0 -2.9837135940897963e-20 2262 2262 5.4766975992737822e-15 0 0 0
d 0 0 -5.4858265844616861e-15 0 0 -2.9975346711424322e-20 2264 2264 5.4858238460725966e-15 0 0 0
d 0 0 -5.4950175889385209e-15 0 0 -3.0114364663132252e-20 2266 2266 5.495015355542584e-15 0 0 0
d 0 0 -5.5042753059010957e-15 0 0 -3.0255256143956229e-20 2268 2268 5.504273622178975e-15 0 0 0
d 0 0 -5.5135996000945201e-15 0 0 -3.0398411589591984e-20 2270 2270 5.5135985141230799e-15 0 0 0
d 0 0 -5.5229899754262581e-15 0 0 -3.054206304431975e-20 2272 2272 5.5229894479018985e-15 0 0 0
d 0 0 -5.5324477408818303e-15 0 0 -3.0686295053867739e-20 2274 2274 5.5324477457977812e-15 0 0 0
d 0 0 -5.5419741898773412e-15 0 0 -3.0831559756662106e-20 2276 2276 5.5419747238796064e-15 0 0 0
d 0 0 -5.551570588234177e-15 0 0 -3.0977863275343724e-20 2278 2278 5.5515716476241554e-15 0 0 0
d 0 0 -5.561238183714447e-15 0 0 -3.1125219161502973e-20 2280 2280 5.5612397648943814e-15 0 0 0
d 0 0 -5.570978202742568e-15 0 0 -3.1273610413291248e-20 2282 2282 5.5709803006187324e-15 0 0 0
d 0 0 -5.5807920924771748e-15 0 0 -3.1422774480380695e-20 2284 2284 5.5807946915979968e-15 0 0 0
d 0 0 -5.5906814761131838e-15 0 0 -3.1573099765429918e-20 2286 2286 5.5906845767919878e-15 0 0 0
d 0 0 -5.6006475408195118e-15 0 0 -3.1724802496707568e-20 2288 2288 5.600651150667044e-15 0 0 0
d 0 0 -5.6106910399720943e-15 0 0 -3.1877935589648738e-20 2290 2290 5.6106951664981237e-15 0 0 0
d 0 0 -5.6208130002369101e-15 0 0 -3.2031854000786489e-20 2292 2292 5.6208176276106012e-15 0 0 0
d 0 0 -5.6310145962799283e-15 0 0 -3.2186907623547379e-20 2294 2294 5.6310197219643763e-15 0 0 0
d 0 0 -5.6412969934018011e-15 0 0 -3.2343092602505695e-20 2296 2296 5.6413026144446213e-15 0 0 0
d 0 0 -5.6516613020103242e-15 0 0 -3.2500477911996443e-20 2298 2298 5.6516674172993697e-15 0 0 0
d 0 0 -5.6621085697943971e-15 0 0 -3.2659064066096332e-20 2300 2300 5.6621151783337418e-15 0 0 0
d 0 0 -5.6726398101992141e-15 0 0 -3.2818816937565422e-20 2302 2302 5.6726469097070787e-15 0 0 0
d 0 0 -5.6832560147931992e-15 0 0 -3.2979769111413775e-20 2304 2304 5.6832636038953187e-15 0 0 0
d 0 0 -5.6939581292504041e-15 0 0 -3.3141935897744122e-20 2306 2306 5.6939662068854561e-15 0 0 0
d 0 0 -5.7047470496955912e-15 0 0 -3.3305330972161907e-20 2308 2308 5.7047556150645415e-15 0 0 0
d 0 0 -5.7156236185600943e-15 0 0 -3.3469968458348603e-20 2310 2310 5.7156326711363325e-15 0 0 0
d 0 0 -5.7265901975554193e-15 0 0 -3.4748924771517279e-20 2312 2312 5.7266231211578871e-15 0 0 0
d 0 0 -5.7376443727601493e-15 0 0 -3.4945524126830699e-20 2314 2314 5.7376775257515307e-15 0 0 0
d 0 0 -5.7487883571379136e-15 0 0 -3.5144167069093565e-20 2316 2316 5.7488217416776948e-15 0 0 0
d 0 0 -5.7600227330253364e-15 0 0 -3.5344876123105762e-20 2318 2318 5.7600563513463629e-15 0 0 0
d 0 0 -5.7713480057825245e-15 0 0 -3.5547671197701879e-20 2320 2320 5.7713818601648214e-15 0 0 0
d 0 0 -5.7827645988283531e-15 0 0 -3.57525710331533e-20 2322 2322 5.7827986915983429e-15 0 0 0
d 0 0 -5.794272848596665e-15 0 0 -3.5959593111900217e-20 2324 2324 5.7943071821262339e-15 0 0 0
d 0 0 -5.8058729994265605e-15 0 0 -3.616875356756e-20 2326 2326 5.8059075761319635e-15 0 0 0
d 0 0 -5.8175651983954077e-15 0 0 -3.638006709229535e-20 2328 2328 5.817600020735973e-15 0 0 0
d 0 0 -5.8293494901026237e-15 0 0 -3.6593546842609941e-20 2330 2330 5.8293845605792693e-15 0 0 0
d 0 0 -5.8412258114117049e-15 0 0 -3.6809204343625338e-20 2332 2332 5.8412611325652206e-15 0 0 0
d 0 0 -5.8531939861572937e-15 0 0 -3.7027049391874532e-20 2334 2334 5.8532295605663808e-15 0 0 0
d 0 0 -5.8652537198232831e-15 0 0 -3.7247089954390104e-20 2336 2336 5.8652895501023093e-15 0 0 0
d 0 0 -5.8774045941971664e-15 0 0 -3.7469332080354331e-20 2338 2338 5.877440682993766e-15 0 0 0
d 0 0 -5.8896460620046057e-15 0 0 -3.7693779774653038e-20 2340 2340 5.8896824119966971e-15 0 0 0
d 0 0 -5.9019774415274637e-15 0 0 -3.7920434920078963e-20 2342 2342 5.902014055420245e-15 0 0 0
d 0 0 -5.9143979112068172e-15 0 0 -3.8149297161485519e-20 2344 2344 5.9144347917292936e-15 0 0 0
d 0 0 -5.9269065042314362e-15 0 0 -3.838036379647276e-20 2346 2346 5.9269436541325797e-15 0 0 0
d 0 0 -5.9395021031105945e-15 0 0 -3.8613629672412234e-20 2348 2348 5.9395395251552095e-15 0 0 0
d 0 0 -5.9521834342284623e-15 0 0 -3.8849087073173922e-20 2350 2350 5.9522211311926537e-15 0 0 0
d 0 0 -5.9649490623756816e-15 0 0 -3.9086725605536703e-20 2352 2352 5.9649870370419464e-15 0 0 0
d 0 0 -5.9777973852519289e-15 0 0 -3.9326532084642076e-20 2354 2354 5.9778356404038866e-15 0 0 0
d 0 0 -5.990726627931449e-15 0 0 -3.9568490414847984e-20 2356 2356 5.990765166348173e-15 0 0 0
d 0 0 -6.0037348372816304e-15 0 0 -3.981258146782496e-20 2358 2358 6.0037736617316004e-15 0 0 0
d 0 0 -6.0168198763228013e-15 0 0 -4.0058782957433539e-20 2360 2360 6.0168589895574639e-15 0 0 0
d 0 0 -6.0299794185154785e-15 0 0 -4.0307069310345175e-20 2362 2362 6.0300188232624095e-15 0 0 0
d 0 0 -6.0432109419593479e-15 0 0 -4.0557411532470419e-20 2364 2364 6.0432506409150246e-15 0 0 0
d 0 0 -6.0565117246003196e-15 0 0 -4.0809787076754102e-20 2366 2366 6.0565517204569752e-15 0 0 0
d 0 0 -6.0698789662971336e-15 0 0 -4.1064253767187875e-20 2368 2368 6.0699192620454011e-15 0 0 0
d 0 0 -6.0833096189507415e-15 0 0 -4.132066603236369e-20 2370 2370 6.0833502171185038e-15 0 0 0
d 0 0 -6.0968003284194082e-15 0 0 -4.1578981678188231e-20 2372 2372 6.0968412314822133e-15 0 0 0
d 0 0 -6.1103475144883117e-15 0 0 -4.1839152271382242e-20 2374 2374 6.1103887248475689e-15 0 0 0
d 0 0 -6.123947364123384e-15 0 0 -4.2101125022239977e-20 2376 2376 6.1239888840966357e-15 0 0 0
d 0 0 -6.1375958244677825e-15 0 0 -4.2364842608783113e-20 2378 2378 6.1376376562785429e-15 0 0 0
d 0 0 -6.1512885955418939e-15 0 0 -4.2630242993321811e-20 2380 2380 6.1513307413090448e-15 0 0 0
d 0 0 -6.1650211225702019e-15 0 0 -4.2897259230168931e-20 2382 2382 6.1650635842969318e-15 0 0 0
d 0 0 -6.1787885877173874e-15 0 0 -4.3165819260492701e-20 2384 2384 6.1788313672796234e-15 0 0 0
d 0 0 -6.1925859045058795e-15 0 0 -4.3435845521015747e-20 2386 2386 6.1926290036412731e-15 0 0 0
d 0 0 -6.2064082710680918e-15 0 0 -4.3707270676166026e-20 2388 2388 6.2064516914584983e-15 0 0 0
d 0 0 -6.2202499727354234e-15 0 0 -4.3979998861557195e-20 2390 2390 6.2202937157124732e-15 0 0 0
d 0 0 -6.2341045227948522e-15 0 0 -4.4253927689151011e-20 2392 2392 6.2341485896132467e-15 0 0 0
d 0 0 -6.2479656672352567e-15 0 0 -4.4528955873331653e-20 2394 2394 6.2480100589448357e-15 0 0 0
d 0 0 -6.261826832087408e-15 0 0 -4.4804976342271376e-20 2396 2396 6.2618715495310512e-15 0 0 0
d 0 0 -6.2756811511011931e-15 0 0 -4.5017059749697549e-20 2398 2398 6.2757262133460243e-15 0 0 0
d 0 0 -6.2895212659747057e-15 0 0 -4.5264141305873577e-20 2400 2400 6.2895665803681464e-15 0 0 0
d 0 0 -6.3033397038885412e-15 0 0 -4.5541266588274215e-20 2402 2402 6.3033853441197631e-15 0 0 0
d 0 0 -6.3171284674456467e-15 0 0 -4.5818976450808632e-20 2404 2404 6.3171744335920237e-15 0 0 0
d 0 0 -6.3308792248112029e-15 0 0 -4.6097139207845432e-20 2406 2406 6.3309255166684106e-15 0 0 0
d 0 0 -6.3445832556928089e-15 0 0 -4.6375616229983127e-20 2408 2408 6.3446298727556836e-15 0 0 0
d 0 0 -6.3582314379890576e-15 0 0 -4.6654261579596287e-20 2410 2410 6.3582783794308983e-15 0 0 0
d 0 0 -6.3718142340771327e-15 0 0 -4.6932921745715418e-20 2412 2412 6.3718614987275176e-15 0 0 0
d 0 0 -6.3853216767972893e-15 0 0 -4.7211435339374852e-20 2414 2414 6.3853692631181826e-15 0 0 0
d 0 0 -6.3987433552056818e-15 0 0 -4.7489632729733576e-20 2416 2416 6.3987912612655149e-15 0 0 0
d 0 0 -6.4120684001842396e-15 0 0 -4.7767335593862249e-20 2418 2418 6.4121166236296149e-15 0 0 0
d 0 0 -6.4252854700156454e-15 0 0 -4.8044356342238156e-20 2420 2420 6.4253340080402083e-15 0 0 0
d 0 0 -6.438382763556214e-15 0 0 -4.8320526067242618e-20 2422 2422 6.4384316128832342e-15 0 0 0
d 0 0 -6.4513479375825127e-15 0 0 -4.8595574040971313e-20 2424 2424 6.4513970943681039e-15 0 0 0
d 0 0 -6.4641681340251878e-15 0 0 -4.8869315794608213e-20 2426 2426 6.4642175938840107e-15 0 0 0
d 0 0 -6.4768299809138614e-15 0 0 -4.9141512940247833e-20 2428 2428 6.4768797388381093e-15 0 0 0
d 0 0 -6.4893195665886858e-15 0 0 -4.9411913639839134e-20 2430 2430 6.489369616895602e-15 0 0 0
d 0 0 -6.5016224288545137e-15 0 0 -4.9680246011515292e-20 2432 2432 6.5016727651214255e-15 0 0 0
d 0 0 -6.5137235457202141e-15 0 0 -4.9946213520300845e-20 2434 2434 6.5137741607090433e-15 0 0 0
d 0 0 -6.5256073281370565e-15 0 0 -5.0209488696034187e-20 2436 2436 6.5256582137059423e-15 0 0 0
d 0 0 -6.5372576152253015e-15 0 0 -5.0469704579229738e-20 2438 2438 6.5373087622243968e-15 0 0 0
d 0 0 -6.5486576725601958e-15 0 0 -5.0726443086028456e-20 2440 2440 6.5487090707079538e-15 0 0 0
d 0 0 -6.5597901941840851e-15 0 0 -5.0979219200825816e-20 2442 2442 6.5598418319194352e-15 0 0 0
d 0 0 -6.570637309122996e-15 0 0 -5.1227459524413247e-20 2444 2444 6.5706891734276334e-15 0 0 0
d 0 0 -6.5811805933168304e-15 0 0 -5.1470473192851374e-20 2446 2446 6.5812326695003593e-15 0 0 0
d 0 0 -6.5914010880260708e-15 0 0 -5.1707412493131428e-20 2448 2448 6.5914533594648766e-15 0 0 0
d 0 0 -6.6012793259595483e-15 0 0 -5.19372195771029e-20 2450 2450 6.6013317737779219e-15 0 0 0
d 0 0 -6.6107953665827012e-15 0 0 -5.2158554438935357e-20 2452 2452 6.6108479692617659e-15 0 0 0
d 0 0 -6.6199281002049956e-15 0 0 -5.1928315208020717e-20 2454 2454 6.619980972221085e-15 0 0 0
d 0 0 -6.6286584808870916e-15 0 0 -5.2323805960760866e-20 2456 2456 6.6287115432488204e-15 0 0 0
d 0 0 -6.6369645547132164e-15 0 0 -5.2660133136712994e-20 2458 2458 6.6370176664891394e-15 0 0 0
d 0 0 -6.6448248348513349e-15 0 0 -5.2724993888610963e-20 2460 2460 6.644877964984702e-15 0 0 0
d 0 0 -6.6522203553120858e-15 0 0 -5.2278933701319894e-20 2462 2462 6.652271409506368e-15 0 0 0
d 0 0 -6.6591243692082535e-15 0 0 -5.2977176796115587e-20 2464 2464 6.6591764108863169e-15 0 0 0
d 0 0 -6.6655199180617265e-15 0 0 -5.323380523243659e-20 2466 2466 6.6655726437397342e-15 0 0 0
d 0 0 -6.6713862099965113e-15 0 0 -5.3250785100955835e-20 2468 2468 6.6714387329208928e-15 0 0 0
d 0 0 -6.6767027705344699e-15 0 0 -5.3199890089648834e-20 2470 2470 6.6767550021368729e-15 0 0 0
d 0 0 -6.6814506425483114e-15 0 0 -5.3059966866709121e-20 2472 2472 6.6815024765027648e-15 0 0 0
d 0 0 -6.6856112779510584e-15 0 0 -5.353542012507871e-20 2474 2474 6.6856642980490143e-15 0 0 0
d 0 0 -6.6891705083338797e-15 0 0 -5.3528223401211751e-20 2476 2476 6.6892234142889204e-15 0 0 0
d 0 0 -6.692114069273911e-15 0 0 -5.3482903769194813e-20 2478 2478 6.6921668159848217e-15 0 0 0
d 0 0 -6.6944313587325498e-15 0 0 -5.3391033074206255e-20 2480 2480 6.6944838948351998e-15 0 0 0
d 0 0 -6.6961155537853771e-15 0 0 -5.3241790150042353e-20 2482 2482 6.6961678206491533e-15 0 0 0
d 0 0 -6.6971640472277442e-15 0 0 -5.3613754970636363e-20 2484 2484 6.6972172454028658e-15 0 0 0
d 0 0 -6.6975827842913652e-15 0 0 -5.3547722921237131e-20 2486 2486 6.6976358576885851e-15 0 0 0
d 0 0 -6.6973768167081503e-15 0 0 -5.3442024499223343e-20 2488 2488 6.6974296643064435e-15 0 0 0
d 0 0 -6.6964622483367289e-15 0 0 -5.3327214733950763e-20 2490 2490 6.6965149343486331e-15 0 0 0
d 0 0 -6.694833918713517e-15 0 0 -5.316358895989689e-20 2492 2492 6.6948863767593887e-15 0 0 0
d 0 0 -6.6925314019144073e-15 0 0 -5.2959000936552619e-20 2494 2494 6.692583596182062e-15 0 0 0
d 0 0 -6.689604092870857e-15 0 0 -5.2709588770330122e-20 2496 2496 6.6896559878089766e-15 0 0 0
d 0 0 -6.6861095867316201e-15 0 0 -5.3011140554314764e-20 2498 2498 6.6861622269233732e-15 0 0 0
d 0 0 -6.6821472023074249e-15 0 0 -5.2839837175107138e-20 2500 2500 6.6821996409655962e-15 0 0 0
d 0 0 -6.677816434579362e-15 0 0 -5.2652835436149557e-20 2502 2502 6.6778686593558746e-15 0 0 0
d 0 0 -6.6732345363796985e-15 0 0 -5.2462376844634224e-20 2504 2504 6.6732865884182414e-15 0 0 0
d 0 0 -6.6685388183136594e-15 0 0 -5.2122504019524478e-20 2506 2506 6.668590447833405e-15 0 0 0
d 0 0 -6.6639095535562788e-15 0 0 -5.1814724763116823e-20 2508 2508 6.6639608573375118e-15 0 0 0
d 0 0 -6.6595393657899979e-15 0 0 -5.1576803703029529e-20 2510 2510 6.6595904480962141e-15 0 0 0
d 0 0 -6.6556269294879246e-15 0 0 -5.1350605441992328e-20 2512 2512 6.6556778110390865e-15 0 0 0
d 0 0 -6.6524236734262338e-15 0 0 -5.1151443320587262e-20 2514 2514 6.6524743881490221e-15 0 0 0
d 0 0 -6.6501591127297137e-15 0 0 -5.1591867633132783e-20 2516 2516 6.6502104507262099e-15 0 0 0
d 0 0 -6.649100357174775e-15 0 0 -5.1484681906442881e-20 2518 2518 6.6491515976635621e-15 0 0 0
d 0 0 -6.649584031074933e-15 0 0 -5.083448958696396e-20 2520 2520 6.6496345801396709e-15 0 0 0
d 0 0 -6.6519398052242887e-15 0 0 -5.0902389454209172e-20 2522 2522 6.651990441103854e-15 0 0 0
d 0 0 -6.6564455571671842e-15 0 0 -5.0983933903438985e-20 2524 2524 6.6564962913691453e-15 0 0 0
d 0 0 -6.663483475502413e-15 0 0 -5.1143853748876947e-20 2526 2526 6.6635343859363752e-15 0 0 0
d 0 0 -6.6734276731232246e-15 0 0 -5.1332696664322174e-20 2528 2528 6.6734787907644464e-15 0 0 0
d 0 0 -6.6866520996866561e-15 0 0 -5.1589826175885793e-20 2530 2530 6.6867034928551161e-15 0 0 0
d 0 0 -6.7035647102270069e-15 0 0 -5.1920426831364563e-20 2532 2532 6.7036164531924251e-15 0 0 0
d 0 0 -6.7246776053214386e-15 0 0 -5.2331893407166877e-20 2534 2534 6.7247297836455069e-15 0 0 0
d 0 0 -6.7503005999653808e-15 0 0 -5.2824646067710845e-20 2536 2536 6.7503532948677719e-15 0 0 0
d 0 0 -6.7806129204160151e-15 0 0 -5.3003142759213632e-20 2538 2538 6.7806658297161739e-15 0 0 0
d 0 0 -6.8159008444151583e-15 0 0 -5.3857689293809697e-20 2540 2540 6.8159545825689112e-15 0 0 0
d 0 0 -6.8564169925569649e-15 0 0 -5.4786991465398311e-20 2542 2542 6.8564716537448644e-15 0 0 0
d 0 0 -6.9023745213371391e-15 0 0 -5.5812754942752937e-20 2544 2544 6.9024302152088915e-15 0 0 0
d 0 0 -6.9539414717765148e-15 0 0 -5.6284428863943645e-20 2546 2546 6.9539977399561711e-15 0 0 0
d 0 0 -7.0112360744061816e-15 0 0 -5.7928222189890211e-20 2548 2548 7.0112938793926975e-15 0 0 0
d 0 0 -7.0742888820859401e-15 0 0 -5.9531996418764917e-20 2550 2550 7.0743482832924346e-15 0 0 0
d 0 0 -7.1431973300457227e-15 0 0 -6.0243531408723994e-20 2552 2552 7.1432576312199407e-15 0 0 0
d 0 0 -7.2179532337036016e-15 0 0 -6.2470680599064147e-20 2554 2554 7.2180156431623608e-15 0 0 0
d 0 0 -7.2983816171554455e-15 0 0 -6.4773948945450632e-20 2556 2556 7.2984462797324894e-15 0 0 0
d 0 0 -7.3843208463743802e-15 0 0 -6.7027830193346495e-20 2558 2558 7.3843877708334928e-15 0 0 0
d 0 0 -7.4756100024063082e-15 0 0 -6.8235895184380196e-20 2560 2560 7.4756788471972768e-15 0 0 0
d 0 0 -7.5720393601816163e-15 0 0 -7.1287631005483942e-20 2562 2562 7.5721110280404929e-15 0 0 0
d 0 0 -7.6734019944059207e-15 0 0 -7.4284403572300459e-20 2564 2564 7.6734765643820727e-15 0 0 0
d 0 0 -7.7795327094694405e-15 0 0 -7.7365534929692133e-20 2566 2566 7.7796103309079159e-15 0 0 0
d 0 0 -7.8903734573475016e-15 0 0 -8.0522407696317841e-20 2568 2568 7.89045427432922e-15 0 0 0
d 0 0 -8.0060279165851482e-15 0 0 -8.3953110523915548e-20 2570 2570 8.0061122059539039e-15 0 0 0
d 0 0 -8.1270928476248538e-15 0 0 -8.8025168058471197e-20 2572 2572 8.1271810981315374e-15 0 0 0
d 0 0 -8.2551027022748925e-15 0 0 -9.2140034579133763e-20 2574 2574 8.2551951621965877e-15 0 0 0
d 0 0 -8.3929531411378856e-15 0 0 -9.6886854614723303e-20 2576 2576 8.3930502638091704e-15 0 0 0
d 0 0 -8.5441373788588895e-15 0 0 -1.0234698070089566e-19 2578 2578 8.5442399021656498e-15 0 0 0
d 0 0 -8.711124154057859e-15 0 0 -1.0856318740789065e-19 2580 2580 8.7112328950215276e-15 0 0 0
d 0 0 -8.8957446304814698e-15 0 0 -1.1582526193733012e-19 2582 2582 8.8958605440787241e-15 0 0 0
d 0 0 -9.0973653558991048e-15 0 0 -1.2301592586268299e-19 2584 2584 9.0974892650155157e-15 0 0 0
d 0 0 -9.3145015984469434e-15 0 0 -1.3278937817803824e-19 2586 2586 9.3146347994296334e-15 0 0 0
d 0 0 -9.5472144785498204e-15 0 0 -1.4350979915086552e-19 2588 2588 9.5473581307895426e-15 0 0 0
d 0 0 -9.7951225680366507e-15 0 0 -1.5075565502299834e-19 2590 2590 9.7952761300753536e-15 0 0 0
d 0 0 -1.0058398342657158e-14 0 0 -1.6843902947398338e-19 2592 2592 1.0058566696841236e-14 0 0 0
d 0 0 -1.0337761324870914e-14 0 0 -1.8293694583136018e-19 2594 2594 1.0337944212434648e-14 0 0 0
d 0 0 -1.0634196877382144e-14 0 0 -1.9904795393275069e-19 2596 2596 1.0634395968352073e-14 0 0 0
d 0 0 -1.0948505602529253e-14 0 0 -2.1707018639990963e-19 2598 2598 1.0948722756896958e-14 0 0 0
d 0 0 -1.1281331829686977e-14 0 0 -2.3707788623391257e-19 2600 2600 1.1281569000553938e-14 0 0 0
d 0 0 -1.1633362765982034e-14 0 0 -2.5933040933797138e-19 2602 2602 1.1633622194363222e-14 0 0 0
d 0 0 -1.200637289697512e-14 0 0 -2.8411437841122301e-19 2604 2604 1.2006657104099836e-14 0 0 0
d 0 0 -1.2404870369932028e-14 0 0 -3.1188438984019716e-19 2606 2606 1.2405182357539777e-14 0 0 0
d 0 0 -1.2835958744556875e-14 0 0 -3.4328972023350344e-19 2608 2608 1.283630215636746e-14 0 0 0
d 0 0 -1.330755127713967e-14 0 0 -3.7841753307614603e-19 2610 2610 1.3307930923248337e-14 0 0 0
d 0 0 -1.3825660793552671e-14 0 0 -4.202397430706131e-19 2612 2612 1.3826081766350237e-14 0 0 0
d 0 0 -1.4393975406002786e-14 0 0 -4.6816239111124717e-19 2614 2614 1.4394444194125729e-14 0 0 0
d 0 0 -1.501517382962203e-14 0 0 -5.2343629184953177e-19 2616 2616 1.5015697325362096e-14 0 0 0
d 0 0 -1.5692431320285815e-14 0 0 -5.8730200795619401e-19 2618 2618 1.5693018684720278e-14 0 0 0
d 0 0 -1.643062793076016e-14 0 0 -6.614447508206039e-19 2620 2620 1.6431289388135125e-14 0 0 0
d 0 0 -1.7237578560001806e-14 0 0 -7.4780777514152788e-19 2622 2622 1.7238327021060986e-14 0 0 0
d 0 0 -1.8134822503257406e-14 0 0 -8.5003536680575912e-19 2624 2624 1.813567261161277e-14 0 0 0
d 0 0 -1.9172105513745149e-14 0 0 -9.7548578292293419e-19 2626 2626 1.9173081278464018e-14 0 0 0
d 0 0 -2.0440020145132842e-14 0 0 -1.1382316484014865e-18 2628 2628 2.0441158410880574e-14 0 0 0
d 0 0 -2.2088152596311989e-14 0 0 -1.361114165969283e-18 2630 2630 2.2089515222624325e-14 0 0 0
d 0 0 -2.4469639760207919e-14 0 0 -1.7160770732116356e-18 2632 2632 2.4471356932931933e-14 0 0 0
d 0 0 -2.5328035931247681e-14 0 0 -1.8528379547727367e-18 2632.5 2632.5 2.5329888820538662e-14 0 0 0
d 0 0 -2.585674590560738e-14 0 0 -1.9405608658592926e-18 2632.75 2632.75 2.5858688157969724e-14 0 0 0
d 0 0 -2.6525103279149346e-14 0 0 -2.0526789817405834e-18 2633 2633 2.6527157907520141e-14 0 0 0
d 0 0 -2.6626522154403216e-14 0 0 -2.0697803978509617e-18 2633.03125 2633.03125 2.6628588504168935e-14 0 0 0
d 0 0 -2.6652827098340007e-14 0 0 -2.0729473010586361e-18 2633.0390625 2633.0390625 2.665490351405591e-14 0 0 0
d 0 0 -2.6666138178163951e-14 0 0 -2.0760405344766272e-18 2633.04296875 2633.04296875 2.6668217497371999e-14 0 0 0
d 0 0 -2.6679557737434432e-14 0 0 -2.0787238979160307e-18 2633.046875 2633.046875 2.668163949171367e-14 0 0 0
d 0 0 -2.668631436316589e-14 0 0 -2.0780598047687327e-18 2633.048828125 2633.048828125 2.6688391827217289e-14 0 0 0
d 0 0 -2.6693095531890569e-14 0 0 -2.0788591729033607e-18 2633.05078125 2633.05078125 2.6695171666295676e-14 0 0 0
d 0 0 -2.6696494253121e-14 0 0 -2.0809764941944216e-18 2633.0517578125 2633.0517578125 2.6698572840086463e-14 0 0 0
d 0 0 -2.669990242495454e-14 0 0 -2.0816144191555816e-18 2633.052734375 2633.052734375 2.6701980599223574e-14 0 0 0
d 0 0 -2.6703317937356147e-14 0 0 -2.0823321573667908e-18 2633.0537109375 2633.0537109375 2.6705395473046642e-14 0 0 0
d 0 0 -2.6705025961887949e-14 0 0 -2.0829743587622146e-18 2633.05419921875 2633.05419921875 2.6707106280047752e-14 0 0 0
d 0 0 -2.67067380631745e-14 0 0 -2.0832952302676948e-18 2633.0546875 2633.0546875 2.6708818328479297e-14 0 0 0
d 0 0 -2.6708452006478001e-14 0 0 -2.0836187137936537e-18 2633.05517578125 2633.05517578125 2.671053219098188e-14 0 0 0
d 0 0 -2.6710167797558995e-14 0 0 -2.0839411727676535e-18 2633.0556640625 2633.0556640625 2.6712247872901211e-14 0 0 0
d 0 0 -2.6711885441672886e-14 0 0 -2.0842568760033173e-18 2633.05615234375 2633.05615234375 2.6713965379786405e-14 0 0 0
d 0 0 -2.6713599242857247e-14 0 0 -2.0833381871344189e-18 2633.056640625 2633.056640625 2.671568530712761e-14 0 0 0
d 0 0 -2.6715319890285003e-14 0 0 -2.0835094010419898e-18 2633.05712890625 2633.05712890625 2.6717406573297357e-14 0 0 0
d 0 0 -2.6717042350237939e-14 0 0 -2.0836912007985469e-18 2633.0576171875 2633.0576171875 2.671912968209282e-14 0 0 0
d 0 0 -2.6718766626189728e-14 0 0 -2.0838907424238669e-18 2633.05810546875 2633.05810546875 2.6720854636072564e-14 0 0 0
d 0 0 -2.6720492722326201e-14 0 0 -2.0841164583399967e-18 2633.05859375 2633.05859375 2.6722581437122719e-14 0 0 0
d 0 0 -2.6722220643276218e-14 0 0 -2.0843776749160087e-18 2633.05908203125 2633.05908203125 2.6724310086374055e-14 0 0 0
d 0 0 -2.6723085596429352e-14 0 0 -2.0851658589505584e-18 2633.059326171875 2633.059326171875 2.6725175230196464e-14 0 0 0
d 0 0 -2.6723950755415258e-14 0 0 -2.0853364040538605e-18 2633.0595703125 2633.0595703125 2.6726040732384712e-14 0 0 0
d 0 0 -2.6724818333833186e-14 0 0 -2.0860632316452797e-18 2633.059814453125 2633.059814453125 2.6726907109692322e-14 0 0 0
d 0 0 -2.6725684513383632e-14 0 0 -2.0862187187083575e-18 2633.06005859375 2633.06005859375 2.6727773591711054e-14 0 0 0
d 0 0 -2.6726551158630792e-14 0 0 -2.0863781126188493e-18 2633.060302734375 2633.060302734375 2.6728640544690449e-14 0 0 0
d 0 0 -2.6727418270607485e-14 0 0 -2.0865415448169558e-18 2633.060546875 2633.060546875 2.6729507969231945e-14 0 0 0
d 0 0 -2.672828585012879e-14 0 0 -2.0867091036997624e-18 2633.060791015625 2633.060791015625 2.6730375865911306e-14 0 0 0
d 0 0 -2.6729153898044579e-14 0 0 -2.0868807748922538e-18 2633.06103515625 2633.06103515625 2.6731244235300967e-14 0 0 0
d 0 0 -2.6730022415242878e-14 0 0 -2.0870564122323667e-18 2633.061279296875 2633.061279296875 2.6732113077972796e-14 0 0 0
d 0 0 -2.6730891402653388e-14 0 0 -2.0872357037632005e-18 2633.0615234375 2633.0615234375 2.6732982394501488e-14 0 0 0
d 0 0 -2.6731760861251138e-14 0 0 -2.0874181320948917e-18 2633.061767578125 2633.061767578125 2.6733852185468659e-14 0 0 0
d 0 0 -2.6732630792060317e-14 0 0 -2.087602928464465e-18 2633.06201171875 2633.06201171875 2.6734722451467739e-14 0 0 0
d 0 0 -2.6733066548585521e-14 0 0 -2.0877982429644865e-18 2633.0621337890625 2633.0621337890625 2.6735157928695635e-14 0 0 0
d 0 0 -2.6733501836391196e-14 0 0 -2.0878823298629773e-18 2633.062255859375 2633.062255859375 2.6735593369510541e-14 0 0 0
d 0 0 -2.6733937243105993e-14 0 0 -2.08796602319677e-18 2633.0623779296875 2633.0623779296875 2.6736028929914085e-14 0 0 0
d 0 0 -2.6734372769058189e-14 0 0 -2.0880491416482304e-18 2633.0625 2633.0625 2.6736464610030963e-14 0 0 0
Q 2 13 "Source Voltage"
Q 3 13 "Gate Voltage"
Q 4 13 "Drain Voltage"
Q 5 13 "Substrate Voltage"
Q 20 13 "Source Current"
Q 21 13 "Gate Current"
Q 22 13 "Drain Current"
Q 23 13 "Substrate Current"
Q 92 21 Contact
Q 601 13 "Source Int. Voltage"
Q 602 13 "Gate Int. Voltage"
Q 603 13 "Drain Int. Voltage"
Q 604 13 "Substrate Int. Voltage"
EOF 1979745776
