v VICTORYDEVICE
# silvaco.file ASCII version=1.14.29 format=1 contents=SDB,Tables=1

Copyright "###################################################################"
Copyright "#                    Copyright Silvaco Inc. (c)                   #"
Copyright "#                            1992-2014                            #"
Copyright "#                                                                 #"
Copyright "# This file format and the following Key are copyright Silvaco    #"
Copyright "# International. You may not use, this format or key without      #"
Copyright "# reproducing this message in full and obtaining                  #"
Copyright "# express written permission from Silvaco Inc.                    #"
Copyright "#                                                                 #"
Copyright "# To obtain such permission please contact: Silvaco Inc.          #"
Copyright "#                                           support@silvaco.com   #"
Copyright "#                                                                 #"
Copyright "# KEY=SVC86hn7562asdx                       PROD=345              #"
Copyright "###################################################################"
#This file was created by VICTORYDEVICE version 1.24.0.R
#victoryd 1.24.0.R (Wed Jun 26 14:38:19 PDT 2024)
#libSDB 1.12.65 (Thu Dec  7 08:14:05 PST 2023)
a VICTORYDEVICE
j 1 9
k 4
r 1 92
x 3 43 42 46
w source 1 1
r 2 92
x 3 43 42 46
w gate 1 2
r 3 92
x 3 43 42 46
w drain 1 3
r 4 92
x 3 43 42 46
w substrate 1 4
y 1 15
z 300
f 4 source gate drain substrate
p 12 2 601 20 3 602 21 4 603 22 5 604 23
d 0 0 -7.1868708745723258e-29 0 0 -3.5441099903662143e-37 0.01 0.01 7.1868709100171638e-29 0 0 -7.9215195952952423e-44
d 0 0 -3.581822217892384e-28 0 0 -4.0113614410219392e-36 0.1 0.1 3.58182225800607e-28 0 0 -7.7206089870482122e-42
d 0 0 -3.7462099194206404e-28 0 0 -1.0483148500339344e-35 0.3 0.3 3.7462100244246338e-28 0 0 -1.725087015087299e-38
d 0 0 -3.7516341169837918e-28 0 0 -1.7321695963309783e-35 0.5 0.5 3.7516346416762968e-28 0 0 -3.5147554502758141e-35
d 0 0 -3.7529466117747726e-28 0 0 -2.4233805653636989e-35 0.75 0.75 3.7529858181339873e-28 0 0 -3.8964021171154098e-33
d 0 0 -3.7541511256744076e-28 0 0 -1.3700036800445683e-34 1 1 3.7555530735557e-28 0 0 -1.4005778776988305e-31
d 0 0 -3.7561887918178962e-28 0 0 -2.6005883332842203e-31 1.5 1.5 3.810987021387847e-28 0 0 -5.2197641243488807e-30
d 0 0 -3.7575466497055095e-28 0 0 -3.8008609039198027e-31 1.75 1.75 3.8318541494821011e-28 0 0 -7.0506644765298242e-30
d 0 0 -3.7590278230520861e-28 0 0 -4.684029941221613e-31 2 2 3.8421418388369678e-28 0 0 -7.8429985843700209e-30
d 0 0 -3.7604453261357823e-28 0 0 -5.4932040314040657e-31 2.25 2.25 3.8513328887213558e-28 0 0 -8.5394358554169859e-30
d 0 0 -3.7617918714606958e-28 0 0 -6.2050263886048758e-31 2.5 2.5 3.86387610332418e-28 0 0 -9.5879205474879162e-30
d 0 0 -3.7631514566806506e-28 0 0 -7.15925154638454e-31 2.75 2.75 3.8787328042222253e-28 0 0 -1.0842209599518986e-29
d 0 0 -3.7645144602062321e-28 0 0 -8.0751956032874817e-31 3 3 3.8932747430717552e-28 0 0 -1.2068508726223425e-29
d 0 0 -3.7658579637261097e-28 0 0 -8.980942071766766e-31 3.25 3.25 3.9050572945766777e-28 0 0 -1.3021838877880132e-29
d 0 0 -3.7671629798465359e-28 0 0 -1.0416372476555046e-30 3.5 3.5 3.9135110643955132e-28 0 0 -1.3593126042048246e-29
d 0 0 -3.7696107262801034e-28 0 0 -1.1748693034787538e-30 4 4 3.9214271257403956e-28 0 0 -1.4006770642729269e-29
d 0 0 -3.7707508587510916e-28 0 0 -1.2245708244717726e-30 4.25 4.25 3.9339687766805045e-28 0 0 -1.5097220968469546e-29
d 0 0 -3.7718276631146351e-28 0 0 -1.2704726111045017e-30 4.5 4.5 3.9536283419078058e-28 0 0 -1.6909595268212492e-29
d 0 0 -3.7737419813379693e-28 0 0 -1.3521303815898644e-30 5 5 3.9710468944640838e-28 0 0 -1.8378360931021586e-29
d 0 0 -3.775321545129682e-28 0 0 -1.4224882627296003e-30 5.5 5.5 3.9804767058579859e-28 0 0 -1.9093027810100811e-29
d 0 0 -3.7764215665357181e-28 0 0 -1.4800795136637611e-30 6 6 3.9834507458255839e-28 0 0 -1.9222838404820875e-29
d 0 0 -3.7768923132024309e-28 0 0 -1.5263299971072376e-30 6.5 6.5 3.9876016795704495e-28 0 0 -1.9544606641400248e-29
d 0 0 -3.7769704990610333e-28 0 0 -1.546658105903281e-30 6.75 6.75 3.991523857696629e-28 0 0 -1.9908677757656338e-29
d 0 0 -3.7770127980755672e-28 0 0 -1.5657897804582817e-30 7 7 3.9957439129074836e-28 0 0 -2.0307275049826302e-29
d 0 0 -3.777067022610116e-28 0 0 -1.6016789784694312e-30 7.5 7.5 4.0010665930327411e-28 0 0 -2.0798278063793094e-29
d 0 0 -3.7771123249092556e-28 0 0 -1.635059967858013e-30 8 8 4.0044616838924438e-28 0 0 -2.1099875930460848e-29
d 0 0 -3.7771552493116344e-28 0 0 -1.6683682301840464e-30 8.5 8.5 4.0073247983987055e-28 0 0 -2.1348586678523065e-29
d 0 0 -3.777196755158214e-28 0 0 -1.7219244896495173e-30 9 9 4.0113405722066772e-28 0 0 -2.1692457215196794e-29
d 0 0 -3.7772374485098702e-28 0 0 -1.7812317072099665e-30 9.5 9.5 4.0158549903058892e-28 0 0 -2.2080522472391875e-29
d 0 0 -3.777279272847274e-28 0 0 -1.8122323143734933e-30 10 10 4.0185797693220619e-28 0 0 -2.2317817324588428e-29
d 0 0 -3.7773310555333713e-28 0 0 -1.8407896196617426e-30 10.5 10.5 4.0211276689814564e-28 0 0 -2.2538871725146764e-29
d 0 0 -3.777424482691282e-28 0 0 -1.8679105505355381e-30 11 11 4.0237071404347431e-28 0 0 -2.2760355213214387e-29
d 0 0 -3.7776371422620188e-28 0 0 -1.8902270786628804e-30 11.5 11.5 4.0266761530888418e-28 0 0 -2.301367400401939e-29
d 0 0 -3.7779854454364827e-28 0 0 -1.910790959026197e-30 12 12 4.0306734794280968e-28 0 0 -2.3358012440135183e-29
d 0 0 -3.7782701227179992e-28 0 0 -1.9289173697025451e-30 12.5 12.5 4.0341166945478579e-28 0 0 -2.365573981328335e-29
d 0 0 -3.778481712005929e-28 0 0 -1.9445456283972441e-30 13 13 4.0377463803851071e-28 0 0 -2.3981921209520584e-29
d 0 0 -3.7786824936447096e-28 0 0 -1.9595642977233536e-30 13.5 13.5 4.0431756645142687e-28 0 0 -2.4489752789232574e-29
d 0 0 -3.778885278959837e-28 0 0 -1.9745431653118552e-30 14 14 4.0478090037702398e-28 0 0 -2.491782931572841e-29
d 0 0 -3.7789734954124594e-28 0 0 -1.9827990873818571e-30 14.25 14.25 4.0491106899534115e-28 0 0 -2.503092036671337e-29
d 0 0 -3.7790450997140294e-28 0 0 -1.9321256959030404e-30 14.5 14.5 4.049926779256559e-28 0 0 -2.5096266735049267e-29
d 0 0 -3.7791953541292222e-28 0 0 -2.0096572931399101e-30 15 15 4.0510144239201794e-28 0 0 -2.5172318943870878e-29
d 0 0 -3.7794083880867629e-28 0 0 -2.0241200643636868e-30 15.5 15.5 4.0518339881177886e-28 0 0 -2.5218439931109024e-29
d 0 0 -3.7796388117080878e-28 0 0 -2.0379520213130925e-30 16 16 4.0523993635165197e-28 0 0 -2.5238103151684155e-29
d 0 0 -3.7798797909857218e-28 0 0 -2.0514627730548396e-30 16.5 16.5 4.0530020357961414e-28 0 0 -2.5260761695521209e-29
d 0 0 -3.7801349600744751e-28 0 0 -2.0645394200082073e-30 17 17 4.0539282331272001e-28 0 0 -2.5314787872708267e-29
d 0 0 -3.7804094209207196e-28 0 0 -2.0770076507404255e-30 17.5 17.5 4.0554097762620007e-28 0 0 -2.5423027871701155e-29
d 0 0 -3.7807073258759462e-28 0 0 -2.0887010588502268e-30 18 18 4.0573395108569009e-28 0 0 -2.5574517428773001e-29
d 0 0 -3.781031899345838e-28 0 0 -2.0995036870223148e-30 18.5 18.5 4.0591793403396629e-28 0 0 -2.571524040316831e-29
d 0 0 -3.7813841019177421e-28 0 0 -2.1093829355461927e-30 19 19 4.0606090669135373e-28 0 0 -2.5813113552652024e-29
d 0 0 -3.782094128889075e-28 0 0 -2.1287046540574342e-30 20 20 4.0627384905328103e-28 0 0 -2.5935731510316076e-29
d 0 0 -3.7825672622242039e-28 0 0 -2.2480806732728573e-30 21 21 4.065228432794928e-28 0 0 -2.6018036398913064e-29
d 0 0 -3.7828128280218572e-28 0 0 -2.2611780335589431e-30 21.5 21.5 4.0657612600826387e-28 0 0 -2.6033665171043192e-29
d 0 0 -3.7830642589705723e-28 0 0 -2.2736730327570052e-30 22 22 4.0661967069874371e-28 0 0 -2.6039571766669722e-29
d 0 0 -3.7835813898733019e-28 0 0 -2.2972114045824668e-30 23 23 4.0668161321009948e-28 0 0 -2.6026262828360642e-29
d 0 0 -3.7841111604576701e-28 0 0 -2.3191622271206493e-30 24 24 4.0672216566651522e-28 0 0 -2.5991887393627546e-29
d 0 0 -3.7843787622493242e-28 0 0 -2.3296309766373821e-30 24.5 24.5 4.0673819975028779e-28 0 0 -2.5970692546613189e-29
d 0 0 -3.7846471390737473e-28 0 0 -2.3397970585383295e-30 25 25 4.0675265547750319e-28 0 0 -2.5948144509081718e-29
d 0 0 -3.7851834683460785e-28 0 0 -2.3662785533342122e-30 26 26 4.0677886722963354e-28 0 0 -2.5901215822434513e-29
d 0 0 -3.7857153761710556e-28 0 0 -2.378848039204046e-30 27 27 4.0680325785608139e-28 0 0 -2.5853893884242879e-29
d 0 0 -3.7862393001277591e-28 0 0 -2.3956784637252366e-30 28 28 4.0682678092154032e-28 0 0 -2.5807377685709938e-29
d 0 0 -3.7867528215990651e-28 0 0 -2.4128816112522341e-30 29 29 4.0684977468213617e-28 0 0 -2.5762157838071929e-29
d 0 0 -3.7872544861118262e-28 0 0 -2.4299897337095632e-30 30 30 4.0687233835723951e-28 0 0 -2.5718404156240109e-29
d 0 0 -3.7877435812381576e-28 0 0 -2.4439925790957406e-30 31 31 4.0689448534484692e-28 0 0 -2.5676134590196555e-29
d 0 0 -3.7882199186479092e-28 0 0 -2.4589245921325336e-30 32 32 4.0691620600257167e-28 0 0 -2.5635289528983891e-29
d 0 0 -3.7886836413113923e-28 0 0 -2.4734873777813884e-30 33 33 4.0693749527871466e-28 0 0 -2.5595761940433282e-29
d 0 0 -3.7891350774120363e-28 0 0 -2.4800274791497439e-30 34 34 4.0695836201958019e-28 0 0 -2.5557417630422748e-29
d 0 0 -3.7895747026292199e-28 0 0 -2.5011925911092189e-30 35 35 4.0697881522082846e-28 0 0 -2.5520152348403125e-29
d 0 0 -3.7900031321272234e-28 0 0 -2.5146214310854609e-30 36 36 4.0699884946301537e-28 0 0 -2.5483914804580548e-29
d 0 0 -3.790421045319945e-28 0 0 -2.5276845127048064e-30 37 37 4.0701845815193402e-28 0 0 -2.5448668985413111e-29
d 0 0 -3.7908291055044868e-28 0 0 -2.5403753702861685e-30 38 38 4.0703764927944801e-28 0 0 -2.541436327641141e-29
d 0 0 -3.7912279384130514e-28 0 0 -2.5574415935372785e-30 39 39 4.0705644474519943e-28 0 0 -2.5380933927421225e-29
d 0 0 -3.7916181390702319e-28 0 0 -2.564743694356029e-30 40 40 4.0707487520929778e-28 0 0 -2.5348316082920319e-29
d 0 0 -3.7920002777128873e-28 0 0 -2.5765378039775875e-30 41 41 4.070929772196143e-28 0 0 -2.531644839464413e-29
d 0 0 -3.792374902411405e-28 0 0 -2.5933938831045557e-30 42 42 4.0711079188500881e-28 0 0 -2.5285273697517145e-29
d 0 0 -3.79274254009922e-28 0 0 -2.6047385783784319e-30 43 43 4.0712836386972508e-28 0 0 -2.5254738371317289e-29
d 0 0 -3.793103696435041e-28 0 0 -2.6018946077372836e-30 44 44 4.0714574012244329e-28 0 0 -2.5224791308953239e-29
d 0 0 -3.7934588542843134e-28 0 0 -2.6220980202630266e-30 45 45 4.0716296807408695e-28 0 0 -2.5195382725893974e-29
d 0 0 -3.7938084705802421e-28 0 0 -2.63353929449527e-30 46 46 4.0718009319516412e-28 0 0 -2.5166462904869243e-29
d 0 0 -3.7941529714652782e-28 0 0 -2.3558554815616062e-30 47 47 4.071971559546212e-28 0 0 -2.5137981037004976e-29
d 0 0 -3.7944927457416136e-28 0 0 -2.6550293633639625e-30 48 48 4.0721418841314276e-28 0 0 -2.5109884474915162e-29
d 0 0 -3.7948281368235404e-28 0 0 -2.6662783545862977e-30 49 49 4.0723121089090449e-28 0 0 -2.5082118852202306e-29
d 0 0 -3.7951594338898477e-28 0 0 -2.677656432057172e-30 50 50 4.0724822930117094e-28 0 0 -2.505462947556759e-29
d 0 0 -3.7954868824584512e-28 0 0 -2.6891795108693097e-30 51 51 4.072652333759549e-28 0 0 -2.5027365609920723e-29
d 0 0 -3.7958107334235273e-28 0 0 -2.7008349168634714e-30 52 52 4.072821960156627e-28 0 0 -2.5000287740858797e-29
d 0 0 -3.796131015752808e-28 0 0 -2.7126214843427213e-30 53 53 4.0729907953659431e-28 0 0 -2.4973356475209185e-29
d 0 0 -3.7964478117010109e-28 0 0 -2.7245140546108194e-30 54 54 4.0731583462837809e-28 0 0 -2.4946539400961733e-29
d 0 0 -3.7967611918624743e-28 0 0 -2.7364766818950584e-30 55 55 4.0733240609606224e-28 0 0 -2.4919810220048475e-29
d 0 0 -3.7970712673310168e-28 0 0 -2.748468462884848e-30 56 56 4.0734873727651454e-28 0 0 -2.4893142080528038e-29
d 0 0 -3.7973782358472124e-28 0 0 -2.7604501193914265e-30 57 57 4.073647741078866e-28 0 0 -2.4866501927149488e-29
d 0 0 -3.7976823927473243e-28 0 0 -2.7723842441076871e-30 58 58 4.0738046847191481e-28 0 0 -2.483985032668073e-29
d 0 0 -3.7982838780754147e-28 0 0 -2.7959522273343486e-30 60 60 4.0741067967475337e-28 0 0 -2.4786339640404883e-29
d 0 0 -3.798433187001629e-28 0 0 -2.8017984642743722e-30 60.5 60.5 4.0741796758798027e-28 0 0 -2.4772884831204532e-29
d 0 0 -3.7985822007026222e-28 0 0 -2.807693309184635e-30 61 61 4.074251452996773e-28 0 0 -2.4759387937695948e-29
d 0 0 -3.7987309791071913e-28 0 0 -2.813567124122688e-30 61.5 61.5 4.074322117541358e-28 0 0 -2.4745844451393046e-29
d 0 0 -3.7988795751217397e-28 0 0 -2.8195134673503523e-30 62 62 4.074391664927875e-28 0 0 -2.4732250890994603e-29
d 0 0 -3.7990280318728279e-28 0 0 -2.8255394327739628e-30 62.5 62.5 4.0744600964343657e-28 0 0 -2.4718605072588962e-29
d 0 0 -3.7991763801163444e-28 0 0 -2.831215085058123e-30 63 63 4.0745274190641915e-28 0 0 -2.4704906367214609e-29
d 0 0 -3.7993246360128589e-28 0 0 -2.8333939807171172e-30 63.5 63.5 4.0745936453557146e-28 0 0 -2.4691155923333455e-29
d 0 0 -3.7994727906418852e-28 0 0 -2.8140618882088668e-30 64 64 4.0746587932450943e-28 0 0 -2.46773577249258e-29
d 0 0 -3.7996207665342692e-28 0 0 -2.677138365671524e-30 64.5 64.5 4.074722886287288e-28 0 0 -2.4663522983215703e-29
d 0 0 -3.7997685078142457e-28 0 0 -1.9237346803229712e-30 65 65 4.0747859520571508e-28 0 0 -2.464966098175705e-29
d 0 0 -3.7999159278758693e-28 0 0 1.9906115572275356e-30 65.5 65.5 4.0748480222217716e-28 0 0 -2.4635784321275856e-29
d 0 0 -3.8000629441312322e-28 0 0 -2.862713294724165e-30 66 66 4.0749091312391873e-28 0 0 -2.4621905418290155e-29
d 0 0 -3.8003554369932815e-28 0 0 -2.8731278682644207e-30 67 67 4.0750286141675298e-28 0 0 -2.4594189849160467e-29
d 0 0 -3.8006452598631556e-28 0 0 -2.883327954406661e-30 68 68 4.0751447144166197e-28 0 0 -2.456661750102718e-29
d 0 0 -3.8007889240845419e-28 0 0 -2.8883543173819389e-30 68.5 68.5 4.0752015997790328e-28 0 0 -2.4552917800807495e-29
d 0 0 -3.8009316264580522e-28 0 0 -2.8933231123592691e-30 69 69 4.0752577655963913e-28 0 0 -2.453929223380173e-29
d 0 0 -3.8012137853358217e-28 0 0 -2.9031244254782019e-30 70 70 4.0753681057187143e-28 0 0 -2.4512307613061911e-29
d 0 0 -3.8014911202226598e-28 0 0 -2.9127475091850207e-30 71 71 4.0754760286872705e-28 0 0 -2.4485743337272221e-29
d 0 0 -3.8017632213906122e-28 0 0 -2.9221848951530648e-30 72 72 4.075581725524871e-28 0 0 -2.4459665518272786e-29
d 0 0 -3.8020298538257585e-28 0 0 -2.9314244921029849e-30 73 73 4.0756853004641826e-28 0 0 -2.4434120171739373e-29
d 0 0 -3.8021610831719438e-28 0 0 -2.9359669018433292e-30 73.5 73.5 4.07573631628951e-28 0 0 -2.4421556400331662e-29
d 0 0 -3.8022909140404043e-28 0 0 -2.940456230338743e-30 74 74 4.0757868309914956e-28 0 0 -2.4409134596686029e-29
d 0 0 -3.8025463865520657e-28 0 0 -2.9492817343691976e-30 75 75 4.0758863996299672e-28 0 0 -2.4384719573421067e-29
d 0 0 -3.8027963214754183e-28 0 0 -2.9579033402999358e-30 76 76 4.07598409143932e-28 0 0 -2.4360873656090408e-29
d 0 0 -3.8030408179472823e-28 0 0 -2.9663298160461041e-30 77 77 4.0760799865269999e-28 0 0 -2.4337587041925656e-29
d 0 0 -3.8032800089092216e-28 0 0 -2.9745704649427838e-30 78 78 4.0761741572593285e-28 0 0 -2.4314844370067916e-29
d 0 0 -3.8035140483425668e-28 0 0 -2.9826353871219086e-30 79 79 4.0762666686032147e-28 0 0 -2.4292626638643679e-29
d 0 0 -3.8037431016517346e-28 0 0 -2.9905352523146621e-30 80 80 4.076357579415576e-28 0 0 -2.4270912524069462e-29
d 0 0 -3.8039673388688702e-28 0 0 -2.9982811256787184e-30 81 81 4.0764469437483245e-28 0 0 -2.4249679343029532e-29
d 0 0 -3.8040777046558464e-28 0 0 1.5535631401646071e-28 81.5 81.5 4.0764910618361597e-28 0 0 -2.4239235840220311e-29
d 0 0 -3.8041869299551476e-28 0 0 2.1720067903167355e-28 82 82 4.0765348119441948e-28 0 0 -2.4228903853831357e-29
d 0 0 -3.8044020415012881e-28 0 0 -3.0133559138689458e-30 83 83 4.0766212315350634e-28 0 0 -2.420856304069277e-29
d 0 0 -3.8045079679826092e-28 0 0 -3.0170457177664841e-30 83.5 83.5 4.0766639123762813e-28 0 0 -2.4198548710782632e-29
d 0 0 -3.8046128343382261e-28 0 0 -3.0207064095765947e-30 84 84 4.0767062479812467e-28 0 0 -2.4188634944377426e-29
d 0 0 -3.804819461825127e-28 0 0 -3.0279448436567865e-30 85 85 4.0767899052614771e-28 0 0 -2.4169099498259497e-29
d 0 0 -3.8050220680850755e-28 0 0 -3.0350781330984938e-30 86 86 4.0768722463602616e-28 0 0 -2.4149939694420068e-29
d 0 0 -3.805121904863197e-28 0 0 -3.038606331028455e-30 86.5 86.5 4.0769129365003857e-28 0 0 -2.4140496823654919e-29
d 0 0 -3.8052207860570038e-28 0 0 -3.0421096489342956e-30 87 87 4.0769533133676116e-28 0 0 -2.4131143072886722e-29
d 0 0 -3.8053187273268297e-28 0 0 -3.0455883018773905e-30 87.5 87.5 4.0769933821402856e-28 0 0 -2.4121877104297268e-29
d 0 0 -3.8054157438494244e-28 0 0 -3.0489768396944787e-30 88 88 4.0770331479390239e-28 0 0 -2.4112697734145226e-29
d 0 0 -3.8055118503449051e-28 0 0 -3.0523914582484661e-30 88.5 88.5 4.0770726158117181e-28 0 0 -2.4103603907885768e-29
d 0 0 -3.8056070610983395e-28 0 0 -3.0558555252979107e-30 89 89 4.0771117907109415e-28 0 0 -2.4094594671501416e-29
d 0 0 -3.8057013899722073e-28 0 0 -3.059215103850433e-30 89.5 89.5 4.0771506774635966e-28 0 0 -2.4085669140644602e-29
d 0 0 -3.805794850407949e-28 0 0 -3.0626164383312582e-30 90 90 4.0771892807348047e-28 0 0 -2.4076826469247443e-29
d 0 0 -3.8058874554179792e-28 0 0 -3.0659490871533733e-30 90.5 90.5 4.0772276049890962e-28 0 0 -2.4068065819344189e-29
d 0 0 -3.8059792175735418e-28 0 0 -3.0692572573408414e-30 91 91 4.0772656544538655e-28 0 0 -2.4059386334011758e-29
d 0 0 -3.8061602613712731e-28 0 0 -3.0758010949135315e-30 92 92 4.0773409445930027e-28 0 0 -2.404226721017792e-29
d 0 0 -3.8062495659663756e-28 0 0 -3.0790368697266273e-30 92.5 92.5 4.077378192383653e-28 0 0 -2.4033825602269403e-29
d 0 0 -3.806338073696477e-28 0 0 -3.0822491875221125e-30 93 93 4.0774151796658571e-28 0 0 -2.4025461215012997e-29
d 0 0 -3.806425795187909e-28 0 0 -3.0854382778926966e-30 93.5 93.5 4.0774519094682232e-28 0 0 -2.4017172918997793e-29
d 0 0 -3.8065127408531878e-28 0 0 -3.0886045587875626e-30 94 94 4.0774883847053975e-28 0 0 -2.4008959544272876e-29
d 0 0 -3.806598920955679e-28 0 0 -3.091748805312995e-30 94.5 94.5 4.0775246082328029e-28 0 0 -2.4000819893634191e-29
d 0 0 -3.8066843456565395e-28 0 0 -3.0948709265926491e-30 95 95 4.077560582889306e-28 0 0 -2.3992752754798356e-29
d 0 0 -3.8067690250412026e-28 0 0 -3.0979716787821495e-30 95.5 95.5 4.0775963115248295e-28 0 0 -2.3984756910230553e-29
d 0 0 -3.8068529691276842e-28 0 0 -3.1010515599357809e-30 96 96 4.0776317970139867e-28 0 0 -2.3976831144350593e-29
d 0 0 -3.8069361878616915e-28 0 0 -3.1041110719995896e-30 96.5 96.5 4.0776670422590977e-28 0 0 -2.3968974248451937e-29
d 0 0 -3.8070186911038737e-28 0 0 -3.1071507166689041e-30 97 97 4.0777020501864674e-28 0 0 -2.3961185023918089e-29
d 0 0 -3.8071004886137408e-28 0 0 -3.1101709921810657e-30 97.5 97.5 4.0777368237392646e-28 0 0 -2.3953462284303387e-29
d 0 0 -3.8071815900333126e-28 0 0 -3.1131723945987871e-30 98 98 4.077771365869364e-28 0 0 -2.3945804856723495e-29
d 0 0 -3.8072620048723099e-28 0 0 -3.116155413854076e-30 98.5 98.5 4.0778056795295986e-28 0 0 -2.3938211582851433e-29
d 0 0 -3.8073417424957171e-28 0 0 -3.119120532043437e-30 99 99 4.0778397676671255e-28 0 0 -2.3930681319694294e-29
d 0 0 -3.8074208121139112e-28 0 0 -3.1220679865479038e-30 99.5 99.5 4.0778736332181641e-28 0 0 -2.3923212940242599e-29
d 0 0 -3.8074992227751959e-28 0 0 -3.1249985823035017e-30 100 100 4.0779072791040733e-28 0 0 -2.3915805334034828e-29
d 0 0 -3.8075963229568034e-28 0 0 1.4304077116488234e-29 100.625 100.625 4.0779490319792391e-28 0 0 -2.3906629624555342e-29
d 0 0 -3.8076924243506475e-28 0 0 -2.9682108309985042e-30 101.25 101.25 4.0779904517918713e-28 0 0 -2.3897545069014207e-29
d 0 0 -3.8077875435007214e-28 0 0 -3.0949961775728861e-30 101.875 101.875 4.0780315441203931e-28 0 0 -2.3888549614119003e-29
d 0 0 -3.8078816965225845e-28 0 0 -3.1347541714043313e-30 102.5 102.5 4.0780723144920343e-28 0 0 -2.3879641251266513e-29
d 0 0 -3.8079748991013368e-28 0 0 -3.1406293325460061e-30 103.125 103.125 4.0781127683827689e-28 0 0 -2.3870818017270059e-29
d 0 0 -3.8080671664900151e-28 0 0 -2.4491201119432225e-30 103.75 103.75 4.0781529112175105e-28 0 0 -2.3862077994942755e-29
d 0 0 -3.8081585135071473e-28 0 0 -3.1472792488251935e-30 104.375 104.375 4.0781927483698205e-28 0 0 -2.3853419313582673e-29
d 0 0 -3.8082489545321236e-28 0 0 -3.1534748645773275e-30 105 105 4.0782322851603515e-28 0 0 -2.3844840149409928e-29
d 0 0 -3.8083385034968304e-28 0 0 -3.1565145107200407e-30 105.625 105.625 4.0782715268531124e-28 0 0 -2.3836338726007439e-29
d 0 0 -3.8084271738715375e-28 0 0 -3.1604121365803055e-30 106.25 106.25 4.0783104786484021e-28 0 0 -2.3827913314818587e-29
d 0 0 -3.8085149786422511e-28 0 0 -3.1638540318915394e-30 106.875 106.875 4.0783491456708636e-28 0 0 -2.3819562235757545e-29
d 0 0 -3.8086019302754117e-28 0 0 -3.1672763907130024e-30 107.5 107.5 4.0783875329504885e-28 0 0 -2.3811283857994387e-29
d 0 0 -3.8086880406635859e-28 0 0 -3.1706836114312004e-30 108.125 108.125 4.0784256453934277e-28 0 0 -2.3803076600991247e-29
d 0 0 -3.8087733210419593e-28 0 0 -3.0521945857689357e-30 108.75 108.75 4.0784634877379084e-28 0 0 -2.3794938935895427e-29
d 0 0 -3.808857781858629e-28 0 0 -3.1774572125974723e-30 109.375 109.375 4.0785010644878798e-28 0 0 -2.3786869387457361e-29
d 0 0 -3.8089414325691323e-28 0 0 -3.1807094882055039e-30 110 110 4.0785383798121782e-28 0 0 -2.3778866536770316e-29
d 0 0 -3.8090242813012644e-28 0 0 -3.1434300672720293e-30 110.625 110.625 4.0785754373873472e-28 0 0 -2.3770929025400576e-29
d 0 0 -3.8091063342859952e-28 0 0 -3.1875350134238929e-30 111.25 111.25 4.0786122401411222e-28 0 0 -2.3763055562058432e-29
d 0 0 -3.8091875948385192e-28 0 0 -3.1906160393845787e-30 111.875 111.875 4.0786487898026355e-28 0 0 -2.3755244934233598e-29
d 0 0 -3.809268061399902e-28 0 0 -3.193530368831492e-30 112.5 112.5 4.0786850860299128e-28 0 0 -2.3747496030133018e-29
d 0 0 -3.8093477233911003e-28 0 0 -3.1890518112441413e-30 113.125 113.125 4.0787211244829576e-28 0 0 -2.3739807883525958e-29
d 0 0 -3.8094265511389159e-28 0 0 -3.1724259220272998e-30 113.75 113.75 4.0787568918294045e-28 0 0 -2.3732179775379242e-29
d 0 0 -3.8095044656482586e-28 0 0 -3.2041767975087885e-30 114.375 114.375 4.0787923497387685e-28 0 0 -2.372461150848147e-29
d 0 0 -3.8095430172818877e-28 0 0 -3.2039921590276526e-30 114.6875 114.6875 4.0788099300608021e-28 0 0 -2.372085010375556e-29
d 0 0 -3.8095812071432268e-28 0 0 -3.2052472416568308e-30 115 115 4.0788273619392797e-28 0 0 -2.3717104479692081e-29
d 0 0 -3.8096548695064342e-28 0 0 -3.2109265350061765e-30 115.625 115.625 4.0788608648166306e-28 0 0 -2.3709672995457348e-29
d 0 0 -3.809716997677131e-28 0 0 -3.2147251873752478e-30 116.25 116.25 4.07888806815884e-28 0 0 -2.3702381860795648e-29
d 0 0 -3.8097870162022861e-28 0 0 -3.2182107244101834e-30 116.875 116.875 4.0789200101010889e-28 0 0 -2.3695080403439268e-29
d 0 0 -3.8098225568772866e-28 0 0 -3.2105120969366222e-30 117.1875 117.1875 4.0789363999703505e-28 0 0 -2.3691444178231047e-29
d 0 0 -3.8098585843451136e-28 0 0 -3.2096921009273393e-30 117.5 117.5 4.0789531551671242e-28 0 0 -2.3687817076173763e-29
d 0 0 -3.8099316108357314e-28 0 0 -3.2249774256463512e-30 118.125 118.125 4.0789875148611971e-28 0 0 -2.3680597632298518e-29
d 0 0 -3.8100048708688162e-28 0 0 -3.2283186406948147e-30 118.75 118.75 4.0790224386904856e-28 0 0 -2.3673437707335269e-29
d 0 0 -3.8100778559221976e-28 0 0 -3.2225857135180533e-30 119.375 119.375 4.0790576506735162e-28 0 0 -2.3666348572303854e-29
d 0 0 -3.8101504270993131e-28 0 0 -3.2348749929060218e-30 120 120 4.0790930420994508e-28 0 0 -2.365934426890331e-29
d 0 0 -3.8102225278926649e-28 0 0 -3.0936519374128011e-30 120.625 120.625 4.0791285376093449e-28 0 0 -2.3652426368175371e-29
d 0 0 -3.810294136564478e-28 0 0 -3.2413399334022227e-30 121.25 121.25 4.0791640664952752e-28 0 0 -2.3645593762331961e-29
d 0 0 -3.8103652458046183e-28 0 0 -3.2111080986883351e-30 121.875 121.875 4.0791995650781859e-28 0 0 -2.3638844165855932e-29
d 0 0 -3.8104358544516838e-28 0 0 -3.2475561175054089e-30 122.5 122.5 4.0792349833715061e-28 0 0 -2.3632174902633893e-29
d 0 0 -3.8105059641348671e-28 0 0 -3.250713491356594e-30 123.125 123.125 4.0792702884400977e-28 0 0 -2.3625583420393565e-29
d 0 0 -3.8105755778916792e-28 0 0 -3.2539208214806211e-30 123.75 123.75 4.0793054614696919e-28 0 0 -2.3619067505580525e-29
d 0 0 -3.810644699541898e-28 0 0 -3.2203598545816882e-30 124.375 124.375 4.0793404862419202e-28 0 0 -2.3612625271623537e-29
d 0 0 -3.8107133333240516e-28 0 0 -3.2488415389779087e-30 125 125 4.0793753468632824e-28 0 0 -2.360625504400555e-29
d 0 0 -3.8107814837855752e-28 0 0 -3.2628946713268374e-30 125.625 125.625 4.0794100312416506e-28 0 0 -2.3599955316223613e-29
d 0 0 -3.8108491557303961e-28 0 0 -3.2085544315032217e-30 126.25 126.25 4.0794445333912197e-28 0 0 -2.3593724724194545e-29
d 0 0 -3.8109163541482776e-28 0 0 -3.2686844125333691e-30 126.875 126.875 4.0794788517079847e-28 0 0 -2.3587562005909177e-29
d 0 0 -3.8109830841430259e-28 0 0 -3.2715242452602517e-30 127.5 127.5 4.0795129866576935e-28 0 0 -2.3581465964251541e-29
d 0 0 -3.8110493508787221e-28 0 0 -3.2743225183427542e-30 128.125 128.125 4.0795469395466494e-28 0 0 -2.3575435444400663e-29
d 0 0 -3.8111151595437136e-28 0 0 -3.2770858151754656e-30 128.75 128.75 4.0795807120236951e-28 0 0 -2.356946932271358e-29
d 0 0 -3.8111805153268394e-28 0 0 -3.2797889835129343e-30 129.375 129.375 4.0796143058854926e-28 0 0 -2.3563566501920553e-29
d 0 0 -3.8112454234014133e-28 0 0 -3.2825038330466055e-30 130 130 4.0796477229940271e-28 0 0 -2.355772590936122e-29
d 0 0 -3.8113098889140369e-28 0 0 -3.2850794364394045e-30 130.625 130.625 4.0796809652375603e-28 0 0 -2.3551946496548339e-29
d 0 0 -3.811373916976323e-28 0 0 -3.287782454410772e-30 131.25 131.25 4.0797140345101337e-28 0 0 -2.3546227239200379e-29
d 0 0 -3.8114375126582644e-28 0 0 -3.287645534049296e-30 131.875 131.875 4.0797469326999488e-28 0 0 -2.3540567137324738e-29
d 0 0 -3.811500680982449e-28 0 0 -3.2929315066757785e-30 132.5 132.5 4.0797796616827752e-28 0 0 -2.3534965215163838e-29
d 0 0 -3.8115634269186248e-28 0 0 -3.2932656427924443e-30 133.125 133.125 4.079812223317959e-28 0 0 -2.3529420520939224e-29
d 0 0 -3.8116257553783182e-28 0 0 -3.2979483577924054e-30 133.75 133.75 4.0798446194447309e-28 0 0 -2.3523932126392867e-29
d 0 0 -3.8116876712093529e-28 0 0 -3.2934741916666244e-30 134.375 134.375 4.0798768518781757e-28 0 0 -2.3518499126155391e-29
d 0 0 -3.8117491791901378e-28 0 0 -3.299633561162423e-30 135 135 4.0799089224052506e-28 0 0 -2.3513120636981904e-29
d 0 0 -3.8118102840236359e-28 0 0 -3.2807215454781469e-30 135.625 135.625 4.0799408327809068e-28 0 0 -2.3507795796895904e-29
d 0 0 -3.8118709903308592e-28 0 0 -3.2519108556240352e-30 136.25 136.25 4.0799725847240341e-28 0 0 -2.3502523764275574e-29
d 0 0 -3.8119313026437042e-28 0 0 -3.3008687986694156e-30 136.875 136.875 4.0800041799129656e-28 0 0 -2.34973037169079e-29
d 0 0 -3.8119912253968178e-28 0 0 -3.1146007380003252e-30 137.5 137.5 4.0800356199802942e-28 0 0 -2.3492134851026525e-29
d 0 0 -3.812050762918088e-28 0 0 -3.3145731161716605e-30 138.125 138.125 4.080066906506707e-28 0 0 -2.3487016380339483e-29
d 0 0 -3.8121099194171496e-28 0 0 -3.2858405497385932e-30 138.75 138.75 4.0800980410134564e-28 0 0 -2.3481947535043527e-29
d 0 0 -3.8121686989710529e-28 0 0 -3.3190821171531775e-30 139.375 139.375 4.0801290249529467e-28 0 0 -2.3476927560811808e-29
d 0 0 -3.8122271055058697e-28 0 0 -3.2703818672072945e-30 140 140 4.0801598596966308e-28 0 0 -2.3471955717729851e-29
d 0 0 -3.8122851427724152e-28 0 0 -3.3235090746762328e-30 140.625 140.625 4.0801905465190561e-28 0 0 -2.3467031279141292e-29
d 0 0 -3.8123428143133965e-28 0 0 -3.3256345108134051e-30 141.25 141.25 4.0802210865763124e-28 0 0 -2.3462153530341003e-29
d 0 0 -3.8124001234177974e-28 0 0 -3.3278136922765723e-30 141.875 141.875 4.0802514808761569e-28 0 0 -2.3457321767024024e-29
d 0 0 -3.8124286429992709e-28 0 0 -3.3140045047388318e-30 142.1875 142.1875 4.0802666236313184e-28 0 0 -2.3454922912203557e-29
d 0 0 -3.8124570730558922e-28 0 0 -3.3122947578075241e-30 142.5 142.5 4.0802817302355274e-28 0 0 -2.3452535293342461e-29
d 0 0 -3.8124854138935876e-28 0 0 -3.310052716217745e-30 142.8125 142.8125 4.080296800750928e-28 0 0 -2.3450158824360312e-29
d 0 0 -3.8125136657840236e-28 0 0 -3.307171965875437e-30 143.125 143.125 4.0803118352183852e-28 0 0 -2.3447793419331892e-29
d 0 0 -3.8125418289585637e-28 0 0 -3.3035208824894479e-30 143.4375 143.4375 4.0803268336535444e-28 0 0 -2.3445438992341456e-29
d 0 0 -3.8125699036006564e-28 0 0 -3.2989388359989617e-30 143.75 143.75 4.0803417960418767e-28 0 0 -2.3443095457303294e-29
d 0 0 -3.8125978898361411e-28 0 0 -3.2932274099707695e-30 144.0625 144.0625 4.0803567223323722e-28 0 0 -2.3440762727737463e-29
d 0 0 -3.8126257877207576e-28 0 0 -3.2861440143258975e-30 144.375 144.375 4.0803716124294099e-28 0 0 -2.3438440716485318e-29
d 0 0 -3.8126535972238446e-28 0 0 -3.2773869426347871e-30 144.6875 144.6875 4.0803864661821617e-28 0 0 -2.3436129335343024e-29
d 0 0 -3.8126813182067726e-28 0 0 -3.2665874142367121e-30 145 145 4.0804012833705677e-28 0 0 -2.3433828494581503e-29
d 0 0 -3.8127089503939521e-28 0 0 -3.2532864508594961e-30 145.3125 145.3125 4.0804160636864928e-28 0 0 -2.3431538102306586e-29
d 0 0 -3.8127364933331863e-28 0 0 -3.2369203702343763e-30 145.625 145.625 4.0804308067079691e-28 0 0 -2.3429258063589789e-29
d 0 0 -3.8127639463403962e-28 0 0 -3.2167962092925899e-30 145.9375 145.9375 4.0804455118632866e-28 0 0 -2.3426988279262856e-29
d 0 0 -3.8127913084208548e-28 0 0 -3.192056398343978e-30 146.25 146.25 4.0804601783798352e-28 0 0 -2.3424728644207291e-29
d 0 0 -3.8128185781541622e-28 0 0 -3.161651349997631e-30 146.5625 146.5625 4.0804748052094096e-28 0 0 -2.3422479044864746e-29
d 0 0 -3.8128457535214983e-28 0 0 -3.1242996904071713e-30 146.875 146.875 4.0804893909160541e-28 0 0 -2.3420239355507744e-29
d 0 0 -3.8128998083207124e-28 0 0 -3.290035031559984e-30 147.5 147.5 4.0805184301288156e-28 0 0 -2.3415789104867283e-29
d 0 0 -3.8129534292784308e-28 0 0 -3.3219522674738135e-30 148.125 148.125 4.0805472667653286e-28 0 0 -2.3411376311208202e-29
d 0 0 -3.8130065104297794e-28 0 0 -3.3499308193353899e-30 148.75 148.75 4.0805758310675602e-28 0 0 -2.340699806206693e-29
d 0 0 -3.8130587201524589e-28 0 0 -3.3518719173814946e-30 149.375 149.375 4.0806039068558725e-28 0 0 -2.340264659815371e-29
d 0 0 -3.8131080311443975e-28 0 0 -3.3539351025542989e-30 150 150 4.0806301781688651e-28 0 0 -2.339827772319366e-29
d 0 0 -3.813152195966797e-28 0 0 -3.3562578094876819e-30 150.625 150.625 4.0806532751187426e-28 0 0 -2.339384401246737e-29
d 0 0 -3.8132515778703607e-28 0 0 -3.4628148171955794e-30 151.25 151.25 4.0826885403941142e-28 0 0 -2.3480881435179816e-29
d 0 0 -3.8132965061184067e-28 0 0 -3.4778400060260896e-30 151.875 151.875 4.0829514985271333e-28 0 0 -2.3487393404833811e-29
d 0 0 -3.8133338921547731e-28 0 0 -3.4794600449244032e-30 152.5 152.5 4.0829713877345553e-28 0 0 -2.3482910033031096e-29
d 0 0 -3.8133711166760001e-28 0 0 -3.4772509750249646e-30 153.125 153.125 4.0829910580400413e-28 0 0 -2.3478453147415112e-29
d 0 0 -3.8134081824000152e-28 0 0 -3.4584022491248693e-30 153.75 153.75 4.0830105546935311e-28 0 0 -2.3474024296031392e-29
d 0 0 -3.8134450913297574e-28 0 0 -3.353525935720819e-30 154.375 154.375 4.0830298999332771e-28 0 0 -2.3469623999935425e-29
d 0 0 -3.81348184528535e-28 0 0 -3.4914739304374846e-30 155 155 4.0830491105930674e-28 0 0 -2.3465252547098781e-29
d 0 0 -3.8135184459565394e-28 0 0 -3.4940649325567761e-30 155.625 155.625 4.0830681998259568e-28 0 0 -2.3460910069999846e-29
d 0 0 -3.8135548949353405e-28 0 0 -3.4953941255319641e-30 156.25 156.25 4.0830871781710807e-28 0 0 -2.34565965935048e-29
d 0 0 -3.8135730630162909e-28 0 0 -3.4979011174025147e-30 156.5625 156.5625 4.0830966285151049e-28 0 0 -2.3454450716681776e-29
d 0 0 -3.8135911937374197e-28 0 0 -3.499168241872449e-30 156.875 156.875 4.0831060542468806e-28 0 0 -2.3452312065849966e-29
d 0 0 -3.8136092872786426e-28 0 0 -3.5004292841153555e-30 157.1875 157.1875 4.083115456220217e-28 0 0 -2.3450180625969383e-29
d 0 0 -3.8136273438166809e-28 0 0 -3.5016842848644812e-30 157.5 157.5 4.0831248352192513e-28 0 0 -2.3448056379442094e-29
d 0 0 -3.8136453635253105e-28 0 0 -3.5029332632871868e-30 157.8125 157.8125 4.0831341919662273e-28 0 0 -2.3445939306452461e-29
d 0 0 -3.8136633465755736e-28 0 0 -3.5041762388225079e-30 158.125 158.125 4.0831435271281471e-28 0 0 -2.3443829385256143e-29
d 0 0 -3.8136992033726107e-28 0 0 -3.5066587491481686e-30 158.75 158.75 4.0831621351221314e-28 0 0 -2.3439630903068486e-29
d 0 0 -3.8137349155280158e-28 0 0 -3.5058892200506181e-30 159.375 159.375 4.083180663631293e-28 0 0 -2.3435460728901263e-29
d 0 0 -3.8137704843280832e-28 0 0 -3.5017950484920834e-30 160 160 4.0831991164978396e-28 0 0 -2.3431318640548644e-29
d 0 0 -3.8138059110286255e-28 0 0 -3.4900840164991128e-30 160.625 160.625 4.0832174970768773e-28 0 0 -2.3427204401748933e-29
d 0 0 -3.8138411968577651e-28 0 0 -3.4360134372890381e-30 161.25 161.25 4.0832358083157298e-28 0 0 -2.3423117765375143e-29
d 0 0 -3.8138763430182352e-28 0 0 -3.5187124864714612e-30 161.875 161.875 4.0832540528174036e-28 0 0 -2.3419058475894498e-29
d 0 0 -3.8139113506893197e-28 0 0 -3.5210618593093795e-30 162.5 162.5 4.0832722328921334e-28 0 0 -2.3415026271267661e-29
d 0 0 -3.8139462210285024e-28 0 0 -3.5233916579431041e-30 163.125 163.125 4.0832903505997536e-28 0 0 -2.3411020884405588e-29
d 0 0 -3.8139809551729059e-28 0 0 -3.5257015174804011e-30 163.75 163.75 4.0833084077848752e-28 0 0 -2.3407042044266048e-29
d 0 0 -3.8140155542405469e-28 0 0 -3.5279898894788107e-30 164.375 164.375 4.0833264061063612e-28 0 0 -2.3403089476646851e-29
d 0 0 -3.8140500193314633e-28 0 0 -3.530249483206464e-30 165 165 4.0833443470621758e-28 0 0 -2.339916290471508e-29
d 0 0 -3.8140843515287264e-28 0 0 -3.5324610508406919e-30 165.625 165.625 4.0833622320104737e-28 0 0 -2.3395262049298792e-29
d 0 0 -3.8141185518993683e-28 0 0 -3.5345791115382052e-30 166.25 166.25 4.0833800621875839e-28 0 0 -2.3391386628957867e-29
d 0 0 -3.8141526214952466e-28 0 0 -3.5309643164325747e-30 166.875 166.875 4.083397838723406e-28 0 0 -2.3387536359843632e-29
d 0 0 -3.8141865613538501e-28 0 0 -3.5385796878874979e-30 167.5 167.5 4.0834155626546595e-28 0 0 -2.3383710955351471e-29
d 0 0 -3.8142203724990731e-28 0 0 -3.5391800018821007e-30 168.125 168.125 4.0834332349363071e-28 0 0 -2.3379910125567021e-29
d 0 0 -3.8142540559419578e-28 0 0 -3.5382933040724104e-30 168.75 168.75 4.0834508564514592e-28 0 0 -2.337613357650458e-29
d 0 0 -3.814287612681416e-28 0 0 -3.5335743167102051e-30 169.375 169.375 4.0834684280199764e-28 0 0 -2.3372381009136542e-29
d 0 0 -3.8143210437049384e-28 0 0 -3.5208728387406907e-30 170 170 4.0834859504059775e-28 0 0 -2.3368652118214145e-29
d 0 0 -3.8143543499892893e-28 0 0 -3.5012787518531091e-30 170.625 170.625 4.0835034243244071e-28 0 0 -2.3364946590885412e-29
d 0 0 -3.8143875325011898e-28 0 0 -3.4265298175462227e-30 171.25 171.25 4.0835208504468179e-28 0 0 -2.3361264105123615e-29
d 0 0 -3.8144205921979814e-28 0 0 -3.3451028610870849e-30 171.875 171.875 4.0835382294064539e-28 0 0 -2.3357604327991646e-29
d 0 0 -3.8144535300282651e-28 0 0 -3.5562362306257426e-30 172.5 172.5 4.0835555618027707e-28 0 0 -2.3353966913783907e-29
d 0 0 -3.8144699535376622e-28 0 0 -3.5518404883650498e-30 172.8125 172.8125 4.0835642107187671e-28 0 0 -2.3352156480780116e-29
d 0 0 -3.8144863469324984e-28 0 0 -3.5526762070705371e-30 173.125 173.125 4.0835728482054289e-28 0 0 -2.3350351502108272e-29
d 0 0 -3.8145190438435343e-28 0 0 -3.560346740386518e-30 173.75 173.75 4.0835900891578499e-28 0 0 -2.3346757715996445e-29
d 0 0 -3.8145516216870755e-28 0 0 -3.562381066986096e-30 174.375 174.375 4.0836072851803768e-28 0 0 -2.3343185160160988e-29
d 0 0 -3.8145840813820155e-28 0 0 -3.5644019622258231e-30 175 175 4.0836244367730682e-28 0 0 -2.3339633419549934e-29
d 0 0 -3.8146164238406297e-28 0 0 -3.5664043967288423e-30 175.625 175.625 4.0836415444181591e-28 0 0 -2.3336102058382592e-29
d 0 0 -3.8146486499685803e-28 0 0 -3.5684050649922986e-30 176.25 176.25 4.0836586085821802e-28 0 0 -2.3332590619878985e-29
d 0 0 -3.814680760664694e-28 0 0 -3.5703877515165129e-30 176.875 176.875 4.083675629717762e-28 0 0 -2.3329098626914519e-29
d 0 0 -3.8147127568204811e-28 0 0 -3.5723593435705424e-30 177.5 177.5 4.0836926082650881e-28 0 0 -2.3325625583834431e-29
d 0 0 -3.8147287122221626e-28 0 0 -3.5706240930456111e-30 177.8125 177.8125 4.0837010817025897e-28 0 0 -2.3323896009295615e-29
d 0 0 -3.8147446393193568e-28 0 0 -3.5720170081309666e-30 178.125 178.125 4.083709544653006e-28 0 0 -2.3322170979641815e-29
d 0 0 -3.8147764090355673e-28 0 0 -3.5761305316630754e-30 178.75 178.75 4.083726439299777e-28 0 0 -2.3318734292721242e-29
d 0 0 -3.8147922518705315e-28 0 0 -3.5760008699790764e-30 179.0625 179.0625 4.0837348710981445e-28 0 0 -2.3317022503855801e-29
d 0 0 -3.8148080668328008e-28 0 0 -3.5772450951781392e-30 179.375 179.375 4.083743292613453e-28 0 0 -2.3315314997173132e-29
d 0 0 -3.814839613562535e-28 0 0 -3.5754247855255292e-30 180 180 4.0837601049918862e-28 0 0 -2.3311912570710579e-29
d 0 0 -3.8148553455393778e-28 0 0 -3.5807115353499793e-30 180.3125 180.3125 4.0837684959518516e-28 0 0 -2.3310217523415394e-29
d 0 0 -3.8148710500621564e-28 0 0 -3.5817875601075589e-30 180.625 180.625 4.0837768768223946e-28 0 0 -2.3308526503916995e-29
d 0 0 -3.8148867272330113e-28 0 0 -3.5828315510479821e-30 180.9375 180.9375 4.0837852476501772e-28 0 0 -2.3306839452232006e-29
d 0 0 -3.81490237715295e-28 0 0 -3.583848867509399e-30 181.25 181.25 4.0837936084811081e-28 0 0 -2.3305156310491882e-29
d 0 0 -3.8149179999217821e-28 0 0 -3.5848447769883039e-30 181.5625 181.5625 4.0838019593603062e-28 0 0 -2.3303477023277597e-29
d 0 0 -3.8149335956380603e-28 0 0 -3.5858240594937316e-30 181.875 181.875 4.083810300332073e-28 0 0 -2.3301801537945028e-29
d 0 0 -3.8149491643990264e-28 0 0 -3.5867908065821861e-30 182.1875 182.1875 4.0838186314398502e-28 0 0 -2.3300129804934976e-29
d 0 0 -3.8149647063005554e-28 0 0 -3.5877483180867464e-30 182.5 182.5 4.0838269527261888e-28 0 0 -2.3298461778061601e-29
d 0 0 -3.8149802214371156e-28 0 0 -3.5886991068360224e-30 182.8125 182.8125 4.0838352642327088e-28 0 0 -2.3296797414773323e-29
d 0 0 -3.8149957099017246e-28 0 0 -3.5896449834005488e-30 183.125 183.125 4.0838435660000718e-28 0 0 -2.3295136676380579e-29
d 0 0 -3.8150111717859204e-28 0 0 -3.590587184279569e-30 183.4375 183.4375 4.0838518580679437e-28 0 0 -2.3293479528245393e-29
d 0 0 -3.8150266071797368e-28 0 0 -3.5915265062099301e-30 183.75 183.75 4.0838601404749698e-28 0 0 -2.3291825939928365e-29
d 0 0 -3.815042016167972e-28 0 0 -3.5924634140456161e-30 184.0625 184.0625 4.0838684132559921e-28 0 0 -2.329017590850666e-29
d 0 0 -3.8150573988109589e-28 0 0 -3.5933980209290996e-30 184.375 184.375 4.08387667642753e-28 0 0 -2.3288529580815942e-29
d 0 0 -3.8150727552155961e-28 0 0 -3.5943306117979995e-30 184.6875 184.6875 4.0838849300406403e-28 0 0 -2.3286886808146739e-29
d 0 0 -3.8150880854658687e-28 0 0 -3.2295738933697084e-30 185 185 4.0838931741295362e-28 0 0 -2.3285247578693045e-29
d 0 0 -3.8151033896442705e-28 0 0 -3.4363421909828643e-30 185.3125 185.3125 4.0839014087273339e-28 0 0 -2.3283611884837226e-29
d 0 0 -3.8151186678318273e-28 0 0 -3.5253564741812319e-30 185.625 185.625 4.083909633866063e-28 0 0 -2.3281979722999313e-29
d 0 0 -3.8151339201081307e-28 0 0 -3.5647307725045045e-30 185.9375 185.9375 4.0839178495766623e-28 0 0 -2.3280351093443076e-29
d 0 0 -3.8151491465513714e-28 0 0 -3.5831127310903118e-30 186.25 186.25 4.0839260558889936e-28 0 0 -2.3278726000043116e-29
d 0 0 -3.8151643472383799e-28 0 0 -3.5922474326743934e-30 186.5625 186.5625 4.0839342528318631e-28 0 0 -2.3277104450017929e-29
d 0 0 -3.8151795222446673e-28 0 0 -3.5971342765480741e-30 186.875 186.875 4.0839424404330305e-28 0 0 -2.327548645363455e-29
d 0 0 -3.815194671644469e-28 0 0 -3.5999848117335608e-30 187.1875 187.1875 4.0839506187192382e-28 0 0 -2.3273872023890802e-29
d 0 0 -3.8152097955107895e-28 0 0 -3.6018345515532656e-30 187.5 187.5 4.0839587877162309e-28 0 0 -2.3272261176181316e-29
d 0 0 -3.8152248939154416e-28 0 0 -3.6031904620007703e-30 187.8125 187.8125 4.0839669474487788e-28 0 0 -2.3270653927953652e-29
d 0 0 -3.8152399669290865e-28 0 0 -3.6043056713885124e-30 188.125 188.125 4.0839750979407073e-28 0 0 -2.3269050298360537e-29
d 0 0 -3.8152550146212687e-28 0 0 -3.6053059634028966e-30 188.4375 188.4375 4.0839832392149169e-28 0 0 -2.3267450307914106e-29
d 0 0 -3.8152700370604454e-28 0 0 -3.606252475729162e-30 188.75 188.75 4.0839913712934096e-28 0 0 -2.3265853978147407e-29
d 0 0 -3.8152850343140077e-28 0 0 -3.607174024982721e-30 189.0625 189.0625 4.0839994941973049e-28 0 0 -2.3264261331288005e-29
d 0 0 -3.815300006448299e-28 0 0 -3.6080837036112717e-30 189.375 189.375 4.0840076079468594e-28 0 0 -2.3262672389947834e-29
d 0 0 -3.8153149535286182e-28 0 0 -3.608987227109966e-30 189.6875 189.6875 4.0840157125614788e-28 0 0 -2.326108717683273e-29
d 0 0 -3.8153298756192196e-28 0 0 -3.6098869927963987e-30 190 190 4.0840238080597213e-28 0 0 -2.3259505714474417e-29
d 0 0 -3.8153447727832956e-28 0 0 -3.6107839558974732e-30 190.3125 190.3125 4.0840318944593045e-28 0 0 -2.3257928024986962e-29
d 0 0 -3.8153596450829554e-28 0 0 -3.6116784764488377e-30 190.625 190.625 4.0840399717770917e-28 0 0 -2.3256354129849074e-29
d 0 0 -3.8153893153317919e-28 0 0 -3.6101704701527179e-30 191.25 191.25 4.0840560992303933e-28 0 0 -2.3253217804239662e-29
d 0 0 -3.8154188868391083e-28 0 0 -3.6151354970502144e-30 191.875 191.875 4.0840721905367593e-28 0 0 -2.3250096890167362e-29
d 0 0 -3.8154483600569999e-28 0 0 -3.6169952941827994e-30 192.5 192.5 4.0840882457977953e-28 0 0 -2.3246991520475184e-29
d 0 0 -3.8154777354127827e-28 0 0 -3.6186411605613509e-30 193.125 193.125 4.0841042650975712e-28 0 0 -2.3243901805836694e-29
d 0 0 -3.8155070133041517e-28 0 0 -3.4957862611734482e-30 193.75 193.75 4.0841202484996677e-28 0 0 -2.3240827833610997e-29
d 0 0 -3.8155361940926225e-28 0 0 -3.6220556507408835e-30 194.375 194.375 4.0841361960430217e-28 0 0 -2.3237769667813118e-29
d 0 0 -3.8155652780947384e-28 0 0 -3.6239554291231055e-30 195 195 4.0841521077362015e-28 0 0 -2.323472734996231e-29
d 0 0 -3.815594265570232e-28 0 0 -3.5493896697079951e-30 195.625 195.625 4.0841679835495606e-28 0 0 -2.3231700900587099e-29
d 0 0 -3.8156231567059023e-28 0 0 -3.6273677423755952e-30 196.25 196.25 4.0841838234044388e-28 0 0 -2.3228690321198735e-29
d 0 0 -3.8156519515932755e-28 0 0 -3.4286809393678703e-30 196.875 196.875 4.0841996271580668e-28 0 0 -2.3225695596588561e-29
d 0 0 -3.8156806501969492e-28 0 0 -3.6307571488284566e-30 197.5 197.5 4.0842153945820973e-28 0 0 -2.3222716697358197e-29
d 0 0 -3.8156949633357079e-28 0 0 -3.6315968351162752e-30 197.8125 197.8125 4.0842232645683286e-28 0 0 -2.3221233169862015e-29
d 0 0 -3.8157092523085123e-28 0 0 -3.632433656431929e-30 198.125 198.125 4.0842311253312636e-28 0 0 -2.3219753582655951e-29
d 0 0 -3.8157235170509731e-28 0 0 -3.633268011759028e-30 198.4375 198.4375 4.0842389768017782e-28 0 0 -2.3218277929335752e-29
d 0 0 -3.8157377574773132e-28 0 0 -3.3337725752650405e-30 198.75 198.75 4.0842468188962339e-28 0 0 -2.3216806203178694e-29
d 0 0 -3.8157519734757369e-28 0 0 -3.4480133930160364e-30 199.0625 199.0625 4.0842546515133256e-28 0 0 -2.3215338397267099e-29
d 0 0 -3.815766164902471e-28 0 0 -3.5160710095785805e-30 199.375 199.375 4.0842624745300189e-28 0 0 -2.3213874504629477e-29
d 0 0 -3.8157803315739933e-28 0 0 -3.5577951474451551e-30 199.6875 199.6875 4.0842702877962532e-28 0 0 -2.3212414518406714e-29
d 0 0 -3.8157944732567385e-28 0 0 -3.5841760136916484e-30 200 200 4.0842780911279262e-28 0 0 -2.3210958432054154e-29
d 0 0 -3.8158085896532418e-28 0 0 -3.6014035099572686e-30 200.3125 200.3125 4.0842858842974492e-28 0 0 -2.3209506239595766e-29
d 0 0 -3.8158226803831247e-28 0 0 -3.6130309119307464e-30 200.625 200.625 4.0842936670207912e-28 0 0 -2.320805793595504e-29
d 0 0 -3.8158367449564534e-28 0 0 -3.6211430961778632e-30 200.9375 200.9375 4.0843014389393265e-28 0 0 -2.3206613517401075e-29
d 0 0 -3.8158507827354775e-28 0 0 -3.6269916207950844e-30 201.25 201.25 4.0843091995937629e-28 0 0 -2.3205172982171853e-29
d 0 0 -3.8158647928781269e-28 0 0 -3.6313460151671462e-30 201.5625 201.5625 4.0843169483856513e-28 0 0 -2.3203736331377918e-29
d 0 0 -3.8158787742517736e-28 0 0 -3.6346915936929226e-30 201.875 201.875 4.0843246845186426e-28 0 0 -2.3202303570365652e-29
d 0 0 -3.8158927252963768e-28 0 0 -3.6373415773792036e-30 202.1875 202.1875 4.084332406905277e-28 0 0 -2.3200874710866213e-29
d 0 0 -3.8159066437968775e-28 0 0 -3.6395031191436264e-30 202.5 202.5 4.0843401140119737e-28 0 0 -2.3199449774558035e-29
d 0 0 -3.8159205264821435e-28 0 0 -3.6413159898345129e-30 202.8125 202.8125 4.0843478035859405e-28 0 0 -2.3198028799338473e-29
d 0 0 -3.815934368264985e-28 0 0 -3.6428767280581121e-30 203.125 203.125 4.0843554721377202e-28 0 0 -2.3196611851216344e-29
d 0 0 -3.8159481606589217e-28 0 0 -3.6436644660450143e-30 203.4375 203.4375 4.0843631138633488e-28 0 0 -2.3195199049128086e-29
d 0 0 -3.8159618880269439e-28 0 0 -3.6450065935392745e-30 203.75 203.75 4.0843707180908627e-28 0 0 -2.3193790623873512e-29
d 0 0 -3.8159755168798945e-28 0 0 -3.6462345104514695e-30 204.0625 204.0625 4.08437826199657e-28 0 0 -2.3192387086733989e-29
d 0 0 -3.8159889550272134e-28 0 0 -3.6473947294716225e-30 204.375 204.375 4.0843856828060069e-28 0 0 -2.3190989875414609e-29
d 0 0 -3.8160018061077244e-28 0 0 -3.6486078609208157e-30 204.6875 204.6875 4.0843927107711868e-28 0 0 -2.3189605256886461e-29
d 0 0 -3.8160129178900968e-28 0 0 -3.6497344229985995e-30 205 205 4.0843985618630072e-28 0 0 -2.3188251701620599e-29
d 0 0 -3.8160235158524822e-28 0 0 -3.6506401069854598e-30 205.3125 205.3125 4.0844040695696191e-28 0 0 -2.3186909905029931e-29
d 0 0 -3.8160355498288925e-28 0 0 -3.6514006541606505e-30 205.625 205.625 4.0844105597223737e-28 0 0 -2.3185547872789297e-29
d 0 0 -3.8160487295794606e-28 0 0 -3.6522594041752694e-30 205.9375 205.9375 4.0844178351620684e-28 0 0 -2.3184170107367092e-29
d 0 0 -3.8160621787951796e-28 0 0 -3.653112085600482e-30 206.25 206.25 4.0844253002720286e-28 0 0 -2.3182791088747113e-29
d 0 0 -3.8160757181715476e-28 0 0 -3.6539508503523944e-30 206.5625 206.5625 4.0844328331898537e-28 0 0 -2.3181413793886728e-29
d 0 0 -3.8160892940141652e-28 0 0 -3.654776422044715e-30 206.875 206.875 4.0844403974159349e-28 0 0 -2.3180039110454495e-29
d 0 0 -3.8161028837696264e-28 0 0 -3.6554741035599909e-30 207.1875 207.1875 4.0844479776099076e-28 0 0 -2.3178667405733299e-29
d 0 0 -3.8161164759650338e-28 0 0 -3.6562908733513001e-30 207.5 207.5 4.0844555659590247e-28 0 0 -2.3177298861137671e-29
d 0 0 -3.816130064011901e-28 0 0 -3.6570976292597899e-30 207.8125 207.8125 4.0844631579682582e-28 0 0 -2.3175933575868324e-29
d 0 0 -3.8161436437982383e-28 0 0 -3.6578955697853428e-30 208.125 208.125 4.0844707508246687e-28 0 0 -2.317457160732703e-29
d 0 0 -3.8161572125979406e-28 0 0 -3.6586859843143179e-30 208.4375 208.4375 4.084478342656231e-28 0 0 -2.3173212989440659e-29
d 0 0 -3.8161707685195938e-28 0 0 -3.6594697348231257e-30 208.75 208.75 4.0844859321578235e-28 0 0 -2.3171857741987368e-29
d 0 0 -3.8161843102039071e-28 0 0 -3.6602475714989995e-30 209.0625 209.0625 4.0844935183855802e-28 0 0 -2.3170505875703288e-29
d 0 0 -3.8161978366465567e-28 0 0 -3.6610201182313095e-30 209.375 209.375 4.084501100636633e-28 0 0 -2.3169157395291351e-29
d 0 0 -3.8162113470889378e-28 0 0 -3.6617878753341012e-30 209.6875 209.6875 4.0845086783749398e-28 0 0 -2.3167812301280808e-29
d 0 0 -3.816224840947856e-28 0 0 -3.6625512659787617e-30 210 210 4.0845162511835521e-28 0 0 -2.3166470591227713e-29
d 0 0 -3.8162383177686355e-28 0 0 -3.6633106425015208e-30 210.3125 210.3125 4.0845238187327895e-28 0 0 -2.3165132260518193e-29
d 0 0 -3.8162517771928802e-28 0 0 -3.6640662896203024e-30 210.625 210.625 4.0845313807583567e-28 0 0 -2.3163797302922565e-29
d 0 0 -3.8162652189357283e-28 0 0 -3.6648184568490598e-30 210.9375 210.9375 4.084538937045913e-28 0 0 -2.3162465710987702e-29
d 0 0 -3.8162786427694269e-28 0 0 -3.6655673456622171e-30 211.25 211.25 4.0845464874199199e-28 0 0 -2.3161137476321276e-29
d 0 0 -3.8162920485112408e-28 0 0 -3.6663131282484267e-30 211.5625 211.5625 4.0845540317354439e-28 0 0 -2.3159812589801817e-29
d 0 0 -3.8163054360143871e-28 0 0 -3.6670559543991756e-30 211.875 211.875 4.0845615698720059e-28 0 0 -2.3158491041736693e-29
d 0 0 -3.8163188051611338e-28 0 0 -3.6677959473429404e-30 212.1875 212.1875 4.084569101728897e-28 0 0 -2.315717282198281e-29
d 0 0 -3.8163321558574679e-28 0 0 -3.668533212416845e-30 212.5 212.5 4.0845766272215667e-28 0 0 -2.3155857920040097e-29
d 0 0 -3.8163454880289265e-28 0 0 -3.6692678474877485e-30 212.8125 212.8125 4.0845841462787913e-28 0 0 -2.3154546325124844e-29
d 0 0 -3.8163588016172961e-28 0 0 -3.6699999273991737e-30 213.125 213.125 4.0845916588404402e-28 0 0 -2.315323802622787e-29
d 0 0 -3.8163720965779744e-28 0 0 -3.6707295246013663e-30 213.4375 213.4375 4.0845991648556836e-28 0 0 -2.3151933012161132e-29
d 0 0 -3.8163853728778359e-28 0 0 -3.6714567012985633e-30 213.75 213.75 4.0846066642815473e-28 0 0 -2.3150631271595411e-29
d 0 0 -3.8163986304934975e-28 0 0 -3.6721815093138509e-30 214.0625 214.0625 4.0846141570817372e-28 0 0 -2.3149332793091031e-29
d 0 0 -3.8164118694098907e-28 0 0 -3.6729039935014581e-30 214.375 214.375 4.0846216432256698e-28 0 0 -2.3148037565123104e-29
d 0 0 -3.816425089619079e-28 0 0 -3.6736242006662973e-30 214.6875 214.6875 4.0846291226876723e-28 0 0 -2.314674557610239e-29
d 0 0 -3.8164382911192733e-28 0 0 -3.6743421664959307e-30 215 215 4.0846365954463123e-28 0 0 -2.3145456814392665e-29
d 0 0 -3.8164514739140051e-28 0 0 -3.6750579255411012e-30 215.3125 215.3125 4.0846440614838432e-28 0 0 -2.3144171268325257e-29
d 0 0 -3.8164646380114273e-28 0 0 -3.6757715047237798e-30 215.625 215.625 4.0846515207857239e-28 0 0 -2.3142888926211247e-29
d 0 0 -3.8164777834237205e-28 0 0 -3.6764829374478782e-30 215.9375 215.9375 4.0846589733402184e-28 0 0 -2.3141609776351809e-29
d 0 0 -3.8164909101665882e-28 0 0 -3.6771922448532163e-30 216.25 216.25 4.0846664191380562e-28 0 0 -2.3140333807046942e-29
d 0 0 -3.8165040182588196e-28 0 0 -3.6778994524623085e-30 216.5625 216.5625 4.0846738581721325e-28 0 0 -2.3139061006602946e-29
d 0 0 -3.8165171077219133e-28 0 0 -3.6786045806154134e-30 216.875 216.875 4.084681290437253e-28 0 0 -2.3137791363338777e-29
d 0 0 -3.8165301785797544e-28 0 0 -3.6793076493347963e-30 217.1875 217.1875 4.0846887159299182e-28 0 0 -2.3136524865591497e-29
d 0 0 -3.8165432308583294e-28 0 0 -3.6800086761987376e-30 217.5 217.5 4.0846961346481273e-28 0 0 -2.3135261501720971e-29
d 0 0 -3.8165562645854785e-28 0 0 -3.6807076801271948e-30 217.8125 217.8125 4.0847035465912085e-28 0 0 -2.3134001260113883e-29
d 0 0 -3.8165692797906775e-28 0 0 -3.6814046764499662e-30 218.125 218.125 4.0847109517596739e-28 0 0 -2.3132744129187235e-29
d 0 0 -3.816582276504846e-28 0 0 -3.6820996797243357e-30 218.4375 218.4375 4.0847183501550904e-28 0 0 -2.3131490097391325e-29
d 0 0 -3.8165952547601793e-28 0 0 -3.6827927076343236e-30 218.75 218.75 4.0847257417799609e-28 0 0 -2.3130239153212374e-29
d 0 0 -3.8166082145899948e-28 0 0 -3.6834837697619239e-30 219.0625 219.0625 4.0847331266376207e-28 0 0 -2.3128991285174745e-29
d 0 0 -3.8166211560285974e-28 0 0 -3.6841728826393007e-30 219.375 219.375 4.0847405047321523e-28 0 0 -2.3127746481842911e-29
d 0 0 -3.8166340791111619e-28 0 0 -3.6848600569493936e-30 219.6875 219.6875 4.0847478760682945e-28 0 0 -2.3126504731823134e-29
d 0 0 -3.8166469838736215e-28 0 0 -3.6855453051481017e-30 220 220 4.0847552406513754e-28 0 0 -2.312526602376493e-29
d 0 0 -3.8166598703525711e-28 0 0 -3.6862286392208609e-30 220.3125 220.3125 4.0847625984872441e-28 0 0 -2.3124030346362323e-29
d 0 0 -3.8166727385851792e-28 0 0 -3.6869100710560647e-30 220.625 220.625 4.0847699495822053e-28 0 0 -2.3122797688354946e-29
d 0 0 -3.8166855886091053e-28 0 0 -3.6875896100846675e-30 220.9375 220.9375 4.0847772939429718e-28 0 0 -2.3121568038528982e-29
d 0 0 -3.8166984204624287e-28 0 0 -3.6882672681771226e-30 221.25 221.25 4.0847846315766079e-28 0 0 -2.3120341385717973e-29
d 0 0 -3.8167112341835795e-28 0 0 -3.6889430553596658e-30 221.5625 221.5625 4.0847919624904848e-28 0 0 -2.3119117718803515e-29
d 0 0 -3.8167240298112745e-28 0 0 -3.6896169801764517e-30 221.875 221.875 4.0847992866922389e-28 0 0 -2.3117897026715865e-29
d 0 0 -3.8167368073844624e-28 0 0 -3.6902890543027215e-30 222.1875 222.1875 4.08480660418973e-28 0 0 -2.311667929843443e-29
d 0 0 -3.8167495669422672e-28 0 0 -3.6909592863192774e-30 222.5 222.5 4.0848139149910054e-28 0 0 -2.3115464522988214e-29
d 0 0 -3.8167623085239381e-28 0 0 -3.6916276863690917e-30 222.8125 222.8125 4.0848212191042621e-28 0 0 -2.3114252689456165e-29
d 0 0 -3.8167750321688026e-28 0 0 -3.6922942621133441e-30 223.125 223.125 4.0848285165378165e-28 0 0 -2.3113043786967482e-29
d 0 0 -3.816787737916219e-28 0 0 -3.6929590241301011e-30 223.4375 223.4375 4.0848358073000728e-28 0 0 -2.3111837804701867e-29
d 0 0 -3.8168004258055335e-28 0 0 -3.6936219813389224e-30 223.75 223.75 4.0848430913994889e-28 0 0 -2.3110634731889707e-29
d 0 0 -3.816813095876039e-28 0 0 -3.6942831415918123e-30 224.0625 224.0625 4.0848503688445507e-28 0 0 -2.3109434557812264e-29
d 0 0 -3.8168257481669324e-28 0 0 -3.6949351365776985e-30 224.375 224.375 4.0848576396437423e-28 0 0 -2.3108237271801769e-29
d 0 0 -3.8168383827172759e-28 0 0 -3.6955928669565e-30 224.6875 224.6875 4.0848649038055153e-28 0 0 -2.3107042863241534e-29
d 0 0 -3.8168509995659563e-28 0 0 -3.6962488210145332e-30 225 225 4.0848721613382649e-28 0 0 -2.3105851321566009e-29
d 0 0 -3.8168635987516462e-28 0 0 -3.696903004858406e-30 225.3125 225.3125 4.0848794122502986e-28 0 0 -2.3104662636260834e-29
d 0 0 -3.8168761803127619e-28 0 0 -3.6975554278678015e-30 225.625 225.625 4.0848866565498097e-28 0 0 -2.3103476796862851e-29
d 0 0 -3.8168887442874262e-28 0 0 -3.6982060989792828e-30 225.9375 225.9375 4.0848938942448483e-28 0 0 -2.3102293792960124e-29
d 0 0 -3.816901290713425e-28 0 0 -3.6988550258116464e-30 226.25 226.25 4.0849011253432903e-28 0 0 -2.3101113614191923e-29
d 0 0 -3.816913819628164e-28 0 0 -3.699502215541508e-30 226.5625 226.5625 4.0849083498528098e-28 0 0 -2.3099936250248717e-29
d 0 0 -3.816926331068626e-28 0 0 -3.7001476787273103e-30 226.875 226.875 4.0849155677808444e-28 0 0 -2.3098761690872141e-29
d 0 0 -3.8169388250713228e-28 0 0 -3.700791420942566e-30 227.1875 227.1875 4.0849227791345623e-28 0 0 -2.3097589925854978e-29
d 0 0 -3.8169513016722468e-28 0 0 -3.7014334517134833e-30 227.5 227.5 4.0849299839208316e-28 0 0 -2.3096420945041123e-29
d 0 0 -3.8169637609068189e-28 0 0 -3.702073778590564e-30 227.8125 227.8125 4.0849371821461738e-28 0 0 -2.3095254738325561e-29
d 0 0 -3.8169762028098311e-28 0 0 -3.7027124070207041e-30 228.125 228.125 4.0849443738167334e-28 0 0 -2.3094091295654326e-29
d 0 0 -3.8169886274153872e-28 0 0 -3.7033493484230934e-30 228.4375 228.4375 4.0849515589382284e-28 0 0 -2.3092930607024509e-29
d 0 0 -3.8170010347568378e-28 0 0 -3.7039846075412883e-30 228.75 228.75 4.0849587375159052e-28 0 0 -2.3091772662484223e-29
d 0 0 -3.8170134248667081e-28 0 0 -3.704618193713866e-30 229.0625 229.0625 4.0849659095544876e-28 0 0 -2.3090617452132628e-29
d 0 0 -3.8170257977766209e-28 0 0 -3.7052501136315981e-30 229.375 229.375 4.0849730750581207e-28 0 0 -2.3089464966119947e-29
d 0 0 -3.8170381535172097e-28 0 0 -3.7058803748578983e-30 229.6875 229.6875 4.0849802340303074e-28 0 0 -2.30883151946475e-29
d 0 0 -3.8170504921180251e-28 0 0 -3.7065089847707516e-30 230 230 4.084987386473846e-28 0 0 -2.3087168127967793e-29
d 0 0 -3.817062813607428e-28 0 0 -3.7071359503719434e-30 230.3125 230.3125 4.0849945323907479e-28 0 0 -2.3086023756384608e-29
d 0 0 -3.8170751180124748e-28 0 0 -3.7077612803396212e-30 230.625 230.625 4.0850016717821567e-28 0 0 -2.3084882070253142e-29
d 0 0 -3.8170874053587824e-28 0 0 -3.7083849809177852e-30 230.9375 230.9375 4.0850088046482544e-28 0 0 -2.3083743059980198e-29
d 0 0 -3.8170996756703833e-28 0 0 -3.7090070604553739e-30 231.25 231.25 4.0850159309881541e-28 0 0 -2.3082606716024412e-29
d 0 0 -3.8171119289695573e-28 0 0 -3.7096275249665093e-30 231.5625 231.5625 4.0850230507997786e-28 0 0 -2.3081473028896561e-29
d 0 0 -3.8171241652766426e-28 0 0 -3.710246382269138e-30 231.875 231.875 4.0850301640797299e-28 0 0 -2.3080341989159939e-29
d 0 0 -3.8171363846098211e-28 0 0 -3.710863639885683e-30 232.1875 232.1875 4.0850372708231301e-28 0 0 -2.3079213587430808e-29
d 0 0 -3.8171485869848708e-28 0 0 -3.7114793047830289e-30 232.5 232.5 4.0850443710234459e-28 0 0 -2.307808781437898e-29
d 0 0 -3.8171607724148854e-28 0 0 -3.7120933845328776e-30 232.8125 232.8125 4.08505146467229e-28 0 0 -2.3076964660728493e-29
d 0 0 -3.8171729409099475e-28 0 0 -3.7127058864265206e-30 233.125 233.125 4.0850585517591829e-28 0 0 -2.3075844117258464e-29
d 0 0 -3.8171850924767516e-28 0 0 -3.7133168180097266e-30 233.4375 233.4375 4.0850656322712849e-28 0 0 -2.3074726174804095e-29
d 0 0 -3.8171972271181674e-28 0 0 -3.7139261870312698e-30 233.75 233.75 4.0850727061930832e-28 0 0 -2.3073610824257916e-29
d 0 0 -3.817209344832726e-28 0 0 -3.7145340008816038e-30 234.0625 234.0625 4.0850797735060244e-28 0 0 -2.3072498056571261e-29
d 0 0 -3.8172214456140195e-28 0 0 -3.7151402655994241e-30 234.375 234.375 4.085086834188085e-28 0 0 -2.3071387862756081e-29
d 0 0 -3.8172335294499905e-28 0 0 -3.7157449914040822e-30 234.6875 234.6875 4.0850938882132604e-28 0 0 -2.3070280233887128e-29
d 0 0 -3.8172455963220889e-28 0 0 -3.7163481842832724e-30 235 235 4.0851009355509632e-28 0 0 -2.3069175161104605e-29
d 0 0 -3.8172576462042645e-28 0 0 -3.7169498525573895e-30 235.3125 235.3125 4.0851079761653034e-28 0 0 -2.3068072635617405e-29
d 0 0 -3.8172696790617565e-28 0 0 -3.7175500043230778e-30 235.625 235.625 4.0851150100142184e-28 0 0 -2.3066972648707069e-29
d 0 0 -3.8172816948496311e-28 0 0 -3.7181486483790231e-30 235.9375 235.9375 4.0851220370484303e-28 0 0 -2.3065875191732652e-29
d 0 0 -3.8172936935109946e-28 0 0 -3.7187457926961655e-30 236.25 236.25 4.0851290572101633e-28 0 0 -2.306478025613672e-29
d 0 0 -3.8173056749748045e-28 0 0 -3.7193414472342395e-30 236.5625 236.5625 4.0851360704315829e-28 0 0 -2.3063687833452803e-29
d 0 0 -3.8173176391531592e-28 0 0 -3.7199356199184393e-30 236.875 236.875 4.0851430766328515e-28 0 0 -2.3062597915314738e-29
d 0 0 -3.8173295859379132e-28 0 0 -3.7205283209703269e-30 237.1875 237.1875 4.0851500757197094e-28 0 0 -2.3061510493468377e-29
d 0 0 -3.8173415151964121e-28 0 0 -3.7211195609972098e-30 237.5 237.5 4.0851570675804249e-28 0 0 -2.3060425559786524e-29
d 0 0 -3.8173534267660639e-28 0 0 -3.7217093508640009e-30 237.8125 237.8125 4.0851640520819109e-28 0 0 -2.3059343106288007e-29
d 0 0 -3.8173653204473547e-28 0 0 -3.7222977028430922e-30 238.125 238.125 4.0851710290647281e-28 0 0 -2.3058263125162395e-29
d 0 0 -3.8173771959947525e-28 0 0 -3.7228846292477149e-30 238.4375 238.4375 4.0851779983365805e-28 0 0 -2.3057185608802282e-29
d 0 0 -3.8173890531047184e-28 0 0 -3.7234701454700313e-30 238.75 238.75 4.0851849596637442e-28 0 0 -2.3056110549846017e-29
d 0 0 -3.8174008913996793e-28 0 0 -3.7240542675293912e-30 239.0625 239.0625 4.0851919127596035e-28 0 0 -2.3055037941234935e-29
d 0 0 -3.8174127104062997e-28 0 0 -3.7246370135577117e-30 239.375 239.375 4.0851988572691139e-28 0 0 -2.3053967776291052e-29
d 0 0 -3.8174245095255532e-28 0 0 -3.7252184059956989e-30 239.6875 239.6875 4.0852057927474023e-28 0 0 -2.3052900048824084e-29
d 0 0 -3.8174362879908319e-28 0 0 -3.7257984705767629e-30 240 240 4.0852127186298159e-28 0 0 -2.3051834753281017e-29
d 0 0 -3.81744804480833e-28 0 0 -3.7263772399014313e-30 240.3125 240.3125 4.0852196341892874e-28 0 0 -2.3050771884958253e-29
d 0 0 -3.8174597786708288e-28 0 0 -3.7269547524696025e-30 240.625 240.625 4.08522653847469e-28 0 0 -2.3049711440306641e-29
d 0 0 -3.8174714878312754e-28 0 0 -3.7275310599332359e-30 240.9375 240.9375 4.0852334302204272e-28 0 0 -2.3048653417374449e-29
d 0 0 -3.8174831699159413e-28 0 0 -3.7281062290604213e-30 241.25 241.25 4.085240307712804e-28 0 0 -2.3047597816451983e-29
d 0 0 -3.8174948216497209e-28 0 0 -3.7286803495815597e-30 241.5625 241.5625 4.0852471685935126e-28 0 0 -2.3046544640994788e-29
d 0 0 -3.817506438466122e-28 0 0 -3.7292535443906429e-30 241.875 241.875 4.08525400958053e-28 0 0 -2.304549389887231e-29
d 0 0 -3.8175180140085549e-28 0 0 -3.7298259821046994e-30 242.1875 242.1875 4.0852608261109179e-28 0 0 -2.3044445603797353e-29
d 0 0 -3.817529539657368e-28 0 0 -3.7303978902134737e-30 242.5 242.5 4.0852676120012545e-28 0 0 -2.3043399776201918e-29
d 0 0 -3.8175410044202073e-28 0 0 -3.7309695570531279e-30 242.8125 242.8125 4.0852743593665788e-28 0 0 -2.3042356441975046e-29
d 0 0 -3.817552394987465e-28 0 0 -3.7315413369947741e-30 243.125 243.125 4.0852810586570092e-28 0 0 -2.3041315629700179e-29
d 0 0 -3.8175636919194911e-28 0 0 -3.7321137610706926e-30 243.4375 243.4375 4.085287695932764e-28 0 0 -2.3040277381491451e-29
d 0 0 -3.8175748489005496e-28 0 0 -3.7326881242678744e-30 243.75 243.75 4.0852942380410999e-28 0 0 -2.3039241821656318e-29
d 0 0 -3.8175857188544916e-28 0 0 -3.7332685808082772e-30 244.0625 244.0625 4.0853005798184254e-28 0 0 -2.3038209396926714e-29
d 0 0 -3.817596148514367e-28 0 0 -3.7338657506683882e-30 244.375 244.375 4.0853066118603586e-28 0 0 -2.3037180583930004e-29
d 0 0 -3.8176061293902005e-28 0 0 -3.7344645850428209e-30 244.6875 244.6875 4.0853123347080843e-28 0 0 -2.3036155946746515e-29
d 0 0 -3.8176157366620877e-28 0 0 -3.7350785341241353e-30 245 245 4.0853180801932714e-28 0 0 -2.303515581899442e-29
d 0 0 -3.8176257571047895e-28 0 0 -3.7365329552058001e-30 245.3125 245.3125 4.0853564624046719e-28 0 0 -2.3036537574782441e-29
d 0 0 -3.8176780615244229e-28 0 0 -3.7726784798149699e-30 245.625 245.625 4.0867803721561942e-28 0 0 -2.3137552583441989e-29
d 0 0 -3.8177011408318051e-28 0 0 -3.7850281718708983e-30 245.9375 245.9375 4.0872525723274572e-28 0 0 -2.3170114977774639e-29
d 0 0 -3.8177102617930622e-28 0 0 -3.7860038241530092e-30 246.25 246.25 4.0872704626652378e-28 0 0 -2.3170016263144782e-29
d 0 0 -3.8177190329220154e-28 0 0 -3.786688046235604e-30 246.5625 246.5625 4.0872771614261191e-28 0 0 -2.3169124804254957e-29
d 0 0 -3.8177277493517504e-28 0 0 -3.7873326834635975e-30 246.875 246.875 4.087282387963299e-28 0 0 -2.3168131177771414e-29
d 0 0 -3.81773645474047e-28 0 0 -3.7879746379327211e-30 247.1875 247.1875 4.0872875747536475e-28 0 0 -2.3167137363465137e-29
d 0 0 -3.8177451495237588e-28 0 0 -3.788614264982668e-30 247.5 247.5 4.0872927351263604e-28 0 0 -2.3166144295357633e-29
d 0 0 -3.8177538338015511e-28 0 0 -3.7892516364269996e-30 247.8125 247.8125 4.0872978714084156e-28 0 0 -2.3165152124339603e-29
d 0 0 -3.8177625076618934e-28 0 0 -3.789886814267322e-30 248.125 248.125 4.0873029855522805e-28 0 0 -2.3164160974851457e-29
d 0 0 -3.817771171184547e-28 0 0 -3.7905198537726947e-30 248.4375 248.4375 4.0873080792550258e-28 0 0 -2.3163170953355378e-29
d 0 0 -3.8177798244423091e-28 0 0 -3.7911508046208588e-30 248.75 248.75 4.0873131540024117e-28 0 0 -2.3162182151469527e-29
d 0 0 -3.8177884675020488e-28 0 0 -3.7917797117976223e-30 249.0625 249.0625 4.0873182111036097e-28 0 0 -2.3161194648438619e-29
d 0 0 -3.8177971004255348e-28 0 0 -3.7924066163169154e-30 249.375 249.375 4.0873232517190627e-28 0 0 -2.3160208513116089e-29
d 0 0 -3.8178057232700966e-28 0 0 -3.7930315558032473e-30 249.6875 249.6875 4.0873282768830023e-28 0 0 -2.3159223805567616e-29
d 0 0 -3.8178143360891639e-28 0 0 -3.793654564966556e-30 250 250 4.0873332875218068e-28 0 0 -2.3158240578378155e-29
d 0 0 -3.8178229389326959e-28 0 0 -3.7942756759916783e-30 250.3125 250.3125 4.0873382844690553e-28 0 0 -2.3157258877724821e-29
d 0 0 -3.8178315318475328e-28 0 0 -3.794894918830666e-30 250.625 250.625 4.0873432684779658e-28 0 0 -2.3156278744263423e-29
d 0 0 -3.8178401148776811e-28 0 0 -3.7955123215897837e-30 250.9375 250.9375 4.0873482402317316e-28 0 0 -2.3155300213865753e-29
d 0 0 -3.81784868806454e-28 0 0 -3.7961279105762218e-30 251.25 251.25 4.0873532003521659e-28 0 0 -2.3154323318236563e-29
d 0 0 -3.8178572514470849e-28 0 0 -3.7967417106051174e-30 251.5625 251.5625 4.0873581494069664e-28 0 0 -2.3153348085432956e-29
d 0 0 -3.8178658050620099e-28 0 0 -3.7973537451304399e-30 251.875 251.875 4.087363087915862e-28 0 0 -2.3152374540304372e-29
d 0 0 -3.8178743489438392e-28 0 0 -3.7979640363818271e-30 252.1875 252.1875 4.0873680163558384e-28 0 0 -2.3151402704867414e-29
d 0 0 -3.8178828831250051e-28 0 0 -3.7985726054813281e-30 252.5 252.5 4.0873729351655994e-28 0 0 -2.3150432598627182e-29
d 0 0 -3.817891407635905e-28 0 0 -3.7991794725444683e-30 252.8125 252.8125 4.0873778447494041e-28 0 0 -2.3149464238854307e-29
d 0 0 -3.817899922504927e-28 0 0 -3.7997846567677199e-30 253.125 253.125 4.0873827454803719e-28 0 0 -2.3148497640825324e-29
d 0 0 -3.8179084277584592e-28 0 0 -3.8003881765044756e-30 253.4375 253.4375 4.0873876377033442e-28 0 0 -2.3147532818032422e-29
d 0 0 -3.8179169234208715e-28 0 0 -3.8009900493314916e-30 253.75 253.75 4.0873925217373821e-28 0 0 -2.3146569782367655e-29
d 0 0 -3.8179254095144763e-28 0 0 -3.8015902921073603e-30 254.0625 254.0625 4.0873973978779295e-28 0 0 -2.3145608544285745e-29
d 0 0 -3.817933886059466e-28 0 0 -3.8021889210238745e-30 254.375 254.375 4.0874022663987172e-28 0 0 -2.3144649112948873e-29
d 0 0 -3.817942353073824e-28 0 0 -3.8027859516512574e-30 254.6875 254.6875 4.0874071275534264e-28 0 0 -2.314369149635638e-29
d 0 0 -3.817950810573208e-28 0 0 -3.8033813989782996e-30 255 255 4.0874119815771362e-28 0 0 -2.3142735701461731e-29
d 0 0 -3.8179592585708051e-28 0 0 -3.8039752774480774e-30 255.3125 255.3125 4.0874168286876044e-28 0 0 -2.3141781734278867e-29
d 0 0 -3.817967697077148e-28 0 0 -3.8045676009890187e-30 255.625 255.625 4.0874216690863677e-28 0 0 -2.3140829599979689e-29
d 0 0 -3.8179761260998944e-28 0 0 -3.8051583830429406e-30 255.9375 255.9375 4.0874265029597006e-28 0 0 -2.3139879302984291e-29
d 0 0 -3.8179845456435576e-28 0 0 -3.8057476365889032e-30 256.25 256.25 4.087431330479436e-28 0 0 -2.3138930847045354e-29
d 0 0 -3.8179929557091796e-28 0 0 -3.8063353741645307e-30 256.5625 256.5625 4.0874361518036431e-28 0 0 -2.3137984235328027e-29
d 0 0 -3.8180013562939414e-28 0 0 -3.806921607883944e-30 256.875 256.875 4.0874409670771868e-28 0 0 -2.313703947048664e-29
d 0 0 -3.8180097473906856e-28 0 0 -3.8075063494524139e-30 257.1875 257.1875 4.087445776432148e-28 0 0 -2.3136096554739487e-29
d 0 0 -3.8180181289873451e-28 0 0 -3.8080896101793062e-30 257.5 257.5 4.0874505799881147e-28 0 0 -2.3135155489943135e-29
d 0 0 -3.8180265010662464e-28 0 0 -3.8086714009853707e-30 257.8125 257.8125 4.0874553778523236e-28 0 0 -2.3134216277667711e-29
d 0 0 -3.8180348636032576e-28 0 0 -3.8092517324088166e-30 258.125 258.125 4.0874601701196424e-28 0 0 -2.3133278919274991e-29
d 0 0 -3.8180432165667452e-28 0 0 -3.8098306146064754e-30 258.4375 258.4375 4.0874649568723715e-28 0 0 -2.3132343416001318e-29
d 0 0 -3.818051559916286e-28 0 0 -3.8104080573510185e-30 258.75 258.75 4.0874697381798243e-28 0 0 -2.3131409769048063e-29
d 0 0 -3.8180598936010555e-28 0 0 -3.810984070021839e-30 259.0625 259.0625 4.0874745140976509e-28 0 0 -2.3130477979682872e-29
d 0 0 -3.8180682175578115e-28 0 0 -3.8115586615908674e-30 259.375 259.375 4.0874792846668284e-28 0 0 -2.312954804935615e-29
d 0 0 -3.8180765317083284e-28 0 0 -3.8121318405984578e-30 259.6875 259.6875 4.0874840499122457e-28 0 0 -2.3128619979838671e-29
d 0 0 -3.8180848359561032e-28 0 0 -3.8127036151200658e-30 260 260 4.0874888098407331e-28 0 0 -2.3127693773388408e-29
d 0 0 -3.8180931301820792e-28 0 0 -3.8132739927175609e-30 260.3125 260.3125 4.0874935644383771e-28 0 0 -2.3126769432957957e-29
d 0 0 -3.8181014142390035e-28 0 0 -3.8138429803716171e-30 260.625 260.625 4.0874983136668489e-28 0 0 -2.31258469624589e-29
d 0 0 -3.8181096879438752e-28 0 0 -3.8144105843875662e-30 260.9375 260.9375 4.0875030574583571e-28 0 0 -2.3124926367106997e-29
d 0 0 -3.8181179510676533e-28 0 0 -3.8149768102621058e-30 261.25 261.25 4.087507795708647e-28 0 0 -2.3124007653884146e-29
d 0 0 -3.8181262033209445e-28 0 0 -3.8155416624951625e-30 261.5625 261.5625 4.087512528267144e-28 0 0 -2.312309083217251e-29
d 0 0 -3.8181344443336409e-28 0 0 -3.8161051443161317e-30 261.875 261.875 4.0875172549228043e-28 0 0 -2.3122175914648743e-29
d 0 0 -3.818142673625172e-28 0 0 -3.8166672572824949e-30 262.1875 262.1875 4.0875219753833271e-28 0 0 -2.3121262918582667e-29
d 0 0 -3.8181508905596878e-28 0 0 -3.8172280006661221e-30 262.5 262.5 4.0875266892437019e-28 0 0 -2.312035186778652e-29
d 0 0 -3.8181590942760381e-28 0 0 -3.8177873704918111e-30 262.8125 262.8125 4.0875313959369593e-28 0 0 -2.3119442795653572e-29
d 0 0 -3.8181672835735241e-28 0 0 -3.8183453579600263e-30 263.125 263.125 4.0875360946536697e-28 0 0 -2.3118535750110448e-29
d 0 0 -3.8181754567153522e-28 0 0 -3.8189019467092145e-30 263.4375 263.4375 4.0875407842037645e-28 0 0 -2.3117630802133198e-29
d 0 0 -3.818183611067488e-28 0 0 -3.8194571225198222e-30 263.75 263.75 4.0875454627599433e-28 0 0 -2.3116728061396481e-29
d 0 0 -3.8181998431560397e-28 0 0 -3.8205628959243725e-30 264.375 264.375 4.0875547727188013e-28 0 0 -2.3114930060351802e-29
d 0 0 -3.8182078984662735e-28 0 0 -3.8211132253229745e-30 264.6875 264.6875 4.0875593883436355e-28 0 0 -2.3114035762610431e-29
d 0 0 -3.8182158720230321e-28 0 0 -3.8216613404570784e-30 265 265 4.0875639486338238e-28 0 0 -2.3113146384169196e-29
d 0 0 -3.8182236411918889e-28 0 0 -3.8222053337340639e-30 265.3125 265.3125 4.0875683670445084e-28 0 0 -2.3112267251527942e-29
d 0 0 -3.8182307228753575e-28 0 0 -3.8227385459733691e-30 265.625 265.625 4.0875723027171973e-28 0 0 -2.3111419438210576e-29
d 0 0 -3.818237179269447e-28 0 0 -3.8232616492940699e-30 265.9375 265.9375 4.0875758001570472e-28 0 0 -2.3110600452093796e-29
d 0 0 -3.8182438902057214e-28 0 0 -3.8237869498996526e-30 266.25 266.25 4.0875794802170169e-28 0 0 -2.3109771810959933e-29
d 0 0 -3.818251451681499e-28 0 0 -3.8243240980406319e-30 266.5625 266.5625 4.0875837624452909e-28 0 0 -2.3108906978468619e-29
d 0 0 -3.8182593361170304e-28 0 0 -3.8248646837107416e-30 266.875 266.875 4.08758827473086e-28 0 0 -2.310802917781214e-29
d 0 0 -3.818267317319946e-28 0 0 -3.8254056154461044e-30 267.1875 267.1875 4.0875928576727209e-28 0 0 -2.3107148419978449e-29
d 0 0 -3.8182753384741433e-28 0 0 -3.825946055779247e-30 267.5 267.5 4.0875974712508415e-28 0 0 -2.3106267222043745e-29
d 0 0 -3.8182833786657639e-28 0 0 -3.8264856988258403e-30 267.8125 267.8125 4.0876021007442051e-28 0 0 -2.3105386509177416e-29
d 0 0 -3.818291428091811e-28 0 0 -3.8270244037733006e-30 268.125 268.125 4.0876067392598735e-28 0 0 -2.3104506713198175e-29
d 0 0 -3.8182994814196801e-28 0 0 -3.8275620963880954e-30 268.4375 268.4375 4.0876113830537457e-28 0 0 -2.3103628067189939e-29
d 0 0 -3.8183075354442421e-28 0 0 -3.8280987341734513e-30 268.75 268.75 4.0876160298797239e-28 0 0 -2.3102750709552733e-29
d 0 0 -3.8183155880968881e-28 0 0 -3.8286342915981551e-30 269.0625 269.0625 4.0876206782915324e-28 0 0 -2.3101874728051175e-29
d 0 0 -3.8183236379695875e-28 0 0 -3.8291687529871763e-30 269.375 269.375 4.087625327307423e-28 0 0 -2.3101000180988714e-29
d 0 0 -3.8183316840637455e-28 0 0 -3.8297021087631851e-30 269.6875 269.6875 4.0876299762332744e-28 0 0 -2.3100127108390224e-29
d 0 0 -3.8183397256477196e-28 0 0 -3.8302343533098971e-30 270 270 4.0876346245622499e-28 0 0 -2.3099255538352047e-29
d 0 0 -3.8184675437637294e-28 0 0 -3.8385998186385819e-30 275 275 4.0877087564312167e-28 0 0 -2.3085521448110194e-29
d 0 0 -3.8185307790892463e-28 0 0 -3.8426790643420622e-30 277.5 277.5 4.087745600540616e-28 0 0 -2.3078803080777418e-29
d 0 0 -3.8185465153426229e-28 0 0 -3.8436884481966772e-30 278.125 278.125 4.0877547867657047e-28 0 0 -2.3077138694111165e-29
d 0 0 -3.8185622225154049e-28 0 0 -3.8446937268168639e-30 278.75 278.75 4.08776396300458e-28 0 0 -2.3075480322100647e-29
d 0 0 -3.8185779006185802e-28 0 0 -3.8456949324615252e-30 279.375 279.375 4.0877731292445796e-28 0 0 -2.3073827930125145e-29
d 0 0 -3.8185935496765643e-28 0 0 -3.8466920969746383e-30 280 280 4.087782285480058e-28 0 0 -2.3072181483374798e-29
d 0 0 -3.8186091697242362e-28 0 0 -3.8476838753330522e-30 280.625 280.625 4.0877914317105621e-28 0 0 -2.3070540946993783e-29
d 0 0 -3.8186169688823671e-28 0 0 -3.8476022358925539e-30 280.9375 280.9375 4.0877960010748642e-28 0 0 -2.3069722884315756e-29
d 0 0 -3.8186247608045402e-28 0 0 -3.8480182387000227e-30 281.25 281.25 4.0878005679393817e-28 0 0 -2.3068906286196371e-29
d 0 0 -3.81864032296649e-28 0 0 -3.8495224795352674e-30 281.875 281.875 4.0878096941723612e-28 0 0 -2.3067277466363045e-29
d 0 0 -3.8186558562634635e-28 0 0 -3.8506409622206655e-30 282.5 282.5 4.0878188104168997e-28 0 0 -2.3065654453121986e-29
d 0 0 -3.8186713607516975e-28 0 0 -3.8516183805164415e-30 283.125 283.125 4.0878279166810623e-28 0 0 -2.3064037212420011e-29
d 0 0 -3.8186868364889165e-28 0 0 -3.8525919373695807e-30 283.75 283.75 4.0878370129727823e-28 0 0 -2.3062425710586205e-29
d 0 0 -3.8187022835330378e-28 0 0 -3.8535616617133293e-30 284.375 284.375 4.0878460992990946e-28 0 0 -2.306081991439057e-29
d 0 0 -3.8187177019409224e-28 0 0 -3.8023044537740346e-30 285 285 4.0878551756653908e-28 0 0 -2.3059219791099915e-29
d 0 0 -3.8187330917671306e-28 0 0 -3.6266796696865436e-30 285.625 285.625 4.0878642420746618e-28 0 0 -2.3057625308532757e-29
d 0 0 -3.8187484530626636e-28 0 0 -3.8564479751935913e-30 286.25 286.25 4.0878732985267275e-28 0 0 -2.3056036435114495e-29
d 0 0 -3.8187637858736614e-28 0 0 -3.8574020753371587e-30 286.875 286.875 4.087882345017414e-28 0 0 -2.3054453139934784e-29
d 0 0 -3.8187790902400408e-28 0 0 -3.858349249815473e-30 287.5 287.5 4.0878913815376938e-28 0 0 -2.3052875392808322e-29
d 0 0 -3.8188400237541316e-28 0 0 -3.8621210634523103e-30 290 290 4.0879274275082703e-28 0 0 -2.3046619310437487e-29
d 0 0 -3.8188551861671908e-28 0 0 -3.8234240880679112e-30 290.625 290.625 4.0879364137982886e-28 0 0 -2.3045068881300406e-29
d 0 0 -3.8188703201497145e-28 0 0 -3.8639830815702619e-30 291.25 291.25 4.0879453898992412e-28 0 0 -2.3043523838732026e-29
d 0 0 -3.8188854256443377e-28 0 0 -3.8649076746646974e-30 291.875 291.875 4.0879543557322311e-28 0 0 -2.3041984160139761e-29
d 0 0 -3.8189005025667458e-28 0 0 -3.8658117613071341e-30 292.5 292.5 4.0879633111993808e-28 0 0 -2.3040449824631333e-29
d 0 0 -3.8189605214900385e-28 0 0 -3.8694849265958483e-30 295 295 4.0879990264957913e-28 0 0 -2.3034365574015125e-29
d 0 0 -3.8189754527617586e-28 0 0 -3.8703889274611296e-30 295.625 295.625 4.088007927591306e-28 0 0 -2.3032857726435626e-29
d 0 0 -3.8189903538290526e-28 0 0 -3.871256744473583e-30 296.25 296.25 4.0880168169395154e-28 0 0 -2.3031355157502304e-29
d 0 0 -3.8190052240287799e-28 0 0 -3.8710571327210813e-30 296.875 296.875 4.0880256940335945e-28 0 0 -2.3029857875559097e-29
d 0 0 -3.8190200624551183e-28 0 0 -3.82095232095577e-30 297.5 297.5 4.0880345581946743e-28 0 0 -2.3028365900060768e-29
d 0 0 -3.8190790627240186e-28 0 0 -3.8765012989181226e-30 300 300 4.0880698594418672e-28 0 0 -2.3022452226051541e-29
d 0 0 -3.8191371906444168e-28 0 0 -3.8801126103743198e-30 302.5 302.5 4.0881046922126623e-28 0 0 -2.3016637546450213e-29
d 0 0 -3.8191514534638512e-28 0 0 -3.876590953084777e-30 303.125 303.125 4.0881132327886182e-28 0 0 -2.3015205130663078e-29
d 0 0 -3.8191655329413621e-28 0 0 -3.827583426324575e-30 303.75 303.75 4.0881216534918049e-28 0 0 -2.3013785262081306e-29
d 0 0 -3.8191906929114974e-28 0 0 -3.8834614667371282e-30 305 305 4.0881366556126229e-28 0 0 -2.3011134803375358e-29
d 0 0 -3.8191933378700715e-28 0 0 -3.8836802419902442e-30 305.15625 305.15625 4.0881406091292384e-28 0 0 -2.3011046883918854e-29
d 0 0 -3.8191969176139867e-28 0 0 -3.8845262313712989e-30 305.3125 305.3125 4.0881988109085577e-28 0 0 -2.3015663098080563e-29
d 0 0 -3.8192341791399708e-28 0 0 -3.9020534696772526e-30 305.625 305.625 4.0896783079380844e-28 0 0 -2.3142359410134049e-29
d 0 0 -3.8192390526544262e-28 0 0 -3.9034416743155573e-30 305.78125 305.78125 4.0897816156692526e-28 0 0 -2.3150814627167031e-29
d 0 0 -3.819239849611392e-28 0 0 -3.903560434354908e-30 305.8203125 305.8203125 4.0897876891400938e-28 0 0 -2.3151223518515235e-29
d 0 0 -3.8192406069190044e-28 0 0 -3.9036568914423397e-30 305.859375 305.859375 4.0897918041238875e-28 0 0 -2.3151462829046001e-29
d 0 0 -3.8192413386032999e-28 0 0 -3.9037386657731314e-30 305.8984375 305.8984375 4.0897946225021328e-28 0 0 -2.3151589724110171e-29
d 0 0 -3.8192420542816267e-28 0 0 -3.9038109539278029e-30 305.9375 305.9375 4.0897966005123323e-28 0 0 -2.3151643669142758e-29
d 0 0 -3.8192448826381645e-28 0 0 -3.9040726232288806e-30 306.09375 306.09375 4.0898020888184687e-28 0 0 -2.3151647994801531e-29
d 0 0 -3.819245593592151e-28 0 0 -3.9041378049591671e-30 306.1328125 306.1328125 4.0898034677945813e-28 0 0 -2.3151649595449049e-29
d 0 0 -3.8192463035465053e-28 0 0 -3.9042016094230141e-30 306.171875 306.171875 4.0898047472685094e-28 0 0 -2.3151642762772093e-29
d 0 0 -3.8192470104958602e-28 0 0 -3.9042629743486332e-30 306.2109375 306.2109375 4.0898058416031428e-28 0 0 -2.3151620136379244e-29
d 0 0 -3.8192477140090482e-28 0 0 -3.9043217917066742e-30 306.25 306.25 4.0898067364989439e-28 0 0 -2.3151580457282851e-29
d 0 0 -3.8192484147765235e-28 0 0 -3.9043785442064526e-30 306.2890625 306.2890625 4.0898074682627103e-28 0 0 -2.3151526804412236e-29
d 0 0 -3.819249113791765e-28 0 0 -3.9044338658060113e-30 306.328125 306.328125 4.0898080864021284e-28 0 0 -2.3151463395230391e-29
d 0 0 -3.819249811888164e-28 0 0 -3.9044882843599981e-30 306.3671875 306.3671875 4.0898086325175371e-28 0 0 -2.3151393778577246e-29
d 0 0 -3.819250509629305e-28 0 0 -3.9045421633305264e-30 306.40625 306.40625 4.0898091353752677e-28 0 0 -2.3151320411265806e-29
d 0 0 -3.8192512073530291e-28 0 0 -3.9045957298043317e-30 306.4453125 306.4453125 4.0898096130128742e-28 0 0 -2.3151244836180195e-29
d 0 0 -3.8192519052447144e-28 0 0 -3.9046491183140483e-30 306.484375 306.484375 4.0898100761660939e-28 0 0 -2.3151167973823902e-29
d 0 0 -3.8192526033966987e-28 0 0 -3.9047024061389975e-30 306.5234375 306.5234375 4.0898105310457838e-28 0 0 -2.3151090358769549e-29
d 0 0 -3.8192533018477581e-28 0 0 -3.9047556367868095e-30 306.5625 306.5625 4.0898109811887431e-28 0 0 -2.3151012297311731e-29
d 0 0 -3.8192540006071081e-28 0 0 -3.9048088343504581e-30 306.6015625 306.6015625 4.0898114285905062e-28 0 0 -2.3150933963989332e-29
d 0 0 -3.8192546996683377e-28 0 0 -3.9048620119251971e-30 306.640625 306.640625 4.0898118743700957e-28 0 0 -2.3150855458250601e-29
d 0 0 -3.8192553990172734e-28 0 0 -3.9049151764363011e-30 306.6796875 306.6796875 4.089812319151732e-28 0 0 -2.3150776837009494e-29
d 0 0 -3.8192560986363199e-28 0 0 -3.90496833137493e-30 306.71875 306.71875 4.0898127632815094e-28 0 0 -2.3150698133143939e-29
d 0 0 -3.8192567985068036e-28 0 0 -3.9050214783386558e-30 306.7578125 306.7578125 4.0898132069496761e-28 0 0 -2.3150619365948542e-29
d 0 0 -3.8192574986102006e-28 0 0 -3.9050746178938245e-30 306.796875 306.796875 4.0898136502594056e-28 0 0 -2.3150540547026658e-29
d 0 0 -3.8192581989287425e-28 0 0 -3.9051277500577226e-30 306.8359375 306.8359375 4.0898140932654151e-28 0 0 -2.3150461683609577e-29
d 0 0 -3.8192588994456899e-28 0 0 -3.9051808745656104e-30 306.875 306.875 4.0898145359956177e-28 0 0 -2.3150382780427244e-29
d 0 0 -3.8192645090674001e-28 0 0 -3.9056055377390606e-30 307.1875 307.1875 4.0898180685089126e-28 0 0 -2.3149750400826141e-29
d 0 0 -3.8192673164232926e-28 0 0 -3.905817619007675e-30 307.34375 307.34375 4.0898198284436606e-28 0 0 -2.3149433583028962e-29
d 0 0 -3.8192701248017594e-28 0 0 -3.9060294976958456e-30 307.5 307.5 4.0898215840801485e-28 0 0 -2.3149116430169322e-29
d 0 0 -3.8192729338432476e-28 0 0 -3.9062411670860354e-30 307.65625 307.65625 4.0898233354303484e-28 0 0 -2.314879899162609e-29
d 0 0 -3.8192757432659212e-28 0 0 -3.9064526183443197e-30 307.8125 307.8125 4.0898250825485704e-28 0 0 -2.3148481309913983e-29
d 0 0 -3.8192813623998499e-28 0 0 -3.9068748422360658e-30 308.125 308.125 4.0898285644326271e-28 0 0 -2.3147845361041401e-29
d 0 0 -3.8192841717813433e-28 0 0 -3.9070853974802626e-30 308.28125 308.28125 4.0898302994060137e-28 0 0 -2.3147527155740221e-29
d 0 0 -3.8192869808670803e-28 0 0 -3.9072961360396663e-30 308.4375 308.4375 4.089832030550921e-28 0 0 -2.3147208832341193e-29
d 0 0 -3.8192925977580148e-28 0 0 -3.9077164831736676e-30 308.75 308.75 4.0898354818217675e-28 0 0 -2.3146571923201664e-29
d 0 0 -3.8192982124302325e-28 0 0 -3.9081358768081678e-30 309.0625 309.0625 4.0898389191705233e-28 0 0 -2.3145934797220923e-29
d 0 0 -3.8193038244165803e-28 0 0 -3.9085543160314443e-30 309.375 309.375 4.0898423434870499e-28 0 0 -2.3145297590996241e-29
d 0 0 -3.8193094333693524e-28 0 0 -3.9089718005706642e-30 309.6875 309.6875 4.0898457556074631e-28 0 0 -2.3144660420133232e-29
d 0 0 -3.8193150390248543e-28 0 0 -3.909388253803856e-30 310 310 4.0898491563079349e-28 0 0 -2.314402338353715e-29
d 0 0 -3.8194041948954371e-28 0 0 -3.9159306323476213e-30 315 315 4.0899024568675942e-28 0 0 -2.3133895564868065e-29
d 0 0 -3.819409731690542e-28 0 0 -3.9163317654563213e-30 315.3125 315.3125 4.0899057378542145e-28 0 0 -2.3133268336749784e-29
d 0 0 -3.8194152642451513e-28 0 0 -3.9167326517112692e-30 315.625 315.625 4.0899090144785779e-28 0 0 -2.313264190563058e-29
d 0 0 -3.8194207925595073e-28 0 0 -3.9171327302004987e-30 315.9375 315.9375 4.0899122869200471e-28 0 0 -2.3132016283067318e-29
d 0 0 -3.8194263166348269e-28 0 0 -3.9175320082133309e-30 316.25 316.25 4.0899155553462549e-28 0 0 -2.3131391479521771e-29
d 0 0 -3.8194318364731258e-28 0 0 -3.917930492695568e-30 316.5625 316.5625 4.0899188199139674e-28 0 0 -2.313076750446026e-29
d 0 0 -3.8194373520770657e-28 0 0 -3.9183281902843571e-30 316.875 316.875 4.089922080769873e-28 0 0 -2.3130144366442613e-29
d 0 0 -3.81944286344983e-28 0 0 -3.9187251073323391e-30 317.1875 317.1875 4.0899253380512971e-28 0 0 -2.312952207320175e-29
d 0 0 -3.8194483705950144e-28 0 0 -3.9191212499209987e-30 317.5 317.5 4.0899285918868651e-28 0 0 -2.3128900631715023e-29
d 0 0 -3.8194538735165409e-28 0 0 -3.9195166238677214e-30 317.8125 317.8125 4.0899318423971111e-28 0 0 -2.3128280048268201e-29
d 0 0 -3.8194593722185833e-28 0 0 -3.9199112347293345e-30 318.125 318.125 4.0899350896950321e-28 0 0 -2.3127660328513002e-29
d 0 0 -3.8194648667055056e-28 0 0 -3.9203050878046786e-30 318.4375 318.4375 4.0899383338866058e-28 0 0 -2.3127041477518833e-29
d 0 0 -3.8194703569818129e-28 0 0 -3.9206981881396466e-30 318.75 318.75 4.0899415750712665e-28 0 0 -2.3126423499819414e-29
d 0 0 -3.8194758430521111e-28 0 0 -3.921090540537114e-30 319.0625 319.0625 4.0899448133423438e-28 0 0 -2.3125806399454847e-29
d 0 0 -3.8194813249210734e-28 0 0 -3.9214821495733986e-30 319.375 319.375 4.0899480487874717e-28 0 0 -2.3125190180009612e-29
d 0 0 -3.8194868025934158e-28 0 0 -3.921873019622147e-30 319.6875 319.6875 4.0899512814889657e-28 0 0 -2.3124574844647037e-29
d 0 0 -3.8194922760738728e-28 0 0 -3.9222631548841871e-30 320 320 4.0899545115241703e-28 0 0 -2.3123960396140577e-29
d 0 0 -3.8194977453671836e-28 0 0 -3.9226525594209289e-30 320.3125 320.3125 4.089957738965788e-28 0 0 -2.3123346836902348e-29
d 0 0 -3.8195032104780745e-28 0 0 -3.9230412371899343e-30 320.625 320.625 4.0899609638821762e-28 0 0 -2.3122734169009224e-29
d 0 0 -3.8195086714112485e-28 0 0 -3.923429192077242e-30 320.9375 320.9375 4.0899641863376287e-28 0 0 -2.3122122394226838e-29
d 0 0 -3.8195141281713719e-28 0 0 -3.9238164279054613e-30 321.25 321.25 4.0899674063926332e-28 0 0 -2.3121511514031764e-29
d 0 0 -3.8195195807630632e-28 0 0 -3.9242029485367542e-30 321.5625 321.5625 4.0899706241041106e-28 0 0 -2.3120901529632071e-29
d 0 0 -3.8195250291908833e-28 0 0 -3.9245887577554056e-30 321.875 321.875 4.0899738395256358e-28 0 0 -2.3120292441986568e-29
d 0 0 -3.8195304734593183e-28 0 0 -3.9249738593642202e-30 322.1875 322.1875 4.0899770527076457e-28 0 0 -2.3119684251822795e-29
d 0 0 -3.8195359135727697e-28 0 0 -3.9253582571577923e-30 322.5 322.5 4.0899802636976231e-28 0 0 -2.311907695965403e-29
d 0 0 -3.8195413495355351e-28 0 0 -3.9257419549094795e-30 322.8125 322.8125 4.0899834725402776e-28 0 0 -2.3118470565795355e-29
d 0 0 -3.8195467813517933e-28 0 0 -3.9261249563148534e-30 323.125 323.125 4.0899866792776993e-28 0 0 -2.3117865070378965e-29
d 0 0 -3.8195522090255819e-28 0 0 -3.9265072647384182e-30 323.4375 323.4375 4.0899898839495129e-28 0 0 -2.3117260473368723e-29
d 0 0 -3.8195576325607751e-28 0 0 -3.9268888822630998e-30 323.75 323.75 4.0899930865930086e-28 0 0 -2.3116656774574147e-29
d 0 0 -3.8195630519610604e-28 0 0 -3.9272698072391797e-30 324.0625 324.0625 4.0899962872432714e-28 0 0 -2.3116053973663787e-29
d 0 0 -3.8195684672299106e-28 0 0 -3.9276500295987654e-30 324.375 324.375 4.0899994859332876e-28 0 0 -2.3115452070178141e-29
d 0 0 -3.8195792853859319e-28 0 0 -3.928408263796932e-30 325 325 4.090005877554672e-28 0 0 -2.3114250953077105e-29
d 0 0 -3.8196223932280108e-28 0 0 -3.9314155479482908e-30 327.5 327.5 4.0900313709584565e-28 0 0 -2.3109482225096301e-29
d 0 0 -3.819665237139283e-28 0 0 -3.9343814204734504e-30 330 330 4.0900567542497725e-28 0 0 -2.3104770290575522e-29
d 0 0 -3.8197078126453976e-28 0 0 -3.9373070793004506e-30 332.5 332.5 4.0900820311484682e-28 0 0 -2.3100114771006622e-29
d 0 0 -3.8197501010418272e-28 0 0 -3.940193168140821e-30 335 335 4.0901071943209077e-28 0 0 -2.3095516262414031e-29
d 0 0 -3.8198331845157365e-28 0 0 -3.9458268969650354e-30 340 340 4.0901567808430142e-28 0 0 -2.3086532413282904e-29
d 0 0 -3.8199230994996538e-28 0 0 -3.9584581033049605e-30 345 345 4.0916217977561483e-28 0 0 -2.3211411722344451e-29
d 0 0 -3.8199886149882742e-28 0 0 -3.9634218724138642e-30 350 350 4.0916773821521021e-28 0 0 -2.3205454843968908e-29
d 0 0 -3.8200546052637129e-28 0 0 -3.9685858384743449e-30 355 355 4.0919277246363043e-28 0 0 -2.3218726098784834e-29
d 0 0 -3.8201243597544472e-28 0 0 -3.9749368251727431e-30 360 360 4.0928362380952453e-28 0 0 -2.329625100890703e-29
d 0 0 -3.8201903188028721e-28 0 0 -3.9802939550560542e-30 365 365 4.0932188138755965e-28 0 0 -2.3322555552216513e-29
d 0 0 -3.8202540959730562e-28 0 0 -3.9850618670880592e-30 370 370 4.0934404713852695e-28 0 0 -2.3333575674133795e-29
d 0 0 -3.8203175669479792e-28 0 0 -3.9897772431190383e-30 375 375 4.0938016538539805e-28 0 0 -2.335863144748105e-29
d 0 0 -3.8203804193488426e-28 0 0 -3.9944035097659618e-30 380 380 4.0940762621750201e-28 0 0 -2.3375180772851778e-29
d 0 0 -3.8204420899023791e-28 0 0 -3.9987793057249794e-30 385 385 4.0941669405167821e-28 0 0 -2.3373705755715345e-29
d 0 0 -3.8205031191467283e-28 0 0 -4.003044900287461e-30 390 390 4.0942181300951714e-28 0 0 -2.336845619455685e-29
d 0 0 -3.8205635896334037e-28 0 0 -4.0072173554453191e-30 395 395 4.0942616005885083e-28 0 0 -2.3362583742238286e-29
d 0 0 -3.8206235521451752e-28 0 0 -4.0113093245187981e-30 400 400 4.0943078665487529e-28 0 0 -2.3357122115910079e-29
d 0 0 -3.8206830324559922e-28 0 0 -4.0153275819185727e-30 405 405 4.0943588364399588e-28 0 0 -2.3352252826738387e-29
d 0 0 -3.8207419823438236e-28 0 0 -4.0192615242288909e-30 410 410 4.0943954503706517e-28 0 0 -2.33460852910315e-29
d 0 0 -3.8208004682719063e-28 0 0 -4.0231265398783557e-30 415 415 4.0944337379407826e-28 0 0 -2.3340200427353933e-29
d 0 0 -3.8208584964108707e-28 0 0 -4.0269242197250812e-30 420 420 4.0944716395088753e-28 0 0 -2.3334390090076696e-29
d 0 0 -3.8209160780936287e-28 0 0 -4.0306572161819784e-30 425 425 4.0945089639257901e-28 0 0 -2.3328631367034188e-29
d 0 0 -3.8209732248590244e-28 0 0 -4.0343282478917017e-30 430 430 4.0945458022937292e-28 0 0 -2.3322929495578865e-29
d 0 0 -3.8210299476234616e-28 0 0 -4.0379399394567368e-30 435 435 4.0945822564230977e-28 0 0 -2.3317290940506957e-29
d 0 0 -3.8210862565242894e-28 0 0 -4.0414946613229303e-30 440 440 4.0946183999019099e-28 0 0 -2.3311719676439221e-29
d 0 0 -3.82114216099694e-28 0 0 -4.0449951609798131e-30 445 445 4.0946542826025289e-28 0 0 -2.3306216999579124e-29
d 0 0 -3.8211976696855238e-28 0 0 -4.0484447776327849e-30 450 450 4.0946899390408417e-28 0 0 -2.3300782157898963e-29
d 0 0 -3.8212527902615577e-28 0 0 -4.0518480970228578e-30 455 455 4.0947253943688462e-28 0 0 -2.3295412313706048e-29
d 0 0 -3.8213075291331265e-28 0 0 -4.0552118220395267e-30 460 460 4.0947606682775178e-28 0 0 -2.3290102092399588e-29
d 0 0 -3.8213618911972879e-28 0 0 -4.058545462916726e-30 465 465 4.0947957774781131e-28 0 0 -2.3284843165165752e-29
d 0 0 -3.8214158800223828e-28 0 0 -4.0618608684914399e-30 470 470 4.094830736944495e-28 0 0 -2.3279624823719884e-29
d 0 0 -3.8214694989008995e-28 0 0 -4.0651695278468493e-30 475 475 4.0948655598068562e-28 0 0 -2.3274436562748791e-29
d 0 0 -3.8215227531184975e-28 0 0 -4.0684768680329192e-30 480 480 4.0949002561409532e-28 0 0 -2.32692734342126e-29
d 0 0 -3.8215756507283391e-28 0 0 -4.0717804591934294e-30 485 485 4.0949348322847159e-28 0 0 -2.3264137696444267e-29
d 0 0 -3.8216282016225306e-28 0 0 -4.0750724880228045e-30 490 490 4.0949692917028079e-28 0 0 -2.3259036520004878e-29
d 0 0 -3.8216804163421153e-28 0 0 -4.0783427746725105e-30 495 495 4.0950036368728577e-28 0 0 -2.3253979278401745e-29
d 0 0 -3.8217323044570387e-28 0 0 -4.0815910998119858e-30 500 500 4.095037871204866e-28 0 0 -2.3248973923491719e-29
d 0 0 -3.8217838739476504e-28 0 0 -4.0847869203686548e-30 505 505 4.0950720001288326e-28 0 0 -2.3244025697749569e-29
d 0 0 -3.8218351313425874e-28 0 0 -4.0879525367856412e-30 510 510 4.0951060315818538e-28 0 0 -2.3239137487141029e-29
d 0 0 -3.8218860821505844e-28 0 0 -4.0910787020002871e-30 515 515 4.0951399763680814e-28 0 0 -2.3234310719749368e-29
d 0 0 -3.8219367312881874e-28 0 0 -4.094165557434619e-30 520 520 4.0951738486699787e-28 0 0 -2.3229546180744566e-29
d 0 0 -3.8219870833972687e-28 0 0 -4.0972137554807358e-30 525 525 4.0952076667876822e-28 0 0 -2.3224844583560625e-29
d 0 0 -3.8220371430452088e-28 0 0 -4.1002241652145143e-30 530 530 4.0952414541041172e-28 0 0 -2.3220206940676347e-29
d 0 0 -3.8220869148354731e-28 0 0 -4.1031977279517703e-30 535 535 4.0952752402709566e-28 0 0 -2.321563481559655e-29
d 0 0 -3.8221364034620587e-28 0 0 -4.1061353960781547e-30 540 540 4.0953090626282099e-28 0 0 -2.3211130520536964e-29
d 0 0 -3.8221856137351491e-28 0 0 -4.1090381155541248e-30 545 545 4.0953429678838877e-28 0 0 -2.3206697299319764e-29
d 0 0 -3.8222345505965923e-28 0 0 -4.1119068304093455e-30 550 550 4.095377014086572e-28 0 0 -2.3202339518588564e-29
d 0 0 -3.8222832191413328e-28 0 0 -4.1147424712495404e-30 555 555 4.0954112729283774e-28 0 0 -2.3198062907454919e-29
d 0 0 -3.8223316246353945e-28 0 0 -4.1175459960255383e-30 560 560 4.0954458324086862e-28 0 0 -2.3193874781303616e-29
d 0 0 -3.8223797725505624e-28 0 0 -4.1203183945451786e-30 565 565 4.0954807999022358e-28 0 0 -2.3189784340622176e-29
d 0 0 -3.822427668606544e-28 0 0 -4.1230573137420859e-30 570 570 4.095516305666024e-28 0 0 -2.3185803001091898e-29
d 0 0 -3.8224753188232699e-28 0 0 -4.1257689964109577e-30 575 575 4.095552506347417e-28 0 0 -2.3181944769538153e-29
d 0 0 -3.8225227295836283e-28 0 0 -4.1284524830594837e-30 580 580 4.0955895903494133e-28 0 0 -2.3178226669527695e-29
d 0 0 -3.8225699077071082e-28 0 0 -4.1311182680832068e-30 585 585 4.0956277825924185e-28 0 0 -2.3174669220447791e-29
d 0 0 -3.8226168605350455e-28 0 0 -4.133751999481949e-30 590 590 4.095667350268991e-28 0 0 -2.3171296973912611e-29
d 0 0 -3.8226635960284714e-28 0 0 -4.1363458185449115e-30 595 595 4.0957086090575897e-28 0 0 -2.316813911141082e-29
d 0 0 -3.8227101228799297e-28 0 0 -4.1389505828337482e-30 600 600 4.095751929779692e-28 0 0 -2.3165230107142488e-29
d 0 0 -3.822756450641057e-28 0 0 -4.1415191125400059e-30 605 605 4.0957977463665676e-28 0 0 -2.3162610460011017e-29
d 0 0 -3.8228025898683102e-28 0 0 -4.1440699483903806e-30 610 610 4.0958465643398626e-28 0 0 -2.3160327498764811e-29
d 0 0 -3.8228485522899838e-28 0 0 -4.1466055165429673e-30 615 615 4.0958989700981956e-28 0 0 -2.3158436264278159e-29
d 0 0 -3.8228943509987582e-28 0 0 -4.1491285320600166e-30 620 620 4.0959556410489503e-28 0 0 -2.315700047295913e-29
d 0 0 -3.8229400006755303e-28 0 0 -4.1516420294700314e-30 625 625 4.0960173566228017e-28 0 0 -2.3156093565257125e-29
d 0 0 -3.8229855178524705e-28 0 0 -4.154149392152394e-30 630 630 4.0960850102060846e-28 0 0 -2.3155799843209016e-29
d 0 0 -3.8230309212264061e-28 0 0 -4.1566543787374454e-30 635 635 4.0961596220227494e-28 0 0 -2.3156215700896848e-29
d 0 0 -3.8230762320381339e-28 0 0 -4.1591611438788055e-30 640 640 4.0962423529926472e-28 0 0 -2.3157450951572521e-29
d 0 0 -3.8231214745396758e-28 0 0 -4.1616742503387632e-30 645 645 4.0963345195932771e-28 0 0 -2.3159630255021037e-29
d 0 0 -3.8231666765802168e-28 0 0 -4.1641986639271369e-30 650 650 4.0964376097046376e-28 0 0 -2.3162894648513563e-29
d 0 0 -3.8232118703521288e-28 0 0 -4.1667397281634069e-30 655 655 4.0965532994799483e-28 0 0 -2.3167403184612616e-29
d 0 0 -3.8232570933483082e-28 0 0 -4.169303108284871e-30 660 660 4.0966834712293037e-28 0 0 -2.3173334679788169e-29
d 0 0 -3.8233023895796546e-28 0 0 -4.1718946959210152e-30 665 665 4.0968302323519434e-28 0 0 -2.3180889581170104e-29
d 0 0 -3.8233478110534826e-28 0 0 -4.174520479307495e-30 670 670 4.0969959355531774e-28 0 0 -2.3190291969847381e-29
d 0 0 -3.8233934193348972e-28 0 0 -4.1771864187814101e-30 675 675 4.0971832010736935e-28 0 0 -2.32017917496674e-29
d 0 0 -3.8234392865341255e-28 0 0 -4.1798984533480089e-30 680 680 4.097394942872526e-28 0 0 -2.3215667141279288e-29
d 0 0 -3.8234854941307939e-28 0 0 -4.1826628650080667e-30 685 685 4.0976344028192739e-28 0 0 -2.3232227722289602e-29
d 0 0 -3.8235321272255597e-28 0 0 -4.1854870207864901e-30 690 690 4.0979051982540084e-28 0 0 -2.3251818323786059e-29
d 0 0 -3.8235792636431727e-28 0 0 -4.1883799327014226e-30 695 695 4.098211382642622e-28 0 0 -2.3274823757557659e-29
d 0 0 -3.8236269633751126e-28 0 0 -4.191354653906069e-30 700 700 4.0985575046345243e-28 0 0 -2.3301673512338264e-29
d 0 0 -3.8236752652844063e-28 0 0 -4.1944413423999103e-30 705 705 4.0989486507981706e-28 0 0 -2.3332845572933648e-29
d 0 0 -3.8237241910081889e-28 0 0 -4.1977246808072434e-30 710 710 4.099390475646043e-28 0 0 -2.3368869612242338e-29
d 0 0 -3.8237737610363597e-28 0 0 -4.2012113820413894e-30 715 715 4.0998892088581642e-28 0 0 -2.3410329094880609e-29
d 0 0 -3.823824021547583e-28 0 0 -4.2048633962412105e-30 720 720 4.1004516474131541e-28 0 0 -2.3457862845482435e-29
d 0 0 -3.8238750495585512e-28 0 0 -4.2087422154513394e-30 725 725 4.1010852091702622e-28 0 0 -2.3512170355200232e-29
d 0 0 -3.823926931780907e-28 0 0 -4.2126957988772672e-30 730 730 4.1017980501466394e-28 0 0 -2.3574020827223029e-29
d 0 0 -3.8239797613146137e-28 0 0 -4.2170064503448149e-30 735 735 4.1025991449267832e-28 0 0 -2.3644260418453097e-29
d 0 0 -3.824033657893245e-28 0 0 -4.2222429457122681e-30 740 740 4.1034983273877012e-28 0 0 -2.3723817700101561e-29
d 0 0 -3.8240887661897208e-28 0 0 -4.2280496970224034e-30 745 745 4.104506391350588e-28 0 0 -2.3813712819064296e-29
d 0 0 -3.8241452328196118e-28 0 0 -4.2339311743172085e-30 750 750 4.1056352430433197e-28 0 0 -2.3915069848053598e-29
d 0 0 -3.8242032098836058e-28 0 0 -4.2403527597351589e-30 755 755 4.1068980114827114e-28 0 0 -2.4029127400175504e-29
d 0 0 -3.8242628814105012e-28 0 0 -4.2469504352269034e-30 760 760 4.1083091360996553e-28 0 0 -2.4157248815363274e-29
d 0 0 -3.8243244614597316e-28 0 0 -4.2547115147266347e-30 765 765 4.1098845315213928e-28 0 0 -2.4300937286192223e-29
d 0 0 -3.8243881701673775e-28 0 0 -4.2627763559536812e-30 770 770 4.1116418120577644e-28 0 0 -2.4461854982946178e-29
d 0 0 -3.8244542407051525e-28 0 0 -4.2727828222638336e-30 775 775 4.1136004874999446e-28 0 0 -2.4641841857215324e-29
d 0 0 -3.8245229503708874e-28 0 0 -4.2825961894282432e-30 780 780 4.1157821585165645e-28 0 0 -2.4842936043021623e-29
d 0 0 -3.8245946196443817e-28 0 0 -4.2942180231966053e-30 785 785 4.1182108114080754e-28 0 0 -2.5067401153172802e-29
d 0 0 -3.8246695872127117e-28 0 0 -4.3066011370931314e-30 790 790 4.1209131974355814e-28 0 0 -2.5317759885193975e-29
d 0 0 -3.8247482193529563e-28 0 0 -4.3202692784044728e-30 795 795 4.1239192195177321e-28 0 0 -2.5596830738073156e-29
d 0 0 -3.8248309476251299e-28 0 0 -4.3353709316593038e-30 800 800 4.127262362622112e-28 0 0 -2.5907770568038917e-29
d 0 0 -3.8249182728962118e-28 0 0 -4.3520713239822631e-30 805 805 4.1309802743478907e-28 0 0 -2.625412882118559e-29
d 0 0 -3.8250107411546033e-28 0 0 -4.3705614203674144e-30 810 810 4.1351154993191493e-28 0 0 -2.6639914396087174e-29
d 0 0 -3.8251089557411484e-28 0 0 -4.3910615814022824e-30 815 815 4.1397163157361138e-28 0 0 -2.7069674418094263e-29
d 0 0 -3.825213625534575e-28 0 0 -4.4138206341349149e-30 820 820 4.1448377316113943e-28 0 0 -2.7548589973546955e-29
d 0 0 -3.8253255807655452e-28 0 0 -4.4391222740025175e-30 825 825 4.1505427765721457e-28 0 0 -2.8082597306657438e-29
d 0 0 -3.8254457543598844e-28 0 0 -4.4672992284764738e-30 830 830 4.1569041487768848e-28 0 0 -2.8678540213223366e-29
d 0 0 -3.825575199309164e-28 0 0 -4.4987441720694106e-30 835 835 4.1640062420243335e-28 0 0 -2.9344360099447122e-29
d 0 0 -3.825715152233484e-28 0 0 -4.5339170818665177e-30 840 840 4.1719476981915341e-28 0 0 -3.0089337513936701e-29
d 0 0 -3.8258670756468138e-28 0 0 -4.5733612765318099e-30 845 845 4.1808447391736083e-28 0 0 -3.0924405076127534e-29
d 0 0 -3.8260326811301294e-28 0 0 -4.6177292631807706e-30 850 850 4.1908355297783312e-28 0 0 -3.1862555601413024e-29
d 0 0 -3.8262140166187841e-28 0 0 -4.6678080435860966e-30 855 855 4.2020859001210976e-28 0 0 -3.291938030604374e-29
d 0 0 -3.8264136297971618e-28 0 0 -4.7245464274582844e-30 860 860 4.214797010065802e-28 0 0 -3.4113791599168013e-29
d 0 0 -3.8266347434310661e-28 0 0 -4.789099934013384e-30 865 865 4.2292158350362486e-28 0 0 -3.5469009226483661e-29
d 0 0 -3.8268814377363081e-28 0 0 -4.8629020233649817e-30 870 870 4.2456497151460167e-28 0 0 -3.7013925717605063e-29
d 0 0 -3.827158897872415e-28 0 0 -4.9477656431196197e-30 875 875 4.2644868730255731e-28 0 0 -3.8785031872196173e-29
d 0 0 -3.8274737886151155e-28 0 0 -5.0460265336966337e-30 880 880 4.2862259648481649e-28 0 0 -4.0829191089608301e-29
d 0 0 -3.8278348259648544e-28 0 0 -5.1607517390791439e-30 885 885 4.3115196872994534e-28 0 0 -4.3207734394380841e-29
d 0 0 -3.8282536554359034e-28 0 0 -5.2960537690371522e-30 890 890 4.3412409047005765e-28 0 0 -4.6002671157430134e-29
d 0 0 -3.8287462302295441e-28 0 0 -5.4575805135365082e-30 895 895 4.3765860816639434e-28 0 0 -4.9326404629903402e-29
d 0 0 -3.829335043735472e-28 0 0 -5.65330757310559e-30 900 900 4.4192429469232227e-28 0 0 -5.3337482745669452e-29
d 0 0 -3.8300528941815505e-28 0 0 -5.8948735266517178e-30 905 905 4.4716738293861747e-28 0 0 -5.8267219993810667e-29
d 0 0 -3.8309495468944122e-28 0 0 -6.1999411507917858e-30 910 910 4.5376185576110278e-28 0 0 -6.4466959920869719e-29
d 0 0 -3.8321042253449017e-28 0 0 -6.596619441663744e-30 915 915 4.6230408096399159e-28 0 0 -7.2497038987837701e-29
d 0 0 -3.8336507230140905e-28 0 0 -7.1323406084554661e-30 920 920 4.7380387038163337e-28 0 0 -8.3306457471768862e-29
d 0 0 -3.835832409647458e-28 0 0 -7.8932749834039196e-30 925 925 4.9010469986448312e-28 0 0 -9.8628183916333431e-29
d 0 0 -3.8391365977680503e-28 0 0 -9.0517099009466088e-30 930 930 5.1491247527862434e-28 0 0 -1.2194710560087287e-28
d 0 0 -3.844675855707419e-28 0 0 -1.1000554507380465e-29 935 935 5.5670881858605564e-28 0 0 -1.6124067850794454e-28
d 0 0 -3.8555648781473463e-28 0 0 -1.4839691092111542e-29 940 940 6.3921044159359289e-28 0 0 -2.3881426268674664e-28
d 0 0 -3.8848594209949573e-28 0 0 -2.5179334234397585e-29 945 945 8.6154245324222576e-28 0 0 -4.4787717690833239e-28
d 0 0 -4.1652036919793449e-28 0 0 -1.2390344704643602e-28 950 950 2.9840767352515121e-27 0 0 -2.4436529190071417e-27
d 0 0 -4.5623764609454105e-28 0 0 -2.6323778109368123e-28 950.625 950.625 5.9777904870611105e-27 0 0 -5.2583150598728835e-27
d 0 0 -5.5423077211986826e-28 0 0 -6.058251585492168e-28 950.9375 950.9375 1.3330504202871537e-26 0 0 -1.2170448272202452e-26
d 0 0 -1.8045174341606981e-26 0 0 -6.1378066610649537e-26 951.25 951.25 1.3138281015664452e-24 0 0 -1.2344048606141887e-24
d 0 0 -1.0452366632969792e-25 0 0 -3.6170234759475639e-25 951.2890625 951.2890625 7.735972492887987e-24 0 0 -7.2697464789635319e-24
d 0 0 -6.5403560452617667e-25 0 0 -2.2694107173499916e-24 951.328125 951.328125 4.8505646083587831e-23 0 0 -4.5582199761711663e-23
d 0 0 -2.6166631200449967e-23 0 0 -9.0783371042147361e-23 951.40625 951.40625 1.9379592563867172e-21 0 0 -1.8210092541441199e-21
d 0 0 -1.4111908835257419e-21 0 0 -4.8924484494938339e-21 951.484375 951.484375 1.0429831643550795e-19 0 0 -9.7994677102488374e-20
d 0 0 -1.084500341118369e-20 0 0 -3.7583951359944284e-20 951.5234375 951.5234375 8.0065977330478714e-19 0 0 -7.5223081853365907e-19
d 0 0 -2.2731229555129706e-20 0 0 -7.876511017802988e-20 951.533203125 951.533203125 1.6775197574398147e-18 0 0 -1.5760234177066552e-18
d 0 0 -2.7880823252547776e-20 0 0 -9.6604941606238656e-20 951.534423828125 951.534423828125 2.0573218542386036e-18 0 0 -1.9328360893798172e-18
d 0 0 -3.1691388522014984e-20 0 0 -1.0980552102954525e-19 951.53472900390625 951.53472900390625 2.3383403405891649e-18 0 0 -2.1968434310376045e-18
Q 2 13 "Source Voltage"
Q 3 13 "Gate Voltage"
Q 4 13 "Drain Voltage"
Q 5 13 "Substrate Voltage"
Q 20 13 "Source Current"
Q 21 13 "Gate Current"
Q 22 13 "Drain Current"
Q 23 13 "Substrate Current"
Q 92 21 Contact
Q 601 13 "Source Int. Voltage"
Q 602 13 "Gate Int. Voltage"
Q 603 13 "Drain Int. Voltage"
Q 604 13 "Substrate Int. Voltage"
EOF 1036575888
